doc_id,entity_id,source,file,llm_name,llm_inn,llm_kpp,edo_shortname,edo_inn,edo_kpp,inn_status,kpp_status,name_status
1,d089593d-a1c8-44bb-8487-c9ff12f0c275,tables,d089593d-a1c8-44bb-8487-c9ff12f0c275.23_Счет на оплату № 1 от 31 января 2028 г.pdf,"ООО ""ГРАНД ВЭЙ""",2635219430,263401001,"ООО ""ГРАНД ВЭЙ""",2635219430,263501001,match,mismatch,match
6,766f8e0a-a3ed-41c6-895a-98473ebdeeb6,tables,766f8e0a-a3ed-41c6-895a-98473ebdeeb6.28_Счет на оплату № 6 от 30 июня 2028 г.pdf,"ООО ""ГРАНД ВЭЙ""",2635219430,263401001,"ООО ""ГРАНД ВЭЙ""",2635219430,263501001,match,mismatch,match
18,faef1bd6-78c0-407c-b4e4-ad7abe703b72,tables,faef1bd6-78c0-407c-b4e4-ad7abe703b72.ЭМ_51-51 Билайн_офисы. ОП Барнаул. Февраль 2026 - Акт.pdf,"ООО ""ЭКОМАКС""",,,"ООО ""ЭМ""",5404083146,540401001,llm_missing,llm_missing,mismatch
25,285907ba-7975-4f7f-be18-8d18089c7e68,tables,285907ba-7975-4f7f-be18-8d18089c7e68.ЗАК342-Д24442_ВК-ЛКСП-24_65_TV_26151292 Счет № 260609-003 от 09.06.2026.pdf,"Общество с ограниченной ответственностью ""Лайон Коммьюникейшнз""",7722000000,,"ООО ""ЛАЙОН КОММЬЮНИКЕЙШНЗ""",7743068844,771401001,mismatch,llm_missing,match
28,bed2191c-fe58-47e6-9299-bd7fd0b5b8f0,tables,bed2191c-fe58-47e6-9299-bd7fd0b5b8f0.КС-2 №230 от 13.03.2026.pdf,"ООО ""ФОРТ-КОНТРОЛЬ""",7726059094,772601001,"ООО ""ФОРТ-КОНТРОЛЬ""",5040125816,504001001,mismatch,mismatch,match
36,83c7997f-9799-4726-9687-09ef8054fe72,tables,83c7997f-9799-4726-9687-09ef8054fe72.Авансовый счет от 01.06.2026 по договору 090106.pdf,Акционерное общество «Читаэнергосбыт»,7536066430,753601001,"АО ""Читаэнергосбыт""",7536066430,775050001,match,mismatch,match
38,09db4bc8-b5a6-4d21-8413-eb1e79158f02,tables,09db4bc8-b5a6-4d21-8413-eb1e79158f02.Вымпелком_счёт_420369.pdf,"ОАО ""РЖД""",7708503727,997650001,Центральная станция связи ОАО «РЖД»,7708503727,771843001,match,mismatch,mismatch
47,b94def2e-3e74-470c-86c4-504a9526aa1b,tables,b94def2e-3e74-470c-86c4-504a9526aa1b.Акт об оказании услуг № 96 от 22 апреля 2026 г.pdf,ИП Лысов А. С.,370259634920,,Лысов Александр Сергеевич,370259634920,,match,both_missing,mismatch
51,e753b140-7d52-49c6-8c86-823d543c45c3,tables,e753b140-7d52-49c6-8c86-823d543c45c3.ЭМ_52-52 Билайн_офисы. ОП Кемерово. Февраль 2026 - Акт.pdf,"ООО ""ЭКОМАКС""",,,"ООО ""ЭМ""",5404083146,540401001,llm_missing,llm_missing,mismatch
52,461b1ccb-fafd-4c4a-8e8f-85cdc1121ada,tables,461b1ccb-fafd-4c4a-8e8f-85cdc1121ada.КС-2 №526 от 15.05.2026.pdf,"ООО ""ФОРТ-КОНТРОЛЬ""",7722059000,772201001,"ООО ""ФОРТ-КОНТРОЛЬ""",5040125816,504001001,mismatch,mismatch,match
53,befc8b02-3a52-4815-a036-c16f3bae9fae,tables,befc8b02-3a52-4815-a036-c16f3bae9fae.2976_(2).pdf,"ООО ""ПРАЙМ ГРУП""",7713076301,997750001,"ООО ""ПРАЙМ ГРУП""",5405385728,540701001,mismatch,mismatch,match
61,f0e3cba6-5fd9-4e34-8d13-568773a611e0,tables,"f0e3cba6-5fd9-4e34-8d13-568773a611e0.БС 20676 АКТ №  демонтажа, экспертизы и возврата оборудования и материалов.pdf","ЗАО ""ГК ""ЛогЛаб""",,,"ООО ""ПАРИТЕТ""",5029254550,504401001,llm_missing,llm_missing,mismatch
67,960f667a-0a69-46a8-93f1-8d52cb241ac4,tables,960f667a-0a69-46a8-93f1-8d52cb241ac4.Акт сверки без видов задолж-ти (Основное потребление)_7713076301_202603.pdf,"Акционерное Общество ""Дальневосточная генерирующая компания"", АО ""ДГК""",1434031363,143401001,"АО ""ДГК""",1434031363,272101001,match,mismatch,match
87,94a39eb4-0cac-4a9c-82ee-b73dfa1b5a62,tables,94a39eb4-0cac-4a9c-82ee-b73dfa1b5a62.SF9100191004.pdf,УРАЛЬСКИЙ БАНК,,,"Уральский филиал ПАО ""МегаФон"".",7812014560,667003001,llm_missing,llm_missing,mismatch
88,9002323c-9d9d-4c54-bb73-56dd6205e72e,tables,9002323c-9d9d-4c54-bb73-56dd6205e72e.Счет № 907475 - 1 от 31.12.2025.pdf,"Публичное акционерное общество ""Мобильные ТелеСистемы""",7740000076,997750001,"ПАО ""МТС""",7740000076,997750001,match,match,mismatch
91,835d8c46-e6e3-4cf1-8e51-fa0f5a93e1f2,tables,835d8c46-e6e3-4cf1-8e51-fa0f5a93e1f2.Счет № 908495 - 1 от 31.12.2025.pdf,"Публичное акционерное общество ""Мобильные ТелеСистемы""",7740000076,997750001,"ПАО ""МТС""",7740000076,997750001,match,match,mismatch
92,56b64a7e-80f2-4fe8-8989-1eaf0946a028,tables,56b64a7e-80f2-4fe8-8989-1eaf0946a028.900700895697_CDTP_2_30.04.2026.pdf,ПАО «Ростелеком»,7707049388,434543001,"Нижегородский филиал ПАО ""Ростелеком"" (Волга)",7707049388,526043002,match,mismatch,match
95,e541e3ed-1e9c-4d44-8158-7ad942cb7b83,tables,e541e3ed-1e9c-4d44-8158-7ad942cb7b83.Счет на оплату № 489 от 23 апреля 2026 г.PDF,"ООО ""Индустрия XXI""",7719652350,772901001,"ООО ""ИНДУСТРИЯ ХХI""",7719652350,772901001,match,match,mismatch
96,bf21718d-77f0-40e0-a68c-3ecdb90388ec,tables,bf21718d-77f0-40e0-a68c-3ecdb90388ec.Счет_9e6bf96c-16b7-48c5-b6b2-2bfe00b7608a.pdf,"ООО ""КОМУС""",7721793895,781145001,"ООО ""КОМУС""",7721793895,997350001,match,mismatch,match
99,b77351c4-f55f-4b62-9e3d-400732866348,tables,b77351c4-f55f-4b62-9e3d-400732866348.Счет_42d51db1-66b4-4a95-8176-d45a19b07052.pdf,"ООО ""КОМУС""",7721793895,541045001,"ООО ""КОМУС""",7721793895,997350001,match,mismatch,match
102,d6074f95-3dbf-4234-8c8e-d9a4a12e0d85,tables,d6074f95-3dbf-4234-8c8e-d9a4a12e0d85.Акт об оказании услуг № 8 от 31 января 2026 г.pdf,ТОБОЛЬСКАЯ АШ ДОСААФ РОССИИ ПОУ ТЮМЕНСКОЙ ОБЛАСТИ,7206005911,,"ПОУ ""ТОБОЛЬСКАЯ АВТОМОБИЛЬНАЯ ШКОЛА ДОСААФ РОССИИ""",7206005911,720601001,match,llm_missing,mismatch
107,b3f7b694-ab7e-4d15-8290-6d143d9ed0a9,tables,b3f7b694-ab7e-4d15-8290-6d143d9ed0a9.Счет № 902102 - 1 от 31.03.2026.pdf,"ПАО ""Мобильные ТелеСистемы""",7740000076,997750001,"ПАО ""МТС""",7740000076,997750001,match,match,mismatch
114,be05a94f-83a5-4107-9213-a053c71370bb,tables,be05a94f-83a5-4107-9213-a053c71370bb.900200798915_CDTP_2_31.03.2026.pdf,ПАО «Ростелеком»,7707049388,272143001,"Приморский филиал ПАО ""Ростелеком"" (Дальний Восток)",7707049388,253643002,match,mismatch,match
117,b3c7ab1c-9a57-4c76-84c8-538cbd470d95,tables,b3c7ab1c-9a57-4c76-84c8-538cbd470d95.900500589712_CDTP_2_31.12.2025.pdf,ПАО «Ростелеком»,7707049388,183143001,"Нижегородский филиал ПАО ""Ростелеком"" (Волга)",7707049388,526043002,match,mismatch,match
119,a45d9d3e-6894-4ba1-8fe0-dd358295b2aa,tables,a45d9d3e-6894-4ba1-8fe0-dd358295b2aa.2602_7713076301_463245028_846000072865_schet_11.pdf,"ПАО ""РОСТЕЛЕКОМ""",191167000100,191167000,"Макрорегиональный филиал ""Центр"" ПАО ""Ростелеком""",7707049388,773443001,mismatch,mismatch,match
125,5eeefd4d-0bba-4312-a13e-4d7867d044e8,tables,5eeefd4d-0bba-4312-a13e-4d7867d044e8.900900732909_CDTP_2_31.12.2025.pdf,ПАО «Ростелеком»,7707049388,645243001,"Нижегородский филиал ПАО ""Ростелеком"" (Волга)",7707049388,526043002,match,mismatch,match
130,f5b54c48-f939-4d14-8705-c1669aef4ddb,tables,f5b54c48-f939-4d14-8705-c1669aef4ddb.УПД Белгос №1301 от 30.04.26.pdf,"ООО ""Белгос""",4202023230,420201001,"Сибирский филиал АО ""ЖТК""",7708639622,540743001,mismatch,mismatch,mismatch
135,30009d21-75c1-4895-ab58-bfd351203a4e,tables,30009d21-75c1-4895-ab58-bfd351203a4e.УПД №Э_11_007205 от 31.01.26.pdf,"Акционерное общество ""Мосэнергосбыт""",7736520080,997650001,Косицына Пелагея Алексеевна,502500090867,,mismatch,edo_missing,mismatch
145,f4777cf4-a617-4525-9a44-2924e342d4ae,tables,f4777cf4-a617-4525-9a44-2924e342d4ae.ПЭК 05.pdf,"ООО ""СЕРВИС-ГРУПП""",5260297514,526001001,ИП Аистов Виктор Викторович,525633754931,,mismatch,edo_missing,mismatch
148,a082810e-2f8d-401d-a9f4-a164f49e343c,tables,a082810e-2f8d-401d-a9f4-a164f49e343c.Счет-фактура №90391 от 30.04.26.pdf,АО «Самарагорэнергосбыт»,6316138990,631601001,Бирюкова Вера Васильевна,631208428843,,mismatch,edo_missing,mismatch
157,e3711c6f-a0e4-4598-bbc0-02734b9ab2c9,tables,e3711c6f-a0e4-4598-bbc0-02734b9ab2c9.Счет № 12 И.pdf,"Челябинский РФ АО ""Россельхозбанк""",7725114488,745143001,"АО ""РОССЕЛЬХОЗБАНК""",7725114488,997950001,match,mismatch,match
158,038c8b95-b365-410e-895e-303a9c00494e,tables,038c8b95-b365-410e-895e-303a9c00494e.ON_APP_2BM-7713076301-2012052807251168061080000000000_2BED03F1A3615324CDBB445A02A00F9BEB9_20260401_00032313-0000-0101-0001-000034755516.PDF,"Публичное акционерное общество ""Волгоградэнергосбыт""",3445071523,344501001,"ПАО ""ВОЛГОГРАДЭНЕРГОСБЫТ""",3445071523,785150001,match,mismatch,match
172,7a935b18-2fb9-4d14-91e2-1674b8842987,tables,7a935b18-2fb9-4d14-91e2-1674b8842987.АктВыдачи_WXX-5179210-1YAR400KW.PDF,"ООО ""СЕРВИОНИКА""",,,"ООО ""СТА Карго""",7810825228,781401001,llm_missing,llm_missing,mismatch
177,e97ecc5c-d39a-4f22-b135-e06c7ee18fee,tables,e97ecc5c-d39a-4f22-b135-e06c7ee18fee.Счет на оплату № 81 от 30 апреля 2026 г.pdf,"АО ""ЭК ""Восток""",7705424509,997650001,"АО ""ЭК ""ВОСТОК""",7705424509,770801001,match,mismatch,match
181,3f157042-9921-4ad1-aac3-9cb0419f45d9,tables,3f157042-9921-4ad1-aac3-9cb0419f45d9.СЧЕТ 2 Вымпелком  коммуналка   Июнь 2026.pdf,ИП Любарский Ф.В.,231900338286,,Любарский Феликс Вольфович,231900338286,,match,both_missing,mismatch
186,632e1dff-90cb-422d-84f7-6ba3ea40708b,tables,632e1dff-90cb-422d-84f7-6ba3ea40708b.Акт к Заказу №20.pdf,ООО «Биз Телеком»,7707083893,770701001,"ООО ""Биз Телеком""",7715755732,771401001,mismatch,mismatch,match
193,4ec34952-bdb1-4ef3-9638-15e0ee3b121f,tables,4ec34952-bdb1-4ef3-9638-15e0ee3b121f.900100595903_CDTP_2_31.12.2025.pdf,ПАО «Ростелеком»,7707049388,213043001,"Нижегородский филиал ПАО ""Ростелеком"" (Волга)",7707049388,526043002,match,mismatch,match
196,4f089523-19d6-4137-8a82-a8e17506e250,tables,4f089523-19d6-4137-8a82-a8e17506e250.электроэнергия март 2026.pdf,"АО ""ПАО «ЕГЕРГАРНАРКАР»",7707083893,770701001,"ООО УК ""РЕГИОНГАЗФИНАНС""",7701248637,773101001,mismatch,mismatch,mismatch
198,724cefc4-2834-45a2-ba4e-37e146f9f912,tables,724cefc4-2834-45a2-ba4e-37e146f9f912.Счет на оплату № 100 от 28 февраля 2026 г.pdf,ИП Качурин А. А.,666800023612,,Качурин Александр Александрович,666800023612,,match,both_missing,mismatch
203,52a11975-1896-4201-baf4-29b544562d44,tables,52a11975-1896-4201-baf4-29b544562d44.Счет № 905000 - 1 от 28.02.2026.pdf,"Публичное акционерное общество ""Мобильные ТелеСистемы""",7740000076,997750001,"ПАО ""МТС""",7740000076,997750001,match,match,mismatch
206,fe8a51f9-d774-4cc6-b919-1304ba12c98b,tables,fe8a51f9-d774-4cc6-b919-1304ba12c98b.Тариф по Калинина Счет_покупателю_№_24_от_13_февраля_2026_г.pdf,ИП Шин Максим Анатольевич,251135193282,,"ООО ""Полином ДВ""",2502042777,250201001,mismatch,llm_missing,mismatch
214,6ec3f5ad-959d-42fa-ba62-37b434c01095,tables,6ec3f5ad-959d-42fa-ba62-37b434c01095.Вымпелком_счёт_422859.pdf,"ОАО ""РЖД""",7708503727,997650001,Центральная станция связи ОАО «РЖД»,7708503727,771843001,match,mismatch,mismatch
224,5d4ef6b7-b57c-4805-a506-24bb7553068f,tables,5d4ef6b7-b57c-4805-a506-24bb7553068f.900901011568_CDTP_2_31.01.2026.pdf,ПАО «Ростелеком»,7707049388,631543001,"Нижегородский филиал ПАО ""Ростелеком"" (Волга)",7707049388,526043002,match,mismatch,match
226,17b509df-81a2-43a2-a565-6b64f6a55ee6,tables,17b509df-81a2-43a2-a565-6b64f6a55ee6.900200793015_CDTP_2_31.05.2026.pdf,ПАО «Ростелеком»,7707049388,280143001,"Приморский филиал ПАО ""Ростелеком"" (Дальний Восток)",7707049388,253643002,match,mismatch,match
229,334afbd9-c597-4b60-812b-59846d7a6d3f,tables,334afbd9-c597-4b60-812b-59846d7a6d3f.SF9100188186.pdf,КРА,,,"Кавказский филиал ПАО ""МегаФон""",7812014560,230802001,llm_missing,llm_missing,mismatch
230,b8e2b253-3327-44ad-8acd-fff3ac594921,tables,b8e2b253-3327-44ad-8acd-fff3ac594921.Сч 100 от 31.03.26.pdf,"ООО ""Классик Транзит Телеком""",194156783940,780201001,"ООО ""КТТ""",7839404279,780201001,mismatch,match,match
238,d5aafd99-f53e-4b58-8455-a5d15d573193,tables,d5aafd99-f53e-4b58-8455-a5d15d573193.Счет на оплату № 292 от 28 февраля 2026 г.pdf,"ООО ""Русский Мастер""",5404070958,772001001,"ООО ""РУССКИЙ МАСТЕР""",5404070958,772901001,match,mismatch,match
239,3b0989d2-fa18-41be-b433-cef46096f19e,tables,3b0989d2-fa18-41be-b433-cef46096f19e.900200580496_CDTP_2_31.03.2026.pdf,ПАО «Ростелеком»,7707049388,222443001,"Новосибирский филиал ПАО ""Ростелеком"" (Сибирь)",7707049388,540643001,match,mismatch,match
247,94900fcd-ca53-4c39-835b-86379599387d,tables,94900fcd-ca53-4c39-835b-86379599387d.900100589726_CDTP_2_31.01.2026.pdf,ПАО «Ростелеком»,7707049388,631543001,"Нижегородский филиал ПАО ""Ростелеком"" (Волга)",7707049388,526043002,match,mismatch,match
249,3fa785b3-cb04-46a3-8c9f-8932fad64fa3,tables,3fa785b3-cb04-46a3-8c9f-8932fad64fa3.ЗАК230-Д24442_ВК-ЛКСП-24_21 MOBILE_26127054 Акт № 260430-0179 от 30.04.2026.pdf,ООО «ЭхЭхЭк КихХёхХёхХёх»,7707083893,770701001,"ООО ""ЛАЙОН КОММЬЮНИКЕЙШНЗ""",7743068844,771401001,mismatch,mismatch,mismatch
252,6fbf5cb3-8b89-465a-b5ae-93b88c15d8bc,tables,6fbf5cb3-8b89-465a-b5ae-93b88c15d8bc.900500798626_CDTP_2_31.12.2025.pdf,ПАО «Ростелеком»,7707049388,631543001,"Нижегородский филиал ПАО ""Ростелеком"" (Волга)",7707049388,526043002,match,mismatch,match
254,00dd444f-9719-41a7-b6c4-13ac1cf5320c,tables,00dd444f-9719-41a7-b6c4-13ac1cf5320c.ON_SCHET_2BM-7713076301-2012052807251168061080000000000_2BM-7702743761-583543001-201408220340389381807_20260301_00026507-0000-0102-0001-000030582450.PDF,"Общество с ограниченной ответственностью ""ТНС энерго Пенза""",7702743761,583501001,"ООО ""ТНС ЭНЕРГО ПЕНЗА""",7702743761,785150001,match,mismatch,match
259,cf82a21c-f906-463e-96af-467ac40f0871,tables,cf82a21c-f906-463e-96af-467ac40f0871.Мира электр апрель.pdf,Бердников Евгений Владимирович,781618442050,,Савченко Константин Владимирович,231515625602,,mismatch,both_missing,mismatch
265,afead80b-fb6c-45c1-ba55-f3d360591a06,tables,afead80b-fb6c-45c1-ba55-f3d360591a06.Счет на оплату № 3 от 02 января 2026 г.pdf,ИП Тамбов Р. Б.,231500251150,,Тамбов Руслан Борисович,231500251150,,match,both_missing,mismatch
269,b9e75217-dbc1-4d16-b9f8-275fa0297e64,tables,b9e75217-dbc1-4d16-b9f8-275fa0297e64.SF9100183266.pdf,"ПАО ""МЕГАФОН"" ПОВОЛЖСКИЙ ФИЛИАЛ",7812014560,407028101,"Поволжский филиал ПАО ""МегаФон""",7812014560,631643002,match,mismatch,match
279,b927e14d-e001-4e49-ab20-b85c6625c308,tables,b927e14d-e001-4e49-ab20-b85c6625c308.4 MOBILE_26014559 Акт № 260228-0095 от 28.02.2026.pdf,ООО «ЭхЭхЭк Духовых»,7702011306,770201001,"ООО ""ЛАЙОН КОММЬЮНИКЕЙШНЗ""",7743068844,771401001,mismatch,mismatch,mismatch
280,0e46bb15-83be-414e-b9cc-93168a3485ff,tables,0e46bb15-83be-414e-b9cc-93168a3485ff.900100699520_CDTP_2_31.12.2025.pdf,ПАО «Ростелеком»,7707049388,532143002,"Макрорегиональный филиал ""Северо-Запад"" ПАО ""Ростелеком""",7707049388,784243002,match,mismatch,match
282,ec03f13b-5599-4a11-9d8a-bbee6785aad1,tables,ec03f13b-5599-4a11-9d8a-bbee6785aad1.Счет на оплату выданный № упр500 от 31.03.2026.pdf,"АО ""АЛЬФА-БАНК""",7713076301,044525593,"ЕМУП ""ГОРТРАНС""",6608002732,667101001,mismatch,mismatch,mismatch
284,00e40158-9432-4a56-8227-823a69751098,tables,00e40158-9432-4a56-8227-823a69751098.SUBRENT_0080013942_S_C4BBD76927919F01E1000000C0A8307F.pdf,"АО ""АЛЬФА-БАНК""",7704581238,770401001,"АО ""Торговый дом ""ПЕРЕКРЕСТОК""",7728029110,997350001,mismatch,mismatch,mismatch
296,30ff9531-bf7e-4c66-a6b8-900d55b262c4,tables,30ff9531-bf7e-4c66-a6b8-900d55b262c4.Счет на оплату № 636 от 30 апреля 2026 г.pdf,"ООО ""Русский Мастер""",5404070958,772001001,"ООО ""РУССКИЙ МАСТЕР""",5404070958,772901001,match,mismatch,match
298,e6146ee3-debb-4917-b36e-9d3b67929cd1,tables,e6146ee3-debb-4917-b36e-9d3b67929cd1.ПРС21 NNV260113_1723_28.pdf,"ООО ""Бора-Климат""",7707083893,770701001,"ООО ""БОРА-КЛИМАТ""",5262348933,526201001,mismatch,mismatch,match
301,7f446bd6-e132-4e07-b99c-416ba07aab8b,tables,7f446bd6-e132-4e07-b99c-416ba07aab8b.ON_SCHET_2401-2604RP000653.pdf,Филиал АО «Компания ТрансТелеКом» «Межрегиональный филиал Восток»,7709219099,246343002,"АО ""Компания ТрансТелеКом""",7709219099,775050001,match,mismatch,match
309,e5b95e5b-fab6-4b8b-a05a-463a301041f7,tables,e5b95e5b-fab6-4b8b-a05a-463a301041f7.FIB25-SP1-404011 АКТ КС-2_Латышских стрелков 31.pdf,ОБЩЕСТВО С ОГРАНИЧЕННО,,,"ООО ""СК Спринт""",7814466033,781001001,llm_missing,llm_missing,mismatch
310,0b216f9a-f875-4599-a2ff-9f12ca2dacdc,tables,0b216f9a-f875-4599-a2ff-9f12ca2dacdc.Счет на оплату № 23 от 25 марта 2026 г.pdf,"ООО ""Сбербанк Факторинг""",7802754982,785250001,"ООО ""СИТИИНФО""",7810422780,781001001,mismatch,mismatch,mismatch
313,cd299b30-ee1e-4255-90f9-642d74e11f9a,tables,cd299b30-ee1e-4255-90f9-642d74e11f9a.Акт об оказании услуг № 132 от 25 мая 2026 г.pdf,ИП Лысов А. С.,370259634920,,Лысов Александр Сергеевич,370259634920,,match,both_missing,mismatch
321,1aa015be-1bca-47be-a320-f4ec98e85ba4,tables,1aa015be-1bca-47be-a320-f4ec98e85ba4.Счет_69a9a7f7-8c43-4a60-9a6b-3b6ce2b2fb37.pdf,"ООО ""КОМУС""",7721793895,500945001,"ООО ""КОМУС""",7721793895,997350001,match,mismatch,match
323,2e0ad2b5-ea1c-4962-bddd-2db964e17df4,tables,2e0ad2b5-ea1c-4962-bddd-2db964e17df4.Счет на оплату № 60 от 31 марта 2026 г..pdf,"ООО ""ГРАНД ВЭЙ""",2635219430,263401001,"ООО ""ГРАНД ВЭЙ""",2635219430,263501001,match,mismatch,match
325,461ecbc8-a57c-4960-be29-1097b30d6ba5,tables,461ecbc8-a57c-4960-be29-1097b30d6ba5.900600580542_CDTP_2_31.01.2026.pdf,ПАО «Ростелеком»,7707049388,550343001,"Новосибирский филиал ПАО ""Ростелеком"" (Сибирь)",7707049388,540643001,match,mismatch,match
342,610fc423-373d-4e88-acd9-45d00f214ab1,tables,610fc423-373d-4e88-acd9-45d00f214ab1.Счет_График_15238627_20260501.pdf,"Публичное акционерное общество ""Пермская энергосбытовая компания""",5904123809,590401001,"ПАО ""ПЕРМЭНЕРГОСБЫТ""",5904123809,590401001,match,match,mismatch
344,000c756d-a856-4dd4-ac2f-3336e8bfaf3a,tables,000c756d-a856-4dd4-ac2f-3336e8bfaf3a.Счет на оплату № 370 от 17 февраля 2026 г.pdf,"ООО ""ЭВЕРЕСТ""",7536132570,254345001,"ООО ""Эверест""",7536132570,753601001,match,mismatch,match
345,3e1d1572-b968-464d-99e0-d5024cd6796c,tables,3e1d1572-b968-464d-99e0-d5024cd6796c.24195  АМО.pdf,СВЯЗЬ ИНЖИНИРИНГ,5679567956,,"ООО ""СПП""",7726536228,772601001,mismatch,llm_missing,mismatch
353,67604d64-77aa-48c3-815a-6849700ff283,tables,67604d64-77aa-48c3-815a-6849700ff283.Schet_na_oplatu__482_ot_16_marta_2026_g.pdf,ИП Шевчик В.С.,720200646107,720201001,Шевчик Владимир Степанович,720200646107,,match,edo_missing,mismatch
354,5c5abfc1-e2c9-4ded-a990-58ec94f1f9ff,tables,5c5abfc1-e2c9-4ded-a990-58ec94f1f9ff.ЗАК65-Д24442ВК-ЛКСП-24_41 PR_26073057 Копия документов 3х лиц № 260228-093 от 28.02.2026.pdf,Общество с ограниченной ответственностью «ЭмЭмЭс Коммьюникейшнз»,7714328921,,"ООО ""ЛАЙОН КОММЬЮНИКЕЙШНЗ""",7743068844,771401001,mismatch,llm_missing,mismatch
355,7273f017-ddf8-4cab-98ed-8e9468ea34a1,tables,7273f017-ddf8-4cab-98ed-8e9468ea34a1.Счет № 909059 - 1 от 31.05.2026.pdf,"Публичное акционерное общество ""Мобильные ТелеСистемы""",7740000076,997750001,"ПАО ""МТС""",7740000076,997750001,match,match,mismatch
356,40e9c55f-58a7-4de4-adf0-2ffc016d5a75,tables,40e9c55f-58a7-4de4-adf0-2ffc016d5a75.Счет № 902099 - 1 от 31.12.2025.pdf,"ПАО ""Мобильные ТелеСистемы""",7740000076,997750001,"ПАО ""МТС""",7740000076,997750001,match,match,mismatch
360,ee53fa2e-21c3-41aa-8944-4579ffa1ea03,tables,ee53fa2e-21c3-41aa-8944-4579ffa1ea03.900500589658_CDTP_2_31.12.2025.pdf,ПАО «Ростелеком»,7707049388,420543001,"Новосибирский филиал ПАО ""Ростелеком"" (Сибирь)",7707049388,540643001,match,mismatch,match
362,b76846be-1666-4609-a72a-196f31920788,tables,b76846be-1666-4609-a72a-196f31920788.2605_7713076301_370245014_837000082327_schet_1.pdf,"ПАО ""РОСТЕЛЕКОМ""",191167000100,191167000,"Макрорегиональный филиал ""Центр"" ПАО ""Ростелеком""",7707049388,773443001,mismatch,mismatch,match
365,421b740f-3971-4100-a511-02bd40fb80ee,tables,421b740f-3971-4100-a511-02bd40fb80ee.Счет на оплату № 349 от 18.03.2026.pdf,"Общество с ограниченной ответственностью ""Ария TВ""",7838025743,783901001,"ООО ""АРИЯ ТВ""",7838025743,783901001,match,match,mismatch
367,8c6c81f9-eab4-43c3-bcd4-9d4799e4927c,tables,8c6c81f9-eab4-43c3-bcd4-9d4799e4927c.Акт об оказании услуг № 125 от 30 апреля 2024 г.pdf,"ЗАО ""Русское правовое агентство"" ""Russian Legal Agency""",7704043941,770404394,"ЗАО ""Русское правовое агентство "" ""Russian Legal Agency""",7704043941,770401001,match,mismatch,match
370,2423914c-079a-4c89-a07f-3496121c2e49,tables,2423914c-079a-4c89-a07f-3496121c2e49.ON_BILL_2BM_2BM_20260401_735172541#9213911#I.pdf,"Северо-Западный филиал ПАО ""МегаФон""",7812014560,780143001,"Северо-Западный филиал ПАО ""МегаФон""",7812014560,784143001,match,mismatch,match
374,d78e93a6-39e0-4cb6-bf19-4dd0e20c9c83,tables,d78e93a6-39e0-4cb6-bf19-4dd0e20c9c83.Акт об оказании услуг № 101 от 31 мая 2026 г.pdf,"ЗАО ""КОРПОРАЦИЯ ЦЕНТР""",7710521875,771001001,"ЗАО ""Корпорация Центр""",7710521875,770701001,match,mismatch,match
378,8b003882-d214-4231-806c-d22947a8f7c4,tables,8b003882-d214-4231-806c-d22947a8f7c4.СФ_Счет_№402-1101_от_12.02.2026г._на сумму_504017.00_nds_90888.31_di_rks_inn_7713076301_780103001_01.pdf,ООО «РКС-энерго»,3328424479,785150001,"ООО ""РКС-ЭНЕРГО""",3328424479,470601001,match,mismatch,match
380,153ed3fd-5818-470a-bd5c-d9c63282f5be,tables,153ed3fd-5818-470a-bd5c-d9c63282f5be.Акт об оказании услуг № 1861 от 30 марта 2026 г.pdf,"ООО ""ПРОТОН""",7802119050,780201001,"ООО ""Протон""",7802119050,780401001,match,mismatch,match
390,c5e3eb80-72d5-4091-bdfb-fd8c629d0ad2,tables,c5e3eb80-72d5-4091-bdfb-fd8c629d0ad2.Счет на оплату № 62 от 30 апреля 2026 г.pdf,"ООО ""ЛАДОГА""",7811611902,781101001,"ООО ""ЛАДОГА""",7811611902,780201001,match,mismatch,match
392,a0a71244-734f-498c-82c1-6cdf71f6f6ae,tables,a0a71244-734f-498c-82c1-6cdf71f6f6ae.900900492515_CDTP_2_31.05.2026.pdf,ПАО «Ростелеком»,7707049388,032343001,"Новосибирский филиал ПАО ""Ростелеком"" (Сибирь)",7707049388,540643001,match,mismatch,match
398,600434cd-1b6c-4c71-966e-2d5d21beb782,tables,600434cd-1b6c-4c71-966e-2d5d21beb782.1000_6401004663_41_02-06-2026.PDF,"АО ""ЭР-Телеком Холдинг""",7713076301,616502001,"АО ""ЭР-ТЕЛЕКОМ ХОЛДИНГ""",5902202276,590501001,mismatch,mismatch,match
401,6764b558-366f-4e1a-ad27-1bbc3093f20e,tables,6764b558-366f-4e1a-ad27-1bbc3093f20e.Счет_235234d4-449d-4618-aee7-a9377ee717f7.pdf,"ООО ""КОМУС""",7721793895,541045001,"ООО ""КОМУС""",7721793895,997350001,match,mismatch,match
402,4e4bdcf5-01bb-425e-80b7-b22d1ec51ef1,tables,4e4bdcf5-01bb-425e-80b7-b22d1ec51ef1.1_ТЦ_ДФ_26013700 Копия документов 3х лиц № 260131-009 от 31.01.2026.pdf,ООО «ЭлЭлЭК ЭхоЭхоЭт Связь»,7707083893,770701001,"ООО ""ЛАЙОН КОММЬЮНИКЕЙШНЗ""",7743068844,771401001,mismatch,mismatch,mismatch
404,4ae18e92-4577-4aab-9146-7598e57e94c1,tables,4ae18e92-4577-4aab-9146-7598e57e94c1.900000499831_CDTP_2_31.12.2025.pdf,ПАО «Ростелеком»,7707049388,246643001,"Новосибирский филиал ПАО ""Ростелеком"" (Сибирь)",7707049388,540643001,match,mismatch,match
406,1445461e-5f21-40a6-9dd5-578229b05620,tables,1445461e-5f21-40a6-9dd5-578229b05620.akt_k_bz_22.pdf,ООО «Техноэлектросервис»,7707019800,770701001,"ООО ""ТЭС""",5753070493,575301001,mismatch,mismatch,match
426,373cb2eb-3e43-46df-9f74-0387997a2453,tables,373cb2eb-3e43-46df-9f74-0387997a2453.900700798628_CDTP_2_31.01.2026.pdf,ПАО «Ростелеком»,7707049388,631543001,"Нижегородский филиал ПАО ""Ростелеком"" (Волга)",7707049388,526043002,match,mismatch,match
433,b1223a2d-a89a-43e5-854d-1597ba9937ea,tables,b1223a2d-a89a-43e5-854d-1597ba9937ea.1700_6400065632_31-03-2026.PDF,"ООО ""Новотелеком""",630099771307,771301001,"ООО ""Новотелеком""",5406260827,540601001,mismatch,mismatch,match
434,89c9b6c1-6aa8-4301-92ba-8a8091567f87,tables,89c9b6c1-6aa8-4301-92ba-8a8091567f87.Приложение №2.1 129098__2026.pdf,ООО «ФОРТ-КОНТРОЛЬ»,113504000572,,"ООО ""ФОРТ-КОНТРОЛЬ""",5040125816,504001001,mismatch,llm_missing,match
442,43c98aa7-e1fd-4f62-b96a-a2c2d348a02a,tables,43c98aa7-e1fd-4f62-b96a-a2c2d348a02a.900700549433_CDTP_2_31.01.2026.pdf,ПАО «Ростелеком»,7707049388,420543001,"Новосибирский филиал ПАО ""Ростелеком"" (Сибирь)",7707049388,540643001,match,mismatch,match
443,5d020ad2-3cc9-4380-8274-66f61e561fd8,tables,5d020ad2-3cc9-4380-8274-66f61e561fd8.ON_SCHET_6101-2602XJ328616.pdf,Филиал АО «Компания ТрансТелеКом» «Межрегиональный филиал Запад»,7709219099,616443002,"АО ""Компания ТрансТелеКом""",7709219099,775050001,match,mismatch,match
445,c8343c5d-9b4f-411b-b609-8bc7d4dbf48f,tables,c8343c5d-9b4f-411b-b609-8bc7d4dbf48f.Вымпелком Э.pdf,"ОАО ""ТАТЭНЕРГОСБЫТ""",110000000000,110000000,Ежков Геннадий Геннадиевич,165000295347,,mismatch,edo_missing,mismatch
457,73466ca5-8f4a-4f12-a058-f3aa11b92adf,tables,73466ca5-8f4a-4f12-a058-f3aa11b92adf.Счет на оплату № 3193 от 15 мая 2026 г.pdf,"ООО ""ПрофСервисТрейд""",7707820378,774301001,"ООО ""ПРОФСЕРВИСТРЕЙД""",7707820378,771401001,match,mismatch,match
461,929716aa-c34e-49d0-8245-3a9c34aecf99,tables,929716aa-c34e-49d0-8245-3a9c34aecf99.Счет № 904516 - 1 от 31.03.2026.pdf,"Публичное акционерное общество ""Мобильные ТелеСистемы""",7740000076,997750001,"ПАО ""МТС""",7740000076,997750001,match,match,mismatch
463,c1bd622d-b16a-49e3-902c-cf15502038c2,tables,c1bd622d-b16a-49e3-902c-cf15502038c2.ON_BILL_2BM_2BM_20260502_735129691#9303562#I.pdf,"Северо-Западный филиал ПАО ""МегаФон""",7812014560,780143001,"Северо-Западный филиал ПАО ""МегаФон""",7812014560,784143001,match,mismatch,match
465,1f840be5-0b63-496c-984f-f6b0fd08f3b4,tables,1f840be5-0b63-496c-984f-f6b0fd08f3b4.Акт сверки взаиморасчетов № 18 от 12 февраля 2026 г.pdf,ИП Голубева В. А.,440128117506,,Голубева Вера Алексеевна,440128117506,,match,both_missing,mismatch
468,836e9bca-76ae-4400-a4d6-7cf7fe3ce35b,tables,836e9bca-76ae-4400-a4d6-7cf7fe3ce35b.ЗАК224-Д24442_ВК-ЛКСП-24_3_Транспорт_26127075 Копия документов 3х лиц № 260531-017 от 31.05.2026.pdf,Общество с ограниченной ответственностью «ЭмЭмЭс Коммьюникейшнз»,7714328921,771401001,"ООО ""ЛАЙОН КОММЬЮНИКЕЙШНЗ""",7743068844,771401001,mismatch,match,mismatch
473,bfdba7d3-9dd7-4eec-89a5-3a5d04637e96,tables,bfdba7d3-9dd7-4eec-89a5-3a5d04637e96.ON_SCHET_2401-2512RP368573.pdf,Филиал АО «Компания ТрансТелеКом» «Межрегиональный филиал Восток»,7709219099,246343002,"АО ""Компания ТрансТелеКом""",7709219099,775050001,match,mismatch,match
476,7098c020-1dcc-4b1e-8b85-328b2b68f8ef,tables,7098c020-1dcc-4b1e-8b85-328b2b68f8ef.Приложение №2.1 120340__2026.pdf,ООО «ФОРТ-КОНТРОЛЬ»,113504000572,,"ООО ""ФОРТ-КОНТРОЛЬ""",5040125816,504001001,mismatch,llm_missing,match
478,7f95af84-3579-4b7d-8c15-3beb4a735e3a,tables,7f95af84-3579-4b7d-8c15-3beb4a735e3a.27_26054998 Копия документов 3х лиц № 260306-002 от 06.03.2026.pdf,"ООО ""РОРЕ МЕДИА""",7734440400,771401001,"ООО ""ЛАЙОН КОММЬЮНИКЕЙШНЗ""",7743068844,771401001,mismatch,match,mismatch
489,c471e6f4-d74c-4cb9-b3fe-e95f97dd44ff,tables,c471e6f4-d74c-4cb9-b3fe-e95f97dd44ff.Счет_2d74794a-27d6-47c0-a9cf-fde63f77e8bf.pdf,"ООО ""КОМУС""",7721793895,504145001,"ООО ""КОМУС""",7721793895,997350001,match,mismatch,match
494,a9043432-aeb6-45ad-a2a4-9610544d5c2b,tables,a9043432-aeb6-45ad-a2a4-9610544d5c2b.Akt_ob_okazanii_uslug__289_ot_30_aprelya_2026_g.pdf,ИП Плышевский Н. В.,665896622242,,Плышевский Николай Викторович,665896622242,,match,both_missing,mismatch
497,9ef7f6d6-5965-4154-b59e-9798c414a873,tables,9ef7f6d6-5965-4154-b59e-9798c414a873.Счет_202603_договор № ИП 76-17 от 09.01.2017.pdf,ИП Шиманович Борис Григорьевич,213020100000,213020100,Шиманович Борис Григорьевич,665901869008,,mismatch,edo_missing,match
498,2a61a057-0d74-4ef6-8899-97bade075ae7,tables,2a61a057-0d74-4ef6-8899-97bade075ae7.[2977] 32149235 - РВ_71abf03c-28dd-41c3-85a8-61620c44075f.xlsx (1) (1).pdf,"ПАО ""Дальневосточная Энергетическая Компания""",,,"ООО ""ТД ""100 ЧУДЕС""",2722039233,272301001,llm_missing,llm_missing,mismatch
503,c8a85446-7665-4542-beee-c8a2feb44fe4,tables,c8a85446-7665-4542-beee-c8a2feb44fe4.Вода март 26 сф.pdf,"МЕЖДУНАРОДНАЯ КОМПАНИЯ ОБЩЕСТВО С ОГРАНИЧЕННОЙ ОТВЕТСТВЕННОСТЬЮ ""ВЕЙКЛИН ПРОМОУШНЗ""",2540283702,771544001,"МК ООО ""ВЕЙКЛИН ПРОМОУШНЗ""",2540283702,254001001,match,mismatch,match
504,b2421c7f-47e5-4cb4-ba6b-c21e8436ddb9,tables,b2421c7f-47e5-4cb4-ba6b-c21e8436ddb9.Вымпелком - счет инкасс.pdf,АО «АЛЬФА-БАНК»,0445255933,771301001,"АО ""РОССЕЛЬХОЗБАНК""",7725114488,997950001,mismatch,mismatch,mismatch
505,2c603f4a-5e83-42c6-96d8-c03b103ef1a2,tables,2c603f4a-5e83-42c6-96d8-c03b103ef1a2.ON_SCHET___20260512_6285f17b-b28c-47a4-8a5e-859ec5e02a19.pdf,"ООО ""ТРАНЗИТ""",2540132492,775050001,"ООО ""Транзит""",2540132492,254001001,match,mismatch,match
507,63a1aa1b-6775-49f9-a423-93fc0ec9f7d2,tables,63a1aa1b-6775-49f9-a423-93fc0ec9f7d2.АктВыдачи_WXX-4916386-1YAR400KW.PDF,"ООО ""СЕРВИОНИКА""",,,"ООО ""СТА Карго""",7810825228,781401001,llm_missing,llm_missing,mismatch
511,f8c2b3ca-6e27-4877-b862-c8dcc7a987aa,tables,f8c2b3ca-6e27-4877-b862-c8dcc7a987aa.ON_SCHET_6101-2604RP312707.pdf,Филиал АО «Компания ТрансТелеКом» «Межрегиональный филиал Запад»,7709219099,616443002,"АО ""Компания ТрансТелеКом""",7709219099,775050001,match,mismatch,match
522,a7a014d9-eb7f-4965-b434-e10786d5f3df,tables,a7a014d9-eb7f-4965-b434-e10786d5f3df.Аванс1_01.06.2026_18.06.2026_ИННРСО5406993045_КППРСО540601001_ИНН7713076301_КПП540503001_ID04122_514_131414959.pdf,ООО «НТСК»,5406993045,540601001,ООО «СИБИРСКАЯ ТЕПЛОСБЫТОВАЯ КОМПАНИЯ»,2462222097,772501001,mismatch,mismatch,mismatch
523,577c90bb-c6f6-4a24-b8ad-dda0f89692e5,tables,577c90bb-c6f6-4a24-b8ad-dda0f89692e5.Счет_6aad5c72-10d5-40ed-9e30-429f6138e728.pdf,"ООО ""КОМУС""",7721793895,500945001,"ООО ""КОМУС""",7721793895,997350001,match,mismatch,match
528,a3f88783-9295-4b02-9a0c-7cb34ef5ea85,tables,a3f88783-9295-4b02-9a0c-7cb34ef5ea85.УПД №4219980225 от 31.05.26.pdf,"ГУП ""Водоканал Санкт-Петербурга""",7830000426,784201001,"АО ""ЛК ""ЛИКОСТРОЙ""",7710468910,781001001,mismatch,mismatch,mismatch
531,092e0a89-73ae-4d4c-95d8-4fc0bbb646e6,tables,092e0a89-73ae-4d4c-95d8-4fc0bbb646e6.Счет №4 от 20.02.25.pdf,"ПАО АКБ ""АВАНГАРД"" МОСКВА",575204013950,,Нерушева Вера Васильевна,575204013950,,match,both_missing,mismatch
534,6e422fec-ce52-44bf-abfe-757156c36723,tables,6e422fec-ce52-44bf-abfe-757156c36723.Счет на оплату № 19 от 30 апреля 2026 г.pdf,ИП Михайлов Д. А.,710502734723,,Михайлов Денис Анатольевич,710502734723,,match,both_missing,mismatch
535,5bd03910-789d-45d0-aee3-4981413a4dcd,tables,5bd03910-789d-45d0-aee3-4981413a4dcd.Поступление №2016 от 31.03.26.pdf,Индивидуальный предприниматель Боркова С.В.,370262566406,,Боркова Светлана Владимировна,370262566406,,match,both_missing,mismatch
536,ca19ac1c-8d43-4e5a-b204-c74dccaf49d1,tables,ca19ac1c-8d43-4e5a-b204-c74dccaf49d1.SF9100190922.pdf,"УРАЛЬСКИЙ ФИЛИАЛ ПАО ""МЕГАФОН""",7812014560,407028103,"Уральский филиал ПАО ""МегаФон"".",7812014560,667003001,match,mismatch,match
537,207123a1-d169-4c2a-bb59-8186128814c4,tables,207123a1-d169-4c2a-bb59-8186128814c4.900001047811_CDTP_2_31.05.2026.pdf,ПАО «Ростелеком»,7707049388,121543001,"Нижегородский филиал ПАО ""Ростелеком"" (Волга)",7707049388,526043002,match,mismatch,match
538,c1377950-dd11-4619-9628-d9c2a01e4b46,tables,c1377950-dd11-4619-9628-d9c2a01e4b46.СчетЗаказ.pdf,АО «ДРСК»,2801108200,272402001,"АО ""ДРСК""",2801108200,775050001,match,mismatch,match
549,e8e63f0e-8107-45fd-b533-ab76ba1403aa,tables,e8e63f0e-8107-45fd-b533-ab76ba1403aa.1000_6400411740_38_12-03-2026.PDF,"АО ""ЭР-Телеком Холдинг""",,997750001,"АО ""ЭР-ТЕЛЕКОМ ХОЛДИНГ""",5902202276,590501001,llm_missing,mismatch,match
553,4a7107df-b948-489a-9168-c9463ee7db4c,tables,4a7107df-b948-489a-9168-c9463ee7db4c.900000717189_CDTP_2_31.03.2026.pdf,ПАО «Ростелеком»,7707049388,100143001,"Макрорегиональный филиал ""Северо-Запад"" ПАО ""Ростелеком""",7707049388,784243002,match,mismatch,match
556,67974b7e-b49a-4a57-ac53-260442710a43,tables,67974b7e-b49a-4a57-ac53-260442710a43.ЭСКБ УПД №020503015527 от 31.03.26.pdf,"Общество с ограниченной ответственностью ""ЭНЕРГЕТИЧЕСКАЯ СБЫТОВАЯ КОМПАНИЯ БАШКОРТОСТАНА""",0275038496,997650001,Назаров Денис Андреевич,026705473539,,mismatch,edo_missing,mismatch
557,418637a3-0d5d-4e2f-a1b4-c78c7e07cb94,tables,418637a3-0d5d-4e2f-a1b4-c78c7e07cb94.ON_SCHET_2BM-7713076301-2012052807251168061080000000000_2BEb3a11426ba21487bb94eb837c2df5238_20260305_870CA1BC-739D-4159-92F4-FB50CB33F21B.pdf,ПАО «Камчатскэнерго»,4100000668,775050001,"ПАО ""ДЭК""",2723088770,997650001,mismatch,mismatch,mismatch
560,c13ddfc2-5769-46f3-a768-7b3134e36c60,tables,c13ddfc2-5769-46f3-a768-7b3134e36c60.invoice-qr-755.pdf,"ООО ""ПРОЕКТ СЕРВИС""",,656001001,"ООО ""ПРОЕКТ СЕРВИС""",2222835082,222201001,llm_missing,mismatch,match
570,eca17b39-d731-4b8c-95b5-af8b2ae8af0c,tables,eca17b39-d731-4b8c-95b5-af8b2ae8af0c.Авансовый счет 30% №2942-080001 от 01.01.2026.pdf.pdf,Акционерное общество «Читаэнергосбыт»,7536066430,080045001,Территориальное подразделение «Энергосбыт Калмыкии»,7536066430,080045001,match,match,mismatch
571,81f22b7d-e505-4bd8-963c-0ed424e12979,tables,81f22b7d-e505-4bd8-963c-0ed424e12979.Schet_na_oplatu__145_ot_28_fevralya_2026_g.pdf,ИП Езерская Н. Ю.,231214663097,,Езерская Наталья Юрьевна,231214663097,,match,both_missing,mismatch
577,ca736545-8f43-49a5-8259-d2ffa6d8d4d5,tables,ca736545-8f43-49a5-8259-d2ffa6d8d4d5.900200511187_CDTP_2_31.01.2026.pdf,ПАО «Ростелеком»,7707049388,631543001,"Нижегородский филиал ПАО ""Ростелеком"" (Волга)",7707049388,526043002,match,mismatch,match
589,d4812155-4842-4f37-811e-6ec4eac3683d,tables,d4812155-4842-4f37-811e-6ec4eac3683d.Мосэнерго факт 3.pdf,"ООО Специализированный застройщик ""ПСФ ""Крост""",7712005280,774301001,"ООО ""ЭКСПО""",7733352616,773301001,mismatch,mismatch,mismatch
597,f170eff9-4ad0-44ed-b186-67ee2d25f106,tables,f170eff9-4ad0-44ed-b186-67ee2d25f106.Счет № 905495 - 1 от 31.01.2026.pdf,ПАО «Мобильные ТелеСистемы»,7740000076,997750001,"ПАО ""МТС""",7740000076,997750001,match,match,mismatch
604,c1f57d03-c1f1-470f-a988-47da070654a3,tables,c1f57d03-c1f1-470f-a988-47da070654a3.Акт об оказании услуг № 47 от 30 апреля 2026 г.pdf,ИП Хамидуллина Е. Н.,540435298705,,ИП Хамидуллина Елена Назымовна,540435298705,,match,both_missing,mismatch
612,9009a2fd-c2da-4a37-b655-75323037f4e7,tables,9009a2fd-c2da-4a37-b655-75323037f4e7.Счет на оплату № 80 от 19 мая 2026 г.pdf,ИП Зозуля А. А.,540813834210,,ИП Зозуля Александр Александрович,540813834210,,match,both_missing,mismatch
629,776a3164-0414-4987-888a-b7373651b0db,tables,776a3164-0414-4987-888a-b7373651b0db.SF9100188714.pdf,УРАЛЬСКИЙ БАНК ПАО СБЕРБАНК,7713076301,667003001,"Уральский филиал ПАО ""МегаФон"".",7812014560,667003001,mismatch,match,mismatch
633,5f911a4b-ceac-4e03-9d1e-70462fb11e62,tables,5f911a4b-ceac-4e03-9d1e-70462fb11e62.Счет-фактура № 27 от 28 февраля 2026 г.pdf,"АО ""ЕЭНС""",6671250899,785150001,"ООО ""ТПК ""Уралобувь""",6660145846,667001001,mismatch,mismatch,mismatch
639,439f42c9-7bdd-4cc7-a247-d9b72b5e58e8,tables,439f42c9-7bdd-4cc7-a247-d9b72b5e58e8.33295446.pdf,ООО СБЕРКОРУС,7707083893,770701001,"ООО ""СБЕРКОРУС""",7801392271,781601001,mismatch,mismatch,match
640,4019f652-13b8-4182-a995-2fc15b34cba9,tables,4019f652-13b8-4182-a995-2fc15b34cba9.1100_6400020292_01-06-2026.PDF,"АО ""Деловая Сеть-Иркутск""",664056771307,664056771,"АО ""ДЕЛОВАЯ СЕТЬ - ИРКУТСК""",3808027376,381201001,mismatch,mismatch,match
647,215d1e0e-5d51-4911-a0bb-69fef3c0e20d,tables,215d1e0e-5d51-4911-a0bb-69fef3c0e20d.Счет 2600268802.pdf,"АО ""ДПД РУС""",107023215523,774850001,"АО ""ДПД РУС""",7713215523,774850001,mismatch,match,match
651,8a4f2336-f1e7-4cbd-a3a1-6b28295e391c,tables,8a4f2336-f1e7-4cbd-a3a1-6b28295e391c.СчетЗаказ.pdf,АО «ДРСК»,2801108200,272402001,"АО ""ДРСК""",2801108200,775050001,match,mismatch,match
652,ae4043ef-47fb-4051-b2d1-aba5ef47faaa,tables,ae4043ef-47fb-4051-b2d1-aba5ef47faaa.SF9100188729.pdf,"УРАЛЬСКИЙ ФИЛИАЛ ПАО ""МЕГАФОН""",7812014560,407028103,"Уральский филиал ПАО ""МегаФон"".",7812014560,667003001,match,mismatch,match
654,6b8991aa-bef1-457a-9d9f-3bdf39da537a,tables,6b8991aa-bef1-457a-9d9f-3bdf39da537a.ON_SCHET___20260430_c576a98f-1173-42e2-8cde-61fa40f4c93f.pdf,"РТРС / Филиал ""Российская телевизионная и радиовещательная сеть"" ""Санкт-Петербургский региональный центр""",7717127211,781302003,РТРС,7717127211,997650001,match,mismatch,match
664,c764caa2-94a3-431e-ba07-aade22bde6b0,tables,c764caa2-94a3-431e-ba07-aade22bde6b0.А20 УЛЬЯНОВСКВОДОКАНАЛ Счет-фактура № 70526395 от 28 мая 2026г.pdf,"УЛЬЯНОВСКОЕ МУНИЦИПАЛЬНОЕ УНИТАРНОЕ ПРЕДПРИЯТИЕ ВОДОПРОВОДНО-КАНАЛИЗАЦИОННОГО ХОЗЯЙСТВА ""УЛЬЯНОВСКВОДОКАНАЛ""",,,"ООО УК ""Альфа-Капитал""",7728142469,770301001,llm_missing,llm_missing,mismatch
666,ebff1449-efa6-4a3d-b1db-610acc7c2a74,tables,ebff1449-efa6-4a3d-b1db-610acc7c2a74.ААА СЧЕТ ФАКТУРА ВСЕМ ДУБЛЬ.pdf,"ООО ""ОФИСНЫЙ ЦЕНТР ПАРИТЕТ""",7606111992,760601001,"ООО ""ОФИСНЫЙ ЦЕНТР ЧКАЛОВА 2""",7606101296,760601001,mismatch,match,mismatch
667,fa478418-f920-4054-8514-65de8d8374ca,tables,fa478418-f920-4054-8514-65de8d8374ca.Счет для выставления штрафных санкций для юр.лиц_7713076301_202601.pdf,"Акционерное Общество ""Дальневосточная генерирующая компания""",1434031363,250232002,"АО ""ДГК""",1434031363,272101001,match,mismatch,match
674,a9b2e3f4-3919-46b0-afc1-0ee09fc6a248,tables,a9b2e3f4-3919-46b0-afc1-0ee09fc6a248.raschet_Borinskoe_mart.pdf,ИП Полубоярцев Г.С.,,,Полубоярцев Геннадий Сергеевич,482424666400,,llm_missing,both_missing,mismatch
677,7a3f5714-60c0-4064-ae5d-8fb9893cd36f,tables,7a3f5714-60c0-4064-ae5d-8fb9893cd36f.счет № 22 от 01.03.2026г.pdf,ИП Чумак А. Н.,760600466792,,Чумак Андрей Николаевич,760600466792,,match,both_missing,mismatch
680,6ca232e1-97af-4a1b-aa64-516bc830c01d,tables,6ca232e1-97af-4a1b-aa64-516bc830c01d.Счет № 906204 - 1 от 31.01.2026.pdf,"Публичное акционерное общество ""Мобильные ТелеСистемы""",7740000076,997750001,"ПАО ""МТС""",7740000076,997750001,match,match,mismatch
686,34f58166-1e9e-4889-9496-b073b2a95cf2,tables,34f58166-1e9e-4889-9496-b073b2a95cf2.Расшифровка к СчФ итоговой_01.05.2026_31.05.2026_ИННРСО5406993045_КППРСО540601001_ИНН7713076301_КПП540503001_ID04122_507_130972059.pdf,ООО «НТСК»,7707083893,770701001,ООО «СИБИРСКАЯ ТЕПЛОСБЫТОВАЯ КОМПАНИЯ»,2462222097,772501001,mismatch,mismatch,mismatch
687,6c78f880-cf53-4b50-a5aa-105845f111ef,tables,6c78f880-cf53-4b50-a5aa-105845f111ef.Приложение №5 ФК_121666.pdf,ООО «ФОРТ-КОНТРОЛЬ»,7707083893,770701001,"ООО ""ФОРТ-КОНТРОЛЬ""",5040125816,504001001,mismatch,mismatch,match
688,7f3f05e1-f1f2-4eb5-ae34-77818af10b51,tables,7f3f05e1-f1f2-4eb5-ae34-77818af10b51.Счет на оплату № 16 от 31 января 2026 г.pdf,"ООО ""УК""А-ЭЛИТА""",5902172871,594801001,"ООО ""УПРАВЛЯЮЩАЯ КОМПАНИЯ ""А-ЭЛИТА""",5902172871,594801001,match,match,mismatch
696,3baa6abe-a43c-4054-8a4c-f1c96fef8a44,tables,3baa6abe-a43c-4054-8a4c-f1c96fef8a44.900400745466_CDTP_2_30.04.2026.pdf,ПАО «Ростелеком»,7707049388,410143001,"Приморский филиал ПАО ""Ростелеком"" (Дальний Восток)",7707049388,253643002,match,mismatch,match
697,bb7e3073-f12a-494e-8373-ea3890eb20d8,tables,bb7e3073-f12a-494e-8373-ea3890eb20d8.Счет на оплату № 2270 от 19 марта 2026 г.pdf,"ООО ""ПрофСервисТрейд""",7707820378,774301001,"ООО ""ПРОФСЕРВИСТРЕЙД""",7707820378,771401001,match,mismatch,match
698,a9cef80e-8a11-415b-a9da-9a3fa5598df4,tables,a9cef80e-8a11-415b-a9da-9a3fa5598df4.Акт сверки с ПАО _ВымпелКом_ _Акт сверки взаиморасчетов № 648 от 01 апреля 2026 г_.pdf,"АО ""СберСити""",5024093941,,"АКЦИОНЕРНОЕ ОБЩЕСТВО ""РУБЛЕВО-АРХАНГЕЛЬСКОЕ""",5024093941,773001001,match,llm_missing,mismatch
699,69206fa8-37b5-407e-af86-f04d91e7d66b,tables,69206fa8-37b5-407e-af86-f04d91e7d66b.Счет_3b402307-e794-4631-85f3-d1d36ff67806.pdf,"ООО ""КОМУС""",7721793895,744845001,"ООО ""КОМУС""",7721793895,997350001,match,mismatch,match
702,b54e1201-c4da-475e-822a-e7bcf9eb55ff,tables,b54e1201-c4da-475e-822a-e7bcf9eb55ff.900300684816_CDTP_2_31.01.2026.pdf,ПАО «Ростелеком»,7707049388,272143001,"Приморский филиал ПАО ""Ростелеком"" (Дальний Восток)",7707049388,253643002,match,mismatch,match
714,8ff60467-3243-404c-82f3-9b19d01e0efe,tables,8ff60467-3243-404c-82f3-9b19d01e0efe.Счёт №291 от 30 апреля 2026.pdf,"ООО ""ГУОДОНГ""",9709124154,772801001,"ООО ""ГУОДОНГ""",9709124154,772501001,match,mismatch,match
718,c9c86251-c3dc-4e6b-8e1b-d2e58c00d066,tables,c9c86251-c3dc-4e6b-8e1b-d2e58c00d066.Приложение к счету.pdf,Шалунц С.Р.,502917288690,,Шалунц Сурен Рубенович,502917288690,,match,both_missing,mismatch
720,06e780cc-6e41-4576-87cb-e44fcf452d36,tables,06e780cc-6e41-4576-87cb-e44fcf452d36.ЗАК191-Д24442ВК-ЛКСП-24_73 PR_26099347 Копия документов 3х лиц № 260331-164 от 31.03.2026.pdf,Общество с ограниченной ответственностью «ЭмЭмЭс Коммьюникейшн,,,"ООО ""ЛАЙОН КОММЬЮНИКЕЙШНЗ""",7743068844,771401001,llm_missing,llm_missing,mismatch
724,69dfae3d-f8aa-4f75-a6b6-dc701e607a65,tables,69dfae3d-f8aa-4f75-a6b6-dc701e607a65.ON_SCHET_2401-2603XJ313131.pdf,Филиал АО «Компания ТрансТелеКом» «Межрегиональный филиал Восток»,7709219099,246343002,"АО ""Компания ТрансТелеКом""",7709219099,775050001,match,mismatch,match
732,f2f1b406-5402-4fa4-9afa-809fd1194f8c,tables,f2f1b406-5402-4fa4-9afa-809fd1194f8c.Счет на оплату № МК-5045 от 09 апреля 2026 г.pdf,"АО ""КОРПОРАЦИЯ ""ГРИНН""",4629045050,774950001,"АО ""Корпорация ""ГРИНН""",4629045050,997350001,match,mismatch,match
737,41d9981d-d715-4683-97a8-1317601db1d2,tables,41d9981d-d715-4683-97a8-1317601db1d2.900000507239_CDTP_2_31.05.2026.pdf,ПАО «Ростелеком»,7707049388,100143001,"Макрорегиональный филиал ""Северо-Запад"" ПАО ""Ростелеком""",7707049388,784243002,match,mismatch,match
739,76499b1c-1a18-4db6-b5dd-70b60d3b74fb,tables,76499b1c-1a18-4db6-b5dd-70b60d3b74fb.Счет_d4c346a0-ce1c-4090-81f7-dc9e7b4b6eac.pdf,"ООО ""КОМУС""",7721793895,165645001,"ООО ""КОМУС""",7721793895,997350001,match,mismatch,match
740,e3975619-4b68-4122-ab87-979d606ea953,tables,e3975619-4b68-4122-ab87-979d606ea953.SF9100184969.pdf,"ЦЕНТРАЛЬНЫЙ ФИЛИАЛ ПАО ""МЕГАФОН""",7713076301,,"Центральный филиал ПАО ""МегаФон""",7812014560,526202001,mismatch,llm_missing,match
742,762602a6-af3b-4e2c-9315-8c576fa99487,tables,762602a6-af3b-4e2c-9315-8c576fa99487.900000684792_CDTP_2_30.04.2026.pdf,ПАО «Ростелеком»,7707049388,272143001,"Приморский филиал ПАО ""Ростелеком"" (Дальний Восток)",7707049388,253643002,match,mismatch,match
749,3380e8b9-e0e4-4f0d-8d54-204bd47d1eee,tables,3380e8b9-e0e4-4f0d-8d54-204bd47d1eee.900000595837_CDTP_2_31.12.2025.pdf,ПАО «Ростелеком»,7707049388,561243001,"Нижегородский филиал ПАО ""Ростелеком"" (Волга)",7707049388,526043002,match,mismatch,match
750,aec17db8-cfba-49c7-8ced-7b588d807c6d,tables,aec17db8-cfba-49c7-8ced-7b588d807c6d.Счет № 906186 - 1 от 31.12.2025.pdf,"ПАО ""Мобильные ТелеСистемы""",7740000076,997750001,"ПАО ""МТС""",7740000076,997750001,match,match,mismatch
753,e7951263-d6ad-4ac8-a846-5589639d1479,tables,e7951263-d6ad-4ac8-a846-5589639d1479.79_Акт.pdf,Общество с ограниченной ответственностью «ИНГРОСС Лтд»,7703011507,770301001,"ООО ""ИНГРОСС ЛТД""",7743601244,772701001,mismatch,mismatch,match
756,ced2ab6d-7a32-422f-b41e-ab0f66d2185a,tables,ced2ab6d-7a32-422f-b41e-ab0f66d2185a.Счет_cc20feae-8124-4aae-b473-3732dcf8cd49.pdf,"ООО ""КОМУС""",7721793895,781145001,"ООО ""КОМУС""",7721793895,997350001,match,mismatch,match
759,65a451be-755c-4239-b10f-6dbb506486c9,tables,65a451be-755c-4239-b10f-6dbb506486c9.Счет на оплату № 280 от 09 февраля 2026 г.pdf,"ООО ""ЭВЕРЕСТ""",7536132570,280145001,"ООО ""Эверест""",7536132570,753601001,match,mismatch,match
760,0ecd2286-0e5d-4296-ab8a-44e55295650b,tables,0ecd2286-0e5d-4296-ab8a-44e55295650b.4400_6400017461_28-02-2026.PDF,"АО ""Авантел""",7713076301,860243001,"АО ""АВАНТЕЛ""",5408185212,771501001,mismatch,mismatch,match
761,386d980b-f50c-4307-acb1-cd02457fb710,tables,386d980b-f50c-4307-acb1-cd02457fb710.FIB25-SP1-387884_КС-2_Киевская 24.pdf,ОБЩЕСТВО,,,"ООО ""СК Спринт""",7814466033,781001001,llm_missing,llm_missing,mismatch
764,afff2e63-a602-406d-bc2b-106cd72934ed,tables,afff2e63-a602-406d-bc2b-106cd72934ed.900900595897_CDTP_2_31.12.2025.pdf,ПАО «Ростелеком»,7707049388,213043001,"Нижегородский филиал ПАО ""Ростелеком"" (Волга)",7707049388,526043002,match,mismatch,match
766,db976fca-c07b-4e78-8fcc-53b05b214cf6,tables,db976fca-c07b-4e78-8fcc-53b05b214cf6.ЮЛ_Счет_4.pdf,"Горьковский отдел Горьковского филиала ООО ""РУСЭНЕРГОСБЫТ""",7706284124,525732001,"ООО ""РУСЭНЕРГОСБЫТ""",7706284124,770401001,match,mismatch,match
767,c301cf57-b186-428f-9e83-0c12484263f4,tables,c301cf57-b186-428f-9e83-0c12484263f4.Счет на оплату № 80 от 31.01.2026.PDF,"АО ""БТК групп""",7816043890,785050001,"АО ""БТК групп""",7816043890,781601001,match,mismatch,match
773,74dbd36d-c6b7-4eb5-b984-2e5de7f1efe0,tables,74dbd36d-c6b7-4eb5-b984-2e5de7f1efe0.SF9100183195.pdf,"ДАЛЬНЕВОСТОЧНЫЙ ФИЛИАЛ ПАО ""МЕГАФОН""",7713076301,272102001,"Дальневосточный филиал ПАО ""МегаФон""",7812014560,272143001,mismatch,mismatch,match
776,88f0f21e-d749-4660-be21-f589ceef651e,tables,88f0f21e-d749-4660-be21-f589ceef651e.ЗАК180-Д24442ВК-ЛКСП-24_74 PR_26096680 Копия документов 3х лиц № 260331-154 от 31.03.2026.pdf,Общество с ограниченной ответственностью «ЭмЭмЭс Коммьюникейшнз»,,,"ООО ""ЛАЙОН КОММЬЮНИКЕЙШНЗ""",7743068844,771401001,llm_missing,llm_missing,mismatch
781,044d8f24-3fe4-485e-a821-a7d87366cb16,tables,044d8f24-3fe4-485e-a821-a7d87366cb16.УПД (статус 1) № 426 от 31 марта 2026 г.pdf,"МУП ""ЖКХ МО ""р.п. Верхнее Дуброво""",6639009336,663901001,"МУП ""ЖКХ""",6639009336,663901001,match,match,mismatch
784,305d3df5-2bf6-4f8d-91c8-9714031dae30,tables,305d3df5-2bf6-4f8d-91c8-9714031dae30.Акт об оказании услуг(С заказом) №У-015       от 31.12.2025.pdf,"ООО ""ЗТИ-Связьтехнологии""",7717147218,771701001,"ООО ""ЗТИ- Связьтехнологии""",7717147218,774850001,match,mismatch,match
792,137bc975-6a50-47cb-82c5-229b12f93de8,tables,137bc975-6a50-47cb-82c5-229b12f93de8.Invoice1352116.pdf,"ООО ""Сетел""",7736222460,772101001,"ООО ""Цифра Один""",7722678655,772101001,mismatch,match,mismatch
793,1e4ec698-9b87-4344-a720-11d2d1de754a,tables,1e4ec698-9b87-4344-a720-11d2d1de754a.КС-2.pdf,"Общество с ограниченной ответственностью ""Ария ТВ""",7707083893,,"ООО ""АРИЯ ТВ""",7838025743,783901001,mismatch,llm_missing,match
797,ee2fd230-ccc7-47bc-a6c3-fc9060e09d15,tables,ee2fd230-ccc7-47bc-a6c3-fc9060e09d15.1000_6400002856_18_19-01-2026.PDF,"АО ""ЭР-Телеком Холдинг""",7713076301,720243001,"АО ""ЭР-ТЕЛЕКОМ ХОЛДИНГ""",5902202276,590501001,mismatch,mismatch,match
799,9300931d-4f62-4bc5-bb1b-cafeac77a3ab,tables,9300931d-4f62-4bc5-bb1b-cafeac77a3ab.Счет № 907517 - 1 от 31.01.2026.pdf,"Публичное акционерное общество ""Мобильные ТелеСистемы""",7740000076,997750001,"ПАО ""МТС""",7740000076,997750001,match,match,mismatch
803,25a780ee-e20e-4105-9ad4-5a8394cd2f4d,tables,25a780ee-e20e-4105-9ad4-5a8394cd2f4d.Счет на оплату № 660 от 18 марта 2026 г.pdf,"ООО ""ЭВЕРЕСТ""",7536132570,381245001,"ООО ""Эверест""",7536132570,753601001,match,mismatch,match
805,b5bae6e1-8c14-49c4-a182-7a796f9cc975,tables,b5bae6e1-8c14-49c4-a182-7a796f9cc975.900300684960_CDTP_2_31.05.2026.pdf,ПАО «Ростелеком»,7707049388,650143001,"Приморский филиал ПАО ""Ростелеком"" (Дальний Восток)",7707049388,253643002,match,mismatch,match
813,520e0112-d893-43e6-a99e-1e24f3656a46,tables,520e0112-d893-43e6-a99e-1e24f3656a46.Акт о возмещении  ущерба май 2026.pdf,ООО «ДНС Ритейл»,7743056000,774301001,"ООО ""ДНС РИТЕЙЛ""",2540167061,783450001,mismatch,mismatch,match
815,d29db5c2-3f1a-4801-b8b6-d630a490ec82,tables,d29db5c2-3f1a-4801-b8b6-d630a490ec82.Акт МХ-1 №АП-1930806-2RND334LW от 26.06.26.pdf,"ООО ""ЭМИЛИНК МСК""",,,"АО ""ГК ""ЛОГЛАБ""",7736506800,771501001,llm_missing,llm_missing,mismatch
819,a9cfdd44-d3f9-4b8b-84de-95eaa3f21c7a,tables,a9cfdd44-d3f9-4b8b-84de-95eaa3f21c7a.Счет_№Т144_от_24-06-2026_по_заказу_SRG-2605-AVR-2191-6.pdf,"ООО ""СТРОИТЕЛЬНАЯ КОМПАНИЯ ТРОН""",6671170509,665801001,"ООО ""СТРОИТЕЛЬНАЯ КОМПАНИЯ ТРОН""",6671170509,668501001,match,mismatch,match
820,ea561ef9-e432-41fd-a318-cd2ae0976356,tables,ea561ef9-e432-41fd-a318-cd2ae0976356.raschet_Michurina_yanvar.pdf,ИП Полубоярцев Г.С.,,,Полубоярцев Геннадий Сергеевич,482424666400,,llm_missing,both_missing,mismatch
836,d6f01ba2-1e0c-4a67-9a61-80950e241cfb,tables,d6f01ba2-1e0c-4a67-9a61-80950e241cfb.Приложение №5 ФК_111256.pdf,ООО «ФОРТ-КОНТРОЛЬ»,7707083893,770701001,"ООО ""ФОРТ-КОНТРОЛЬ""",5040125816,504001001,mismatch,mismatch,match
838,461fdd91-4b8b-4a53-b0d4-f532466a65a4,tables,461fdd91-4b8b-4a53-b0d4-f532466a65a4.Счет № 903992 - 1 от 31.05.2026.pdf,"Публичное акционерное общество ""Мобильные ТелеСистемы""",7740000076,997750001,"ПАО ""МТС""",7740000076,997750001,match,match,mismatch
843,79a2d34f-d5b6-448e-aa78-96bf71ba822f,tables,79a2d34f-d5b6-448e-aa78-96bf71ba822f.Счет № 1925 от 30.06.2025.pdf,ИП Ежков А. Г.,165060974030,,Ежков Александр Григорьевич,165060974030,,match,both_missing,mismatch
845,a87b5fce-b5cf-4589-b120-cf08dac25524,tables,a87b5fce-b5cf-4589-b120-cf08dac25524._3847_ot_31_marta_2026_g.pdf,"ГУП МО ""Чеховское ЖКХ""",5048052077,504801001,"МП ""ЖКХ Чеховского района""",5048052077,504801001,match,match,mismatch
858,601ac3a6-49b4-4a1c-b734-13b0d1d49863,tables,601ac3a6-49b4-4a1c-b734-13b0d1d49863.900500558281_CDTP_2_31.01.2026.pdf,ПАО «Ростелеком»,7707049388,773443001,"Приморский филиал ПАО ""Ростелеком"" (Дальний Восток)",7707049388,253643002,match,mismatch,match
859,81996fb1-ebbb-489a-b8f1-f98f32e7d947,tables,81996fb1-ebbb-489a-b8f1-f98f32e7d947.Акт_потребления_3301_20260430.pdf,"ПАО ""ПЕРМЭНЕРГОСБЫТ""",7707083893,770701001,"ПАО ""ПЕРМЭНЕРГОСБЫТ""",5904123809,590401001,mismatch,mismatch,match
860,8354ac60-9828-4b55-9e09-3d34e6d1ecbd,tables,8354ac60-9828-4b55-9e09-3d34e6d1ecbd.Schet-faktura.pdf,ИП Толстых Д. В.,220400816200,220400816,Толстых Дмитрий Владимирович,220400816200,,match,edo_missing,mismatch
868,6f186f6c-63d2-4fd9-bba0-a7895738bfbd,tables,6f186f6c-63d2-4fd9-bba0-a7895738bfbd.ON_SCHET_2BM-7713076301-2012052807251168061080000000000_2BED057CA467E5C49A396D38C04F04BBAA0_20260201_00068467-0000-0102-0001-000099478317.PDF,АО «Независимая энергосбытовая компания Краснодарского края»,2308091759,230843001,"Филиал ОАО ""НЭСК"" ""Краснодарэнергосбыт",2308091759,230843001,match,match,mismatch
872,4fb528a6-d580-4fc3-a928-0476b0294c03,tables,4fb528a6-d580-4fc3-a928-0476b0294c03.счет за февраль.PDF,"ООО ""Нефтегазстрой""",7713076301,025301365,"ООО  ""Нефтегазстрой""",0253013650,026401001,mismatch,mismatch,match
882,6a7e69e4-6852-4b8e-8e4c-8451e307fef4,tables,6a7e69e4-6852-4b8e-8e4c-8451e307fef4.FIB25-SP1-387225 КС-2_Жукова-Ленинский_ВымпелКом_демонтаж.pdf,ОБЩЕСТВО С ОГРА,,,"ООО ""СК Спринт""",7814466033,781001001,llm_missing,llm_missing,mismatch
896,83edd247-f3d1-4c2f-aa5d-785570724ab7,tables,83edd247-f3d1-4c2f-aa5d-785570724ab7.900900894842_CDTP_2_31.05.2026.pdf,ПАО «Ростелеком»,7707049388,280143001,"Приморский филиал ПАО ""Ростелеком"" (Дальний Восток)",7707049388,253643002,match,mismatch,match
898,8e9119dc-7406-4244-9d08-fd8e672df4ad,tables,8e9119dc-7406-4244-9d08-fd8e672df4ad.900400628409_CDTP_2_31.05.2026.pdf,ПАО «Ростелеком»,7707049388,420543001,"Новосибирский филиал ПАО ""Ростелеком"" (Сибирь)",7707049388,540643001,match,mismatch,match
899,a7d89948-82ff-476a-b431-14ef692337c0,tables,a7d89948-82ff-476a-b431-14ef692337c0.Акт_7713076301_165543001_82598-67_2026.03.31_00.pdf,"ПУБЛИЧНОЕ АКЦИОНЕРНОЕ ОБЩЕСТВО ""ТАТТЕЛЕКОМ""",1681000024,163332001,"ПАО ""ТАТТЕЛЕКОМ""",1681000024,166001001,match,mismatch,match
901,4098caad-aae7-476c-a8b0-3f8dc8a7542f,tables,4098caad-aae7-476c-a8b0-3f8dc8a7542f.900400494757_CDTP_2_31.05.2026.pdf,ПАО «Ростелеком»,7707049388,380843001,"Новосибирский филиал ПАО ""Ростелеком"" (Сибирь)",7707049388,540643001,match,mismatch,match
903,1043cd5b-44a6-4d30-b9f2-c6161782b1a7,tables,1043cd5b-44a6-4d30-b9f2-c6161782b1a7.Schet_pokupatelyu.pdf,ИП ФИЛИН А. В.,402708841238,,Филин Андрей Владимирович,402708841238,,match,both_missing,mismatch
915,3f203f15-eaea-46d4-8f3c-3df77e480055,tables,3f203f15-eaea-46d4-8f3c-3df77e480055.ON_SCHET_6101-2601RP320420.pdf,Филиал АО «Компания ТрансТелеКом» «Межрегиональный филиал Запад»,7709219099,616443002,"АО ""Компания ТрансТелеКом""",7709219099,775050001,match,mismatch,match
916,2331f8c5-c6fc-401f-8437-bd91313fe852,tables,2331f8c5-c6fc-401f-8437-bd91313fe852.АктПриемки_WXX-5156913-1YAR310KWB.PDF,"ООО ""ТЕХСИТИСЕРВИС""",,,"ООО ""СТА Карго""",7810825228,781401001,llm_missing,llm_missing,mismatch
924,0ba6ada8-c327-4450-bfe8-1df9a5e651bb,tables,0ba6ada8-c327-4450-bfe8-1df9a5e651bb.вымпелКом.pdf,"ОАО ""РЖД""",7708503727,997650001,Центральная станция связи ОАО «РЖД»,7708503727,771843001,match,mismatch,mismatch
925,d4bfb53c-1e60-4364-be71-2503282407f2,tables,d4bfb53c-1e60-4364-be71-2503282407f2.Аванс1_01.02.2026_18.02.2026_ИННРСО5406993045_КППРСО540601001_ИНН7713076301_КПП540503001_ID04122_514_124978039.pdf,ООО «НТСК»,5406993045,540601001,ООО «СИБИРСКАЯ ТЕПЛОСБЫТОВАЯ КОМПАНИЯ»,2462222097,772501001,mismatch,mismatch,mismatch
929,5a058134-2184-4a58-8ac1-b2fda9b3ffae,tables,5a058134-2184-4a58-8ac1-b2fda9b3ffae.Schet_pokupatelyu.pdf,"МКООО ""АМФИ ХОЛДИНГ""",3900021880,770244001,"МКООО ""АМФИ ХОЛДИНГ""",3900021880,390001001,match,mismatch,match
932,27ed6d6c-656d-4280-a7f2-d015e5caafcf,tables,27ed6d6c-656d-4280-a7f2-d015e5caafcf.расшифровка.pdf,"ООО ""Седар""",117036781200,117036781,"ООО ""СЕДАР""",7727797448,772701001,mismatch,mismatch,match
937,12a349fe-0a13-4eac-8047-0c26dc3379f7,tables,12a349fe-0a13-4eac-8047-0c26dc3379f7.Счет на оплату выданный № упр1312 от 31.05.2026.pdf,"АО ""АЛЬФА-БАНК""",7713076301,044525593,"ЕМУП ""ГОРТРАНС""",6608002732,667101001,mismatch,mismatch,mismatch
948,4dd58441-a6e5-4c47-91c0-b427cccd8186,tables,4dd58441-a6e5-4c47-91c0-b427cccd8186.224_cчет вымпел.pdf,Индивидуальный предприниматель Белоус Валерий Федорович,7713076301,,ИП Белоус Валерий Федорович,666002217237,,mismatch,both_missing,match
950,bb380360-0de6-412a-8bfd-2923134be31c,tables,bb380360-0de6-412a-8bfd-2923134be31c.4400_6400036466_30-04-2026.PDF,"АО ""Авантел""",7713076301,860245007,"АО ""АВАНТЕЛ""",5408185212,771501001,mismatch,mismatch,match
953,c013a6b0-2720-499c-a2e7-1864fc5139ea,tables,c013a6b0-2720-499c-a2e7-1864fc5139ea.2026 75846).pdf,УФПС ЯРОСЛАВСКОЙ ОБЛАСТИ,7724490000,760443001,"АО ""ПОЧТА РОССИИ""",7724490000,997650001,match,mismatch,mismatch
958,6805f3f6-9779-4e60-a187-dd24e3cebf60,tables,6805f3f6-9779-4e60-a187-dd24e3cebf60.Счет_cb6ce16e-a8ef-4cc7-bfa7-76f214938682.pdf,"ООО ""КОМУС""",7721793895,504145001,"ООО ""КОМУС""",7721793895,997350001,match,mismatch,match
960,c387f9ae-0312-4542-a254-ad51cfdce45b,tables,c387f9ae-0312-4542-a254-ad51cfdce45b.900400838332_CDTP_2_30.04.2026.pdf,ПАО «Ростелеком»,7707049388,650143001,"Приморский филиал ПАО ""Ростелеком"" (Дальний Восток)",7707049388,253643002,match,mismatch,match
961,b0a1e282-b268-4b58-b024-3b669a95f2ac,tables,b0a1e282-b268-4b58-b024-3b669a95f2ac.Счет_b35a97b3-c824-488b-add6-884691551d5f.pdf,"ООО ""КОМУС""",7721793895,744845001,"ООО ""КОМУС""",7721793895,997350001,match,mismatch,match
964,2fc8a21a-4beb-45e2-afb6-12e09dda68da,tables,2fc8a21a-4beb-45e2-afb6-12e09dda68da.Зн  Вымпелком 10.01.25.pdf,ООО «Автоцентр Дюк и К»,7713076301,771307630,"ООО ""АВТОЦЕНТР ДЮК И К""",4209032900,420501001,mismatch,mismatch,match
965,106e3fb3-4a75-463d-b451-ef8471753a82,tables,106e3fb3-4a75-463d-b451-ef8471753a82.ON_AKTSVERKI_2BM-7713076301-2012052807251168061080000000000_2BM-6168002922-616801001-201408060714163447308_20260301_00233772-0000-0106-0001-000175280239.PDF,"Публичное акционерное общество ""ТНС энерго Ростов-на-Дону""",7707083893,770701001,"ПАО ""ТНС энерго Ростов-на-Дону""",6168002922,997650001,mismatch,mismatch,match
971,2d607b58-838c-45f6-b20e-e14dde63fd08,tables,2d607b58-838c-45f6-b20e-e14dde63fd08.Akt_sverki_vzaimoraschetov.pdf,"ООО ""ПСП ЗАВОД ЖБИ""",2704016699,270401669,"ООО ""ПСП Завод ЖБИ""",2704016699,270401001,match,mismatch,match
984,fa15c1d4-32a1-4c39-9a6f-b4b791f07e4c,tables,fa15c1d4-32a1-4c39-9a6f-b4b791f07e4c.05.2026 РПД 74-07-ВК.pdf,009113138147041,,,"ООО ""ОПТЭС""",7701393881,770401001,llm_missing,llm_missing,mismatch
988,b1e6a2c3-9c90-4a9c-97bb-35d9afd58c96,tables,b1e6a2c3-9c90-4a9c-97bb-35d9afd58c96.сф № ЕИВ00002012 от 26 апреля 2026 Вымпелком.pdf,ИП Шагдарова И.В.,032500432033,,ИП Шагдарова Индира Валерьевна,032500432033,,match,both_missing,mismatch
990,be5492c6-d6b9-4f18-aee6-5381f39d73b5,tables,be5492c6-d6b9-4f18-aee6-5381f39d73b5.АктВыдачи_WXX-4927839-1YAR310KW.PDF,"ООО ""ДИНАТ""",,,"ООО ""СТА Карго""",7810825228,781401001,llm_missing,llm_missing,mismatch
993,af38dec5-7620-4a13-b856-e6d064750404,tables,af38dec5-7620-4a13-b856-e6d064750404.Счет на оплату № 317 от 19 июня 2026 г.pdf,ИП Исхаков А. Я.,230803583403,,Исхаков Артем Яковлевич,230803583403,,match,both_missing,mismatch
999,abb59b99-b2fc-4e23-abf7-b3a521faf498,tables,abb59b99-b2fc-4e23-abf7-b3a521faf498.31 счет вк лс 326695.pdf,"ОАО ""РЖД""",7708503727,997650001,Центральная станция связи ОАО «РЖД»,7708503727,771843001,match,mismatch,mismatch
1004,ca75ebc0-41b0-4efd-a634-97112c3905ca,tables,ca75ebc0-41b0-4efd-a634-97112c3905ca.Счет_79d04639-1b72-4aa5-90e7-afa5aaae82da.pdf,"ООО ""КОМУС""",7721793895,500945001,"ООО ""КОМУС""",7721793895,997350001,match,mismatch,match
1007,1a0b5bbe-3aed-470c-b02d-3cad2512a6ed,tables,1a0b5bbe-3aed-470c-b02d-3cad2512a6ed.ON_SCHET_2BM-7713076301-2012052807251168061080000000000_2BEb3a11426ba21487bb94eb837c2df5238_20260212_ED371284-5254-42C0-8142-55E11F85AF0F.pdf,"ФИЛИАЛ ""ХАБАРОВСКИЙ"" АО ""АЛЬФА-БАНК""",,,"ПАО ""ДЭК""",2723088770,997650001,llm_missing,llm_missing,mismatch
1008,647bc8b3-fc45-4feb-9277-b8dd6c3d902c,tables,647bc8b3-fc45-4feb-9277-b8dd6c3d902c.900900595813_CDTP_2_30.04.2026.pdf,ПАО «Ростелеком»,7707049388,645243001,"Нижегородский филиал ПАО ""Ростелеком"" (Волга)",7707049388,526043002,match,mismatch,match
1019,e9472e3f-805c-483e-8717-38bc0943b5ef,tables,e9472e3f-805c-483e-8717-38bc0943b5ef.Schet_pokupatelyu.pdf,ИП ФИЛИН А. В.,402708841238,,Филин Андрей Владимирович,402708841238,,match,both_missing,mismatch
1020,1d61e945-cc6b-4e0a-b0c9-f572639ac3ed,tables,1d61e945-cc6b-4e0a-b0c9-f572639ac3ed.Акт 47 вэс_28.02.26_3277_Вымпелком.pdf,ПАО «Россети Ленэнерго»,,,"АО ""РОССЕТИ ЦИФРА""",7705307770,773401001,llm_missing,llm_missing,mismatch
1025,d2c85dc6-8357-4a72-9f6c-f0cf9cfe3410,tables,d2c85dc6-8357-4a72-9f6c-f0cf9cfe3410.1_Счет на оплату № 29 от 31 марта 2026 г.pdf,"ООО ""ГРАНД ВЭЙ""",2635219430,263401001,"ООО ""ГРАНД ВЭЙ""",2635219430,263501001,match,mismatch,match
1030,689c1557-5338-49c1-af32-91796daf7b69,tables,689c1557-5338-49c1-af32-91796daf7b69.4 MOBILE_26014559 Акт № 260131-0082 от 31.01.2026.pdf,ООО «ЭхЭхЭк Духовых»,7707083893,770701001,"ООО ""ЛАЙОН КОММЬЮНИКЕЙШНЗ""",7743068844,771401001,mismatch,mismatch,mismatch
1037,115036ad-c7de-4f99-a23e-8dc2e80ddac0,tables,115036ad-c7de-4f99-a23e-8dc2e80ddac0.АктВыдачи_WXX-4896734-1YAR400KWB.PDF,"ООО ""СЕРВИОНИКА""",5074355890,507435589,"ООО ""СТА Карго""",7810825228,781401001,mismatch,mismatch,mismatch
1045,37f35129-7627-481f-940e-1c163324c2ae,tables,37f35129-7627-481f-940e-1c163324c2ae.2026 02 счет ЭЭ- в марте 2026.pdf,Северо-Западный директн скоростного сообщения ОАО «РЖД»,7708503727,781746003,"ДОСС ОАО ""РЖД""",7708503727,770843004,match,mismatch,mismatch
1049,bb601d9d-1477-4b74-b79c-de876d0a42cc,tables,bb601d9d-1477-4b74-b79c-de876d0a42cc.Поступление ТНС февраль 2026.pdf,"ООО ""Леант""",230604003891,230604003,"ООО ""Леант""",2347008225,234701001,mismatch,mismatch,match
1052,dcefa45f-66c5-4dc5-b436-6b4da31f2c5c,tables,dcefa45f-66c5-4dc5-b436-6b4da31f2c5c.Счет №НС00-000087 от 2026-01-31.PDF,ООО ПКО НСВ,7727551797,785250001,ООО ПКО НСВ,7727551797,775101001,match,mismatch,match
1053,5920d013-8630-4116-840c-0199b826596e,tables,5920d013-8630-4116-840c-0199b826596e.ЗАК356-Д24442ВК-ЛКСП-24_191 PR_26163909 Акт № 260531-0269 от 31.05.2026.pdf,ООО «ЭхаЭхаК»,7706510000,770651001,"ООО ""ЛАЙОН КОММЬЮНИКЕЙШНЗ""",7743068844,771401001,mismatch,mismatch,mismatch
1061,23b9ac35-0c4d-4f82-9dbd-bb829fa83ab1,tables,23b9ac35-0c4d-4f82-9dbd-bb829fa83ab1.Счет на оплату № 2518 от 15 апреля 2026 г.pdf,"ООО ""ПрофСервисТрейд""",7707820378,774301001,"ООО ""ПРОФСЕРВИСТРЕЙД""",7707820378,771401001,match,mismatch,match
1062,75ecb109-ffb7-40ca-8b80-0ae2a8f7bb82,tables,75ecb109-ffb7-40ca-8b80-0ae2a8f7bb82.26NSS26053100001 от 31.05.2026 счет ВымпелКом Новосибирск.pdf,ООО «АПР-Сити/ТВД»,7703225956,770601001,"ООО ""АПР-Сити/ТВД""",7703225956,771401001,match,mismatch,match
1065,c3e7c390-e456-4175-a466-6c584d95704b,tables,c3e7c390-e456-4175-a466-6c584d95704b.900500684812_CDTP_2_31.03.2026.pdf,ПАО «Ростелеком»,7707049388,272143001,"Приморский филиал ПАО ""Ростелеком"" (Дальний Восток)",7707049388,253643002,match,mismatch,match
1066,9f0330eb-b69d-49c0-b5f3-f9560bd8c79f,tables,9f0330eb-b69d-49c0-b5f3-f9560bd8c79f.ON_SCHET_2605RP400790.pdf,ПАО Сбербанк,7709219099,775050001,"АО ""Компания ТрансТелеКом""",7709219099,775050001,match,match,mismatch
1075,ac78f9ad-281d-4866-8c13-516e42ee4c10,tables,ac78f9ad-281d-4866-8c13-516e42ee4c10.Счет на оплату № 255 от 12 марта 2026 г.pdf,ИП Паламарчук А. Л.,712500206168,,Паламарчук Александр Леонидович,712500206168,,match,both_missing,mismatch
1082,2f9c929c-cdc7-43a0-bc26-94bfe76cb776,tables,2f9c929c-cdc7-43a0-bc26-94bfe76cb776.АКТ_ООО MBM_04_2026.pdf,ООО МВМ,1149010010,114901001,"ООО ""МВМ""",7707548740,997350001,mismatch,mismatch,match
1083,923ffc5a-ef82-4eaf-a568-c571bad87585,tables,923ffc5a-ef82-4eaf-a568-c571bad87585.900200737156_CDTP_2_31.05.2026.pdf,ПАО «Ростелеком»,7707049388,532143002,"Макрорегиональный филиал ""Северо-Запад"" ПАО ""Ростелеком""",7707049388,784243002,match,mismatch,match
1088,c42b6e75-4b2a-4df4-ad77-5f4de7bdcff2,tables,c42b6e75-4b2a-4df4-ad77-5f4de7bdcff2.Счет-фактура и УПД 31.05.26 № 457 697 328.50 в т.ч. НДС 125 747.76 (1).pdf,"ООО ""ОФИСНЫЙ ЦЕНТР ПАРИТЕТ""",7606111992,760601001,"ООО ""ОФИСНЫЙ ЦЕНТР ЧКАЛОВА 2""",7606101296,760601001,mismatch,match,mismatch
1089,d2ca5211-52a0-4e54-bc97-d649a8a2c7ec,tables,d2ca5211-52a0-4e54-bc97-d649a8a2c7ec.900700684571_CDTP_2_31.12.2025.pdf,ПАО «Ростелеком»,7707049388,143543001,"Приморский филиал ПАО ""Ростелеком"" (Дальний Восток)",7707049388,253643002,match,mismatch,match
1090,0fa7c8f0-4013-4af3-8f45-1331b235bf80,tables,0fa7c8f0-4013-4af3-8f45-1331b235bf80.Акт сверки за 2025г..pdf,ИП Соловцов М. Р.,760700991587,,Соловцов Михаил Романович,760700991587,,match,both_missing,mismatch
1092,ef479945-02aa-4da4-8cba-b5459f64e95f,tables,ef479945-02aa-4da4-8cba-b5459f64e95f.УПД №74010111000751И022026 от 28.02.26.pdf,"ООО ""Уральская энергосбытовая компания""",7453313477,775050001,Атабадзе Галина Анатольевна,744700767477,,mismatch,edo_missing,mismatch
1096,b6aef89c-dfda-4843-815e-81d220d39444,tables,b6aef89c-dfda-4843-815e-81d220d39444.Счет_FP323-01-26-24_5115.pdf,"Акционерное общество ""АВАНТЕЛ""",5408185212,891143001,"АО ""АВАНТЕЛ""",5408185212,771501001,match,mismatch,match
1101,a227eeea-6ef4-4685-a503-029d8c74a31a,tables,a227eeea-6ef4-4685-a503-029d8c74a31a.VV334817_Certificate.pdf,"ООО ""РУССЕРТ""",,,"ООО ""Мерлион""",7719269331,997350001,llm_missing,llm_missing,mismatch
1102,5384e32a-6f31-42c3-9b9e-e606d7e2845a,tables,5384e32a-6f31-42c3-9b9e-e606d7e2845a.УПД №1090 от 14.05.pdf,"ООО ""Сбер2В""",7730241227,773001001,"ООО ""ТОТ""",7730241227,773001001,match,match,mismatch
1103,1ebb4f5e-e824-4758-8a1c-e29fab5d7006,tables,1ebb4f5e-e824-4758-8a1c-e29fab5d7006.ON_SCHET_2401-2603RP346731.pdf,Филиал АО «Компания ТрансТелеКом» «Межрегиональный филиал Восток»,7709219099,246343002,"АО ""Компания ТрансТелеКом""",7709219099,775050001,match,mismatch,match
1107,5228196b-e6f8-4c28-bb71-0b2fce3469d2,tables,5228196b-e6f8-4c28-bb71-0b2fce3469d2.Акт об оказании услуг № 20 от 31 мая 2026 г.pdf,"ТСЖ ""НАДЕЖДЕНСКИЙ""",6659039339,665901001,"ТСЖ ""НАДЕЖДЕНСКИЙ""",6659039339,667801001,match,mismatch,match
1109,7ef5f83a-14be-4e11-b246-57ef408c211c,tables,7ef5f83a-14be-4e11-b246-57ef408c211c.Счет_af24ab3d-7630-47a0-b674-6cf3734a7a3f.pdf,"ООО ""КОМУС""",7721793895,500945005,"ООО ""КОМУС""",7721793895,997350001,match,mismatch,match
1113,172d2adc-17f4-4ef0-b217-b8bc14ffc1cd,tables,172d2adc-17f4-4ef0-b217-b8bc14ffc1cd.30 счет вк лс 340787.pdf,"ОАО ""РЖД""",7708503727,997650001,Центральная станция связи ОАО «РЖД»,7708503727,771843001,match,mismatch,mismatch
1114,88ed9c87-ab8c-4faa-82f7-53922ba3e205,tables,"88ed9c87-ab8c-4faa-82f7-53922ba3e205.АКТ № 12956 демонтажа, экспертизы и возврата оборудования и материалов.pdf","ЗАО ""ГК ""ЛогЛаб""",,,"ООО ""Ветекс""",7806433771,780601001,llm_missing,llm_missing,mismatch
1116,3b3db2f2-b829-43ad-90ae-c8c2960f2325,tables,3b3db2f2-b829-43ad-90ae-c8c2960f2325.900200733064_CDTP_2_31.05.2026.pdf,ПАО «Ростелеком»,7707049388,631543001,"Нижегородский филиал ПАО ""Ростелеком"" (Волга)",7707049388,526043002,match,mismatch,match
1130,c98a8579-da9f-4b55-a874-681f0a1b19c0,tables,c98a8579-da9f-4b55-a874-681f0a1b19c0.Акт сверки № 17883 от 15.04.26.pdf,"Акционерное общество ""Ульяновскэнерго""",7327012462,732701001,"АО ""УЛЬЯНОВСКЭНЕРГО""",7327012462,785150001,match,mismatch,match
1138,7d1994d7-e844-4c59-a15d-365e137c941d,tables,7d1994d7-e844-4c59-a15d-365e137c941d.900001047811_CDTP_2_31.05.2026.pdf,ПАО «Ростелеком»,7707049388,121543001,"Нижегородский филиал ПАО ""Ростелеком"" (Волга)",7707049388,526043002,match,mismatch,match
1151,88864b6b-7682-46fe-a80a-3975a0d1e709,tables,88864b6b-7682-46fe-a80a-3975a0d1e709.Вымпелком март.pdf,"АО ""Мосэнергосбыт""",5090100000,509010001,"АО ""ИПОГАТ""",5016000830,501601001,mismatch,mismatch,mismatch
1153,24265201-d9e8-476c-9891-122202e0f688,tables,24265201-d9e8-476c-9891-122202e0f688.Акт об оказании услуг № 49 от 28 февраля 2026 г.pdf,ИП Лысов А. С.,370259634920,,Лысов Александр Сергеевич,370259634920,,match,both_missing,mismatch
1173,f57184c7-239c-4937-a3df-e015c671f872,tables,f57184c7-239c-4937-a3df-e015c671f872.Vodokanal_UPD_01.26.pdf,"Муниципальное Унитарное Предприятие г. Астрахани ""Астрводоканал",3017037981,,"ООО ""АСТРАХАНСКИЙ ЦУМ""",3015113066,301501001,mismatch,llm_missing,mismatch
1178,60b2c67c-b961-47a9-a8aa-8983ecff62f5,tables,60b2c67c-b961-47a9-a8aa-8983ecff62f5.2026_02_расчет_Кристалл.pdf,"ООО УК ""Меркури Эссет Менеджмент""",7713076301,616502001,"ООО УК ""МЕРКУРИ ЭССЕТ МЕНЕДЖМЕНТ""",7726380482,770401001,mismatch,mismatch,match
1181,e5e12a71-3986-48e5-a6b6-e589b53dff4a,tables,e5e12a71-3986-48e5-a6b6-e589b53dff4a.ЭМ_133-133 Билайн_офисы. ОП Хабаровск (отд. Биробиджан). Май 2026 - Акт.pdf,"ООО ""ЭКОМАКС""",,,"ООО ""ЭМ""",5404083146,540401001,llm_missing,llm_missing,mismatch
1184,69f256d8-4f82-4e39-bae5-845049de6620,tables,69f256d8-4f82-4e39-bae5-845049de6620.Акт _603_сдачи приемки от 10.04.26.pdf,ООО «Пэй Киоск»,7707083893,770701001,"ООО ""Пэй Киоск""",7705721283,772601001,mismatch,mismatch,match
1198,926668e7-a8b0-4b10-a856-6f6fdbc26286,tables,926668e7-a8b0-4b10-a856-6f6fdbc26286.Счет № 64-93 от 31.03.26.pdf,"АО ""ЛИМАК""",7720000011,772001001,"АО ""ЛИМАК""",4826004888,482601001,mismatch,mismatch,match
1200,362c2b8d-16c7-46c2-86d9-de19cbc550f7,tables,362c2b8d-16c7-46c2-86d9-de19cbc550f7.20260629 Счет № П17-00015-08-2026 от 05 Июля 2026.pdf,"АО ""Связьтранснефть""",7723011906,027802001,"АО ""СВЯЗЬТРАНСНЕФТЬ""",7723011906,997650001,match,mismatch,match
1202,ed6e7a83-d68b-4cd6-a708-e1b6e90c1c26,tables,ed6e7a83-d68b-4cd6-a708-e1b6e90c1c26.ON_SCHET_2401-2605RP352144.pdf,Филиал АО «Компания ТрансТелеКом» «Межрегиональный филиал Восток»,7709219099,246343002,"АО ""Компания ТрансТелеКом""",7709219099,775050001,match,mismatch,match
1214,f3125f1e-2f95-4813-9cfc-3fbab6522bcf,tables,f3125f1e-2f95-4813-9cfc-3fbab6522bcf.Счет на оплату № 2213 от 19 марта 2026 г.pdf,"ООО ""ПрофСервисТрейд""",7707820378,774301001,"ООО ""ПРОФСЕРВИСТРЕЙД""",7707820378,771401001,match,mismatch,match
1220,f7a0d5a5-8a2a-4164-a0c6-6bf6d7bb0337,tables,f7a0d5a5-8a2a-4164-a0c6-6bf6d7bb0337.Счет № 904951 - 1 от 28.02.2026.pdf,"Публичное акционерное общество ""Мобильные ТелеСистемы"" (ПАО ""МТС"")",7740000076,997750001,"ПАО ""МТС""",7740000076,997750001,match,match,mismatch
1231,db2b51ab-6039-47ad-928c-aebfc9158d21,tables,db2b51ab-6039-47ad-928c-aebfc9158d21.ON_SCHET_6101-2604RP318955.pdf,Филиал АО «Компания ТрансТелеКом» «Межрегиональный филиал Запад»,7709219099,616443002,"АО ""Компания ТрансТелеКом""",7709219099,775050001,match,mismatch,match
1232,ad11e607-04f3-49d0-ac63-8df02cd0dbf2,tables,ad11e607-04f3-49d0-ac63-8df02cd0dbf2.АктВыдачи_WXX-5133065-1YAR310KW.PDF,"ООО ""ТЕХСИТИСЕРВИС""",7707083893,770701001,"ООО ""СТА Карго""",7810825228,781401001,mismatch,mismatch,mismatch
1242,ea5df60e-daf9-481b-806c-c9261fd234c7,tables,ea5df60e-daf9-481b-806c-c9261fd234c7.Счет-фактура  №613_08_01876 от 31.08.25 - bf8652a8-d659-4738-ba72-4ea7f3681cb8 Пермэнерго Лион-тр.pdf,"ООО ""ЛИОН-ТРЕЙД""",5903008289,590301001,Трубина Вероника Сергеевна,590204491132,,mismatch,edo_missing,mismatch
1250,9d0cc2f7-1732-4293-8771-050ba64540a3,tables,9d0cc2f7-1732-4293-8771-050ba64540a3.900900595845_CDTP_2_31.05.2026.pdf,ПАО «Ростелеком»,7707049388,583643001,"Нижегородский филиал ПАО ""Ростелеком"" (Волга)",7707049388,526043002,match,mismatch,match
1258,861b1f39-3bda-432d-89f3-7f5f9b8038a9,tables,861b1f39-3bda-432d-89f3-7f5f9b8038a9.900200732871_CDTP_2_31.03.2026.pdf,ПАО «Ростелеком»,7707049388,561243001,"Нижегородский филиал ПАО ""Ростелеком"" (Волга)",7707049388,526043002,match,mismatch,match
1263,b3edd6a2-fdf5-4f33-8f92-de719dc51a83,tables,b3edd6a2-fdf5-4f33-8f92-de719dc51a83.СЧЁТ 00-26-00-FR006929.pdf,"Акционерное общество ""Страховое общество газовой промышленности""",7736035485,997950001,"АО ""СОГАЗ""",7736035485,770801001,match,mismatch,mismatch
1275,5cf09657-f145-442c-ad7d-fa1be2ec63d8,tables,5cf09657-f145-442c-ad7d-fa1be2ec63d8.Счет на оплату № 11 от 31 января 2026 г.pdf,"ООО ""ГРАНД ВЭЙ""",2635219430,263401001,"ООО ""ГРАНД ВЭЙ""",2635219430,263501001,match,mismatch,match
1279,290a044a-1cd3-47f5-907d-e9bef9fa25db,tables,290a044a-1cd3-47f5-907d-e9bef9fa25db.Акт_7713076301_165543001_4645_2026.02.28_00.pdf,"Общество с ограниченной ответственностью ""Твои мобильные технологии""",1655327859,165501001,"ПАО ""ТАТТЕЛЕКОМ""",1681000024,166001001,mismatch,mismatch,mismatch
1282,109bd70b-a4af-46cf-bec6-23af8b31b0be,tables,109bd70b-a4af-46cf-bec6-23af8b31b0be.900600595847_CDTP_2_31.05.2026.pdf,ПАО «Ростелеком»,7707049388,583643001,"Нижегородский филиал ПАО ""Ростелеком"" (Волга)",7707049388,526043002,match,mismatch,match
1286,99a92e4c-8795-415c-9b13-a6090a7c987e,tables,99a92e4c-8795-415c-9b13-a6090a7c987e.Расшифровка_расчета_по_договору_ЭЭ0302-09117_за_02.2026.xlsx (1).pdf,"ПАО ""Россети Волга""",,,"ООО ""ГУОДОНГ""",9709124154,772501001,llm_missing,llm_missing,mismatch
1287,25d12a6d-41fa-4bbe-bc5c-a8e8248390d8,tables,25d12a6d-41fa-4bbe-bc5c-a8e8248390d8.Приложение №5 ФК_123902.pdf,ООО «ФОРТ-КОНТРОЛЬ»,7707083893,770701001,"ООО ""ФОРТ-КОНТРОЛЬ""",5040125816,504001001,mismatch,mismatch,match
1288,68aa8ea6-7cef-46b7-98c5-2bbfd4fa5516,tables,68aa8ea6-7cef-46b7-98c5-2bbfd4fa5516.900700595807_CDTP_2_31.12.2025.pdf,ПАО «Ростелеком»,7707049388,645243001,"Нижегородский филиал ПАО ""Ростелеком"" (Волга)",7707049388,526043002,match,mismatch,match
1292,f0042e33-1bff-4739-b0a1-03d2509399b1,tables,f0042e33-1bff-4739-b0a1-03d2509399b1.Акт об оказании услуг № 1547 от 31 декабря 2025 г.pdf,ИП Гольц Семён Михайлович,616484400018,,Гольц Ольга Григорьевна,616405652569,,mismatch,both_missing,mismatch
1305,c41cf630-b5df-412c-81d5-c0b984b7b548,tables,c41cf630-b5df-412c-81d5-c0b984b7b548.АктЭлектро-БС-21813-01.02.26_Билайн.pdf,ТСН «Гаражный комплекс «РАДАР»,,,"ТСН ""ГК ""РАДАР""",5027276693,502701001,llm_missing,llm_missing,mismatch
1306,3d42b4b7-145d-4de5-a713-3fe2f85f0fdd,tables,3d42b4b7-145d-4de5-a713-3fe2f85f0fdd.ON_BILL_2BM_2BM_20260502_735114245#9330111#I.pdf,Северо-Западный филиал ПАО «МегаФон»,7812014560,780143001,"Северо-Западный филиал ПАО ""МегаФон""",7812014560,784143001,match,mismatch,match
1307,3335ff16-d792-4908-93b9-c5d7f82dbb09,tables,3335ff16-d792-4908-93b9-c5d7f82dbb09.900700732809_CDTP_2_31.01.2026.pdf,ПАО «Ростелеком»,7707049388,132643001,"Нижегородский филиал ПАО ""Ростелеком"" (Волга)",7707049388,526043002,match,mismatch,match
1308,bcf13608-f9f3-4146-bfbd-85f2b8ecbec1,tables,bcf13608-f9f3-4146-bfbd-85f2b8ecbec1.28 PR_26031571 Копия документов 3х лиц № 260131-087 от 31.01.2026.pdf,Общество с ограниченной ответственностью «ЭмЭмЭс Коммьюникейшнз»,,,"ООО ""ЛАЙОН КОММЬЮНИКЕЙШНЗ""",7743068844,771401001,llm_missing,llm_missing,mismatch
1315,7a56cd75-6cc1-4430-be2f-3922bc898576,tables,7a56cd75-6cc1-4430-be2f-3922bc898576.8728150-0110 торг-2.pdf,"ООО ""КОМЛИНК СПБ""",,,"ЗАО ""ГК АККОРД""",7709797580,507401001,llm_missing,llm_missing,mismatch
1319,c3cd684a-f95a-479a-a3f2-e7707e8625da,tables,c3cd684a-f95a-479a-a3f2-e7707e8625da.рсшифровка.pdf,"ООО ""Седар""",117036770000,770000000,"ООО ""СЕДАР""",7727797448,772701001,mismatch,mismatch,match
1330,ac80ebfc-13ae-430b-9bd3-2909041481c3,tables,ac80ebfc-13ae-430b-9bd3-2909041481c3.ON_VEDOMOST_2BM-7713076301-2012052807251168061080000000000_2BM-1101301856-2012052807212867861080000000000_31032026 34.PDF,"Акционерное общество ""Коми энергосбытовая компания""",7707083893,770701001,"АО ""Коми энергосбытовая компания""",1101301856,785150001,mismatch,mismatch,match
1333,2978bb8f-f4e6-4f04-b657-4ccc0497fd25,tables,2978bb8f-f4e6-4f04-b657-4ccc0497fd25.счет.pdf,"ТРК ""РУМБА""",,,"ООО ""Петромобиль-Строй""",7807044560,781301001,llm_missing,llm_missing,mismatch
1336,5561c30f-fdd2-4582-b991-a3cf55275bfe,tables,5561c30f-fdd2-4582-b991-a3cf55275bfe.ON_SCHET_2401-2512RP347553.pdf,Филиал АО «Компания ТрансТелеКом» «Межрегиональный филиал Восток»,7709219099,246343002,"АО ""Компания ТрансТелеКом""",7709219099,775050001,match,mismatch,match
1362,f5641c18-09c0-41b5-8afd-ac3b58673ddd,tables,f5641c18-09c0-41b5-8afd-ac3b58673ddd.900500558309_CDTP_2_30.04.2026.pdf,ПАО «Ростелеком»,7707049388,213043001,"Нижегородский филиал ПАО ""Ростелеком"" (Волга)",7707049388,526043002,match,mismatch,match
1375,e7d3f371-16b6-4d5c-9fd9-1dd5bf302358,tables,e7d3f371-16b6-4d5c-9fd9-1dd5bf302358.Счет на оплату № 136 от 01 июня 2026 г.pdf,ИП Тамбов Р. Б.,231500251150,,Тамбов Руслан Борисович,231500251150,,match,both_missing,mismatch
1376,89cf410c-1fba-4571-8102-b6906d7d3496,tables,89cf410c-1fba-4571-8102-b6906d7d3496.ON_DETAIL_2603XJ385985.pdf,21K005995-001,,,"АО ""Компания ТрансТелеКом""",7709219099,775050001,llm_missing,llm_missing,mismatch
1384,432c79dd-ccf0-48ad-9baa-6cef90acfcf8,tables,432c79dd-ccf0-48ad-9baa-6cef90acfcf8.900500595805_CDTP_2_31.05.2026.pdf,ПАО «Ростелеком»,7707049388,645243001,"Нижегородский филиал ПАО ""Ростелеком"" (Волга)",7707049388,526043002,match,mismatch,match
1385,4cd5d381-04fa-468e-8b96-934527df7377,tables,4cd5d381-04fa-468e-8b96-934527df7377.АДО БС 25595 ID 456015.pdf,"ЗАО ""ГК ""ЛогЛаб""",,,"ООО ""СТРОЙМИГ КОННЕКТ""",7720788564,772001001,llm_missing,llm_missing,mismatch
1390,7f35f6a6-994a-4667-8143-302468f7b699,tables,7f35f6a6-994a-4667-8143-302468f7b699.Счет на оплату № 124 от 29 июня 2026 г.pdf,ИП ГРОШЕВ Ю. А.,280117643803,,Грошев Юрий Александрович,280117643803,,match,both_missing,mismatch
1392,6c39b256-dea6-4968-a9f9-39a040b0f26a,tables,6c39b256-dea6-4968-a9f9-39a040b0f26a.900500589658_CDTP_2_31.01.2026.pdf,ПАО «Ростелеком»,7707049388,420543001,"Новосибирский филиал ПАО ""Ростелеком"" (Сибирь)",7707049388,540643001,match,mismatch,match
1395,07618120-9d74-40f3-b3c5-f427199d3886,tables,07618120-9d74-40f3-b3c5-f427199d3886.ЗАК340-Д24442_ВК-ЛКСП-24_59_TV_26151291 Копия документов 3х лиц № 260609-008 от 09.06.2026.pdf,"ООО ""ДИАМАНД и Ко""",9703132102,770301001,"ООО ""ЛАЙОН КОММЬЮНИКЕЙШНЗ""",7743068844,771401001,mismatch,mismatch,mismatch
1397,a701e3fd-08d3-42dd-888c-818f85013ef7,tables,a701e3fd-08d3-42dd-888c-818f85013ef7.Счет_c6b7df8e-8c45-4859-a98b-db4ab471095a.pdf,"ООО ""КОМУС""",7721793895,500945005,"ООО ""КОМУС""",7721793895,997350001,match,mismatch,match
1398,f88edd15-1915-4bbe-9f05-02b119d283d6,tables,f88edd15-1915-4bbe-9f05-02b119d283d6.Акт об оказании услуг № 87 от 31.03.2026.pdf,"Муниципальное автономное учреждение культуры города Калининград ""Калининградский театр эстрады""",3908016280,390601001,"МАУК КТК ""ДОМ ИСКУССТВ""",3908016280,390601001,match,match,mismatch
1404,d1033b47-1206-4c3f-9e6f-1bf05b453a4f,tables,d1033b47-1206-4c3f-9e6f-1bf05b453a4f.1000_6400703490_12_30-04-2026.PDF,"АО ""ЭР-Телеком Холдинг""",7713076301,526245028,"АО ""ЭР-ТЕЛЕКОМ ХОЛДИНГ""",5902202276,590501001,mismatch,mismatch,match
1420,4de59c8e-341b-4e5b-8670-70fca09dae0a,tables,4de59c8e-341b-4e5b-8670-70fca09dae0a.Акт по договору №2019 ОДН за февраль 2026.pdf,ООО «Центр – ТЕХОСТРОЙПРОЕКТ»,114700000000,114700000,"ООО ""ЦЕНТР-ТЕХОСТРОЙПРОЕКТ""",0522015457,052201001,mismatch,mismatch,match
1428,7ec7acc6-809b-4f60-b8dc-cc35b0effd7c,tables,7ec7acc6-809b-4f60-b8dc-cc35b0effd7c.ЗАК389-Д24442ВК-ЛКСП-24_174 PR_26163352 Акт № 260531-0194 от 31.05.2026.pdf,ООО «ЭхаЭхаЭк»,7707083893,770701001,"ООО ""ЛАЙОН КОММЬЮНИКЕЙШНЗ""",7743068844,771401001,mismatch,mismatch,mismatch
1441,42dc3a6b-797f-4601-8dbd-3536e094e365,tables,42dc3a6b-797f-4601-8dbd-3536e094e365.Счет № 900497 - 1 от 28.02.2026.pdf,"Публичное акционерное общество ""Мобильные ТелеСистемы""",7740000076,997750001,"ПАО ""МТС""",7740000076,997750001,match,match,mismatch
1442,c7cfbb5a-0173-4ad4-9261-202198630c9a,tables,c7cfbb5a-0173-4ad4-9261-202198630c9a.Счет на оплату № 1176 от 13 мая 2026 г.pdf,"АО ""СВ",,,"АО ""СВЯЗЬ ИНЖИНИРИНГ М""",7713551934,772401001,llm_missing,llm_missing,mismatch
1450,20297354-e644-45bd-851c-785481d693f4,tables,20297354-e644-45bd-851c-785481d693f4.Счет на оплату № 547 от 21.04.2026.pdf,"Общество с ограниченной ответственностью ""Ария TВ""",7838025743,783901001,"ООО ""АРИЯ ТВ""",7838025743,783901001,match,match,mismatch
1452,ce520fa8-beef-4ddc-b940-3a2828bc3992,tables,ce520fa8-beef-4ddc-b940-3a2828bc3992.900400595843_CDTP_2_30.04.2026.pdf,ПАО «Ростелеком»,7707049388,583643001,"Нижегородский филиал ПАО ""Ростелеком"" (Волга)",7707049388,526043002,match,mismatch,match
1453,81cc1037-3d54-47fb-8df2-3063a89487af,tables,81cc1037-3d54-47fb-8df2-3063a89487af.Счет на оплату № ЕИВ00000664 от 24 февраля 2026 Вымпелком.pdf,ИП Шагдарова И.В.,032500432033,,ИП Шагдарова Индира Валерьевна,032500432033,,match,both_missing,mismatch
1456,62a5a551-c898-43dd-aac5-cfaf892a2f49,tables,62a5a551-c898-43dd-aac5-cfaf892a2f49.Вымпел Ком 01.26.pdf,"Малова П.О., ЛВОКИ МСК",,,Дирекция железнодорожных вокзалов – филиал ОАО «РЖД»,7708503727,770943001,llm_missing,llm_missing,mismatch
1471,e9a035e8-e13c-421c-b192-e1d6c934c3f8,tables,e9a035e8-e13c-421c-b192-e1d6c934c3f8.Акт_7713076301_165543001_25779_2026.01.31_00.pdf,"ПУБЛИЧНОЕ АКЦИОНЕРНОЕ ОБЩЕСТВО ""ТАТТЕЛЕКОМ""",1681000024,162732002,"ПАО ""ТАТТЕЛЕКОМ""",1681000024,166001001,match,mismatch,match
1479,2bc12b93-9014-4726-a291-a1c149dcac03,tables,2bc12b93-9014-4726-a291-a1c149dcac03.Счет № 902434 - 1 от 31.01.2026.pdf,ПАО «Мобильные ТелеСистемы»,7740000076,997750001,"ПАО ""МТС""",7740000076,997750001,match,match,mismatch
1482,41b624a1-1bb3-4394-ba7f-5f2fdd15eb97,tables,41b624a1-1bb3-4394-ba7f-5f2fdd15eb97.Счет № 904937 - 1 от 31.05.2026.pdf,"ПАО ""Мобильные ТелеСистемы""",7740000076,997750001,"ПАО ""МТС""",7740000076,997750001,match,match,mismatch
1486,39265a18-982c-4b28-8561-87ae061a5250,tables,39265a18-982c-4b28-8561-87ae061a5250.ON_SCHET_2401-2601XJ352418.pdf,Филиал АО «Компания ТрансТелеКом» «Межрегиональный филиал Восток»,7709219099,246343002,"АО ""Компания ТрансТелеКом""",7709219099,775050001,match,mismatch,match
1512,eadb90e5-1f97-47a9-b678-b107730a817d,tables,eadb90e5-1f97-47a9-b678-b107730a817d.Акт об оказании услуг № 30 от 30 апреля 2026 г.pdf,"ООО ""АДЕС""",7816600809,781660001,"ООО ""АДЕС""",7816600809,781601001,match,mismatch,match
1517,09eb4e70-1ab4-4b4d-8ab0-11c55a6755b7,tables,09eb4e70-1ab4-4b4d-8ab0-11c55a6755b7.сф № ЕИВ00001123 от 28 февраля 2026 Вымпелком 25.pdf,ИП Шагдарова И.В.,032500432033,,ИП Шагдарова Индира Валерьевна,032500432033,,match,both_missing,mismatch
1521,6896a01e-d285-4d21-a812-6a448fbcd04f,tables,6896a01e-d285-4d21-a812-6a448fbcd04f.Акт сверки расчетов за ЭЭ (пустой) 19135 (0).pdf,"ПАО ""Кузбассэнергосбыт""",7707083893,770701001,"ПАО ""Кузбассэнергосбыт""",4205109214,775050001,mismatch,mismatch,match
1524,24b153f4-ce41-4e7b-a5e9-38d3a6aeb26e,tables,24b153f4-ce41-4e7b-a5e9-38d3a6aeb26e.КС-2 №429-2 от 24.04.2026.pdf,"ООО ""ФОРТ-КОНТРОЛЬ""",7722915496,772291549,"ООО ""ФОРТ-КОНТРОЛЬ""",5040125816,504001001,mismatch,mismatch,match
1534,e10d9398-7a56-41b5-ab2e-96e7f4f17083,tables,e10d9398-7a56-41b5-ab2e-96e7f4f17083.Счет на оплату НФ-6641 от 28.02.2026 .pdf,Общество с ограниченной ответственностью 'ЭкоЦентр',3444177534,237243001,"ООО ""ЭкоЦентр""",3444177534,770301001,match,mismatch,match
1536,d298c637-2936-44e7-b3d7-9370696f9754,tables,d298c637-2936-44e7-b3d7-9370696f9754.КС-2 №261 от 24.03.2026.pdf,"ООО ""ФОРТ-КОНТРОЛЬ""",7725549895,772554989,"ООО ""ФОРТ-КОНТРОЛЬ""",5040125816,504001001,mismatch,mismatch,match
1537,a77e9d7c-e6a0-41e1-95a6-81201dd35254,tables,a77e9d7c-e6a0-41e1-95a6-81201dd35254.ЭМ_109-109 Билайн_офисы. ОП Хабаровск (отд. Биробиджан). Апрель 2026 - Акт.pdf,"ООО ""ЭКОМАКС""",,,"ООО ""ЭМ""",5404083146,540401001,llm_missing,llm_missing,mismatch
1538,f7a1dfdd-0a0e-4cd0-b3b4-40858511ebbd,tables,f7a1dfdd-0a0e-4cd0-b3b4-40858511ebbd.900300935489_CDTP_2_31.12.2025.pdf,ПАО «Ростелеком»,7707049388,650143001,"Приморский филиал ПАО ""Ростелеком"" (Дальний Восток)",7707049388,253643002,match,mismatch,match
1539,088af9c6-000d-43d9-afcb-99a818060130,tables,088af9c6-000d-43d9-afcb-99a818060130.04.2026 10142 Акт ЭЭН ИП Виноградов.pdf,ИП Виноградов Роман Владимирович,318784700254,,Виноградов Роман Владимирович,781612808300,,mismatch,both_missing,match
1544,8698ea5c-3a45-4fa9-b7b8-5caadf085326,tables,8698ea5c-3a45-4fa9-b7b8-5caadf085326.SUBRENT_0080013942_S_701D226AF3B2B349E1000000C0A830B5.pdf,"АО ""АЛЬФА-БАНК""",7707083893,770701001,"АО ""Торговый дом ""ПЕРЕКРЕСТОК""",7728029110,997350001,mismatch,mismatch,mismatch
1549,e9852f2f-6b0c-41d2-9185-ffde8fd73b7d,tables,e9852f2f-6b0c-41d2-9185-ffde8fd73b7d.НМ185 АКТ ЗАЧЕТА ВОЗНАГРАЖДЕНИЯ от 31.03.2026.pdf,"ООО ""УГМК-Телеком""",7702011227,770201001,"ООО ""УГМК-Телеком""",6606022606,668601001,mismatch,mismatch,match
1551,6c206472-527a-4172-9964-4c06c57c3510,tables,6c206472-527a-4172-9964-4c06c57c3510.счет 01_01156_26.pdf,"ООО ""ГАЗПРОМ ТРАНСГАЗ САНКТ-ПЕТЕРБУРГ""",7805018099,780501809,"ООО ""Газпром трансгаз Санкт-Петербург""",7805018099,997250001,match,mismatch,match
1552,75e6465d-9e5f-43ae-9bb1-cac583643064,tables,75e6465d-9e5f-43ae-9bb1-cac583643064.СчетЗаказ.pdf,"АО ""ДГК""",1434031363,997650001,"АО ""ДГК""",1434031363,272101001,match,mismatch,match
1561,bca9bead-227e-4ef6-8157-ea5ae05d98b5,tables,bca9bead-227e-4ef6-8157-ea5ae05d98b5.ON_SCHET_2401-2604RP347362.pdf,Филиал АО «Компания ТрансТелеКом» «Межрегиональный филиал Восток»,7709219099,246343002,"АО ""Компания ТрансТелеКом""",7709219099,775050001,match,mismatch,match
1567,f81b582a-5291-4942-a911-3472eeb7b345,tables,f81b582a-5291-4942-a911-3472eeb7b345.Счет на оплату № 709 от 31 мая 2026 г.pdf,"ООО ""Русский Мастер""",5404070958,772001001,"ООО ""РУССКИЙ МАСТЕР""",5404070958,772901001,match,mismatch,match
1570,e70cc6fd-eff8-4595-9324-9850c7236a6b,tables,e70cc6fd-eff8-4595-9324-9850c7236a6b.Счет_2292_П_20.pdf,Публичное,,,"ПАО ""ТГК-2""",7606053324,760601001,llm_missing,llm_missing,mismatch
1576,31c90dfd-fb7e-472f-a5b4-d015183e61c8,tables,31c90dfd-fb7e-472f-a5b4-d015183e61c8.ЗАК118-Д24442ВК-ЛКСП-24_50 PR_26085393 Копия документов 3х лиц № 260228-105 от 28.02.2026.pdf,Общество с ограниченной ответственностью «ЭмЭмЭс Коммьюникейшнз»,,,"ООО ""ЛАЙОН КОММЬЮНИКЕЙШНЗ""",7743068844,771401001,llm_missing,llm_missing,mismatch
1584,eea4d91e-71fa-4f61-a988-87c563e2dc70,tables,eea4d91e-71fa-4f61-a988-87c563e2dc70.Приложение №5 ФК_129100.pdf,ООО «ФОРТ-КОНТРОЛЬ»,7707083893,770701001,"ООО ""ФОРТ-КОНТРОЛЬ""",5040125816,504001001,mismatch,mismatch,match
1585,4385d90a-af69-4b8f-9807-68ed01ebe35a,tables,4385d90a-af69-4b8f-9807-68ed01ebe35a.ON_KOMPAKTSVERKI_2BM-7713076301-2012052807251168061080000000000_2BEE96BB211189F43F69F0E5C866B2D2BDE_20260401_00027270-0000-0250-0001-000042847466.PDF,"Публичное акционерное общество ""Астраханская энергосбытовая компания""",7707083893,770701001,"ПАО ""АСТРАХАНСКАЯ ЭНЕРГОСБЫТОВАЯ КОМПАНИЯ""",3017041554,785150001,mismatch,mismatch,match
1590,42a3a820-c2af-4a12-8279-34095fbb256f,tables,42a3a820-c2af-4a12-8279-34095fbb256f.SF9100183124.pdf,"СИБИРСКИЙ ФИЛИАЛ ПАО ""МЕГАФОН""",7812014560,407028108,"Сибирский филиал ПАО ""МегаФон""",7812014560,540643001,match,mismatch,match
1591,f23b15c1-0268-48f6-9fc4-198a9a2e35d9,tables,f23b15c1-0268-48f6-9fc4-198a9a2e35d9.Универсальный передаточный документ (УПД) № 236 от 30.04.2026.pdf,"ООО ""КИДБУРГ""",7802758313,540345001,"ООО ""Кидбург""",7802758313,781001001,match,mismatch,match
1594,7a40895a-4611-4552-8e38-8aae04615f85,tables,7a40895a-4611-4552-8e38-8aae04615f85.Акт 4_31.03.26_Вымпелком_1225.pdf,ПАО «Россети Ленэнерго»,,,"АО ""РОССЕТИ ЦИФРА""",7705307770,773401001,llm_missing,llm_missing,mismatch
1599,cc440a2d-c020-4a5f-996e-2cdfb88f4830,tables,cc440a2d-c020-4a5f-996e-2cdfb88f4830.900600733180_CDTP_2_31.05.2026.pdf,ПАО «Ростелеком»,7707049388,519043001,"Макрорегиональный филиал ""Северо-Запад"" ПАО ""Ростелеком""",7707049388,784243002,match,mismatch,match
1601,18e7b8a1-b9dc-4909-9e33-3cd3ab0c1c1b,tables,18e7b8a1-b9dc-4909-9e33-3cd3ab0c1c1b.АктВыдачи_WXX-5163883-1YAR310KWB.PDF,"ООО ""ТЕХСИТИСЕРВИС""",7707083893,770701001,"ООО ""СТА Карго""",7810825228,781401001,mismatch,mismatch,mismatch
1613,fc38c735-a6ae-420b-afde-c4238a7f06e5,tables,fc38c735-a6ae-420b-afde-c4238a7f06e5.Schet_na_oplatu__183_ot_18_aprelya_2026_g.pdf,ИП Кондрашов В.И.,381250309106,,Кондрашов Владимир Иванович,381250309106,,match,both_missing,mismatch
1616,f5cf1881-02dd-4133-a265-c4c01b828167,tables,f5cf1881-02dd-4133-a265-c4c01b828167.900300715904_CDTP_2_30.04.2026.pdf,ПАО «Ростелеком»,7707049388,532143002,"Макрорегиональный филиал ""Северо-Запад"" ПАО ""Ростелеком""",7707049388,784243002,match,mismatch,match
1636,5c587cff-18d9-44d1-9abe-3200187475d3,tables,5c587cff-18d9-44d1-9abe-3200187475d3.АКТ ввода прибора учета в эксплуатацию.pdf,АО «СоцинтехИнстал»,,,"АО ""Социнтех-Инстал""",7721518786,540501001,llm_missing,llm_missing,mismatch
1648,7f710dea-470c-4b4e-a251-3ebc86e49888,tables,7f710dea-470c-4b4e-a251-3ebc86e49888.Приложение №5 ФК_111008.pdf,ООО «ФОРТ-КОНТРОЛЬ»,7707083893,770701001,"ООО ""ФОРТ-КОНТРОЛЬ""",5040125816,504001001,mismatch,mismatch,match
1679,f75c68dd-2767-449e-bdee-3b67a25202ff,tables,f75c68dd-2767-449e-bdee-3b67a25202ff.ON_SCHET_2401-2602RP368573.pdf,Филиал АО «Компания ТрансТелеКом» «Межрегиональный филиал Восток»,7709219099,246343002,"АО ""Компания ТрансТелеКом""",7709219099,775050001,match,mismatch,match
1680,dfc1c1e8-feee-46e5-b16e-660e3bf1aa01,tables,dfc1c1e8-feee-46e5-b16e-660e3bf1aa01.03 2026 ВымпелКом.pdf,АО «ВРМ»,,,"АО ""АТОМСБЫТ""",3666092377,366601001,llm_missing,llm_missing,mismatch
1685,e92204bc-f045-415c-a912-8af8cab21c5a,tables,e92204bc-f045-415c-a912-8af8cab21c5a.Счет на оплату № 1955 от 16 марта 2026 г.pdf,"ООО ""ПрофСервисТрейд""",7707820378,774301001,"ООО ""ПРОФСЕРВИСТРЕЙД""",7707820378,771401001,match,mismatch,match
1696,6bee9bbb-4121-4e8f-91a8-9dcae8de6fd7,tables,6bee9bbb-4121-4e8f-91a8-9dcae8de6fd7.900800574886_CDTP_2_31.12.2025.pdf,ПАО «Ростелеком»,7707049388,032343001,"Новосибирский филиал ПАО ""Ростелеком"" (Сибирь)",7707049388,540643001,match,mismatch,match
1697,a24a5874-85dc-455e-ab65-9ec01ca7d013,tables,a24a5874-85dc-455e-ab65-9ec01ca7d013.Счет № 907509 - 1 от 30.04.2026.pdf,"Публичное акционерное общество ""Мобильные ТелеСистемы""",7740000076,997750001,"ПАО ""МТС""",7740000076,997750001,match,match,mismatch
1710,d947b17c-7b35-40c0-98e3-0e582f6d55f3,tables,d947b17c-7b35-40c0-98e3-0e582f6d55f3.900100715761_CDTP_2_30.04.2026.pdf,ПАО «Ростелеком»,7707049388,352543001,"Макрорегиональный филиал ""Северо-Запад"" ПАО ""Ростелеком""",7707049388,784243002,match,mismatch,match
1715,df5df12c-b896-4159-9bfe-a8d8879b6d37,tables,"df5df12c-b896-4159-9bfe-a8d8879b6d37.АКТ №28014 демонтажа, экспертизы и возврата оборудования и материалов 1.pdf","ЗАО ""ГК ""ЛогЛаб""",,,"ООО ""ПАРИТЕТ""",5029254550,504401001,llm_missing,llm_missing,mismatch
1723,d67a5fb5-9301-400a-a184-9c2d49d5f744,tables,d67a5fb5-9301-400a-a184-9c2d49d5f744.ЧАТП 61343 КдК_Ковалевское.pdf,Генеральный подрядчик,,,"ООО ""ПРОМСВЯЗЬМОНТАЖ""",2801227222,280101001,llm_missing,llm_missing,mismatch
1725,f9b36d02-103e-4627-bdd5-3943871836c5,tables,f9b36d02-103e-4627-bdd5-3943871836c5.А20 Счет на оплату № 171226395 от 29.12.25 УВК.pdf,"УЛЬЯНОВСКОЕ МУНИЦИПАЛЬНОЕ УНИТАРНОЕ ПРЕДПРИЯТИЕ ВОДОПРОВОДНО-КАНАЛИЗАЦИОННОГО ХОЗЯЙСТВА ""УЛЬЯНОВСКВОДОКАНАЛ""",7303005240,,"ООО УК ""Альфа-Капитал""",7728142469,770301001,mismatch,llm_missing,mismatch
1738,fb15865f-8913-46fd-9b82-5a26f6afebd1,tables,fb15865f-8913-46fd-9b82-5a26f6afebd1.1000_6400868292_41_31-05-2026.PDF,"АО ""ЭР-Телеком Холдинг""",,616502001,"АО ""ЭР-ТЕЛЕКОМ ХОЛДИНГ""",5902202276,590501001,llm_missing,mismatch,match
1744,b69af460-5dab-491c-8a92-2fe20a4d7c3a,tables,b69af460-5dab-491c-8a92-2fe20a4d7c3a.Счет  ВымпелКом_ от 31-05-2026.pdf,ИП Исаева С.О.,,,Исаева Сильва Оганесовна,231708496576,,llm_missing,both_missing,mismatch
1750,90140a97-d8d0-4486-bcaa-f0d487c0e8b7,tables,90140a97-d8d0-4486-bcaa-f0d487c0e8b7.Итоговый счет_7713076301_202604_15459873.pdf,"Акционерное Общество ""Дальневосточная Генерирующая Компания""",1434031363,790145001,"АО ""ДГК""",1434031363,272101001,match,mismatch,match
1761,ff6e075b-05ee-4d59-835f-030ab42bf6db,tables,ff6e075b-05ee-4d59-835f-030ab42bf6db.900700618255_CDTP_2_28.02.2026.pdf,ПАО «Ростелеком»,7707049388,222443001,"Новосибирский филиал ПАО ""Ростелеком"" (Сибирь)",7707049388,540643001,match,mismatch,match
1764,44a05c5b-a00f-4fd1-b2b6-a76179246562,tables,44a05c5b-a00f-4fd1-b2b6-a76179246562.Акт об оказании услуг № 33 от 19 февраля 2026 г.pdf,"ООО ""ПСБ Страхование""",7728306068,772830606,"ООО ""ПСБ СТРАХОВАНИЕ""",7728306068,770501001,match,mismatch,match
1765,172ef09a-ec2f-4f8e-9326-2382f5322e10,tables,172ef09a-ec2f-4f8e-9326-2382f5322e10.счет № 107 от 01.05.2026г.pdf,ИП Соловцов М. Р.,760700991587,,Соловцов Михаил Романович,760700991587,,match,both_missing,mismatch
1771,f1283ccc-aeec-4970-ba54-cf3e369db384,tables,f1283ccc-aeec-4970-ba54-cf3e369db384.Счет на оплату № 79 от 30 апреля 2026 г.pdf,"Филиал ООО ""Консауд-Сити"" город Новороссийск",7104037745,231543001,"ООО ""Консауд-Сити""",7104037745,710601001,match,mismatch,match
1772,74eb1577-105a-48f6-bc15-220f5542c2e7,tables,74eb1577-105a-48f6-bc15-220f5542c2e7.Вложения от 11.06.26 18-27.pdf,ИП Сёмкина Ютта Юрьевна,7704228075,673243001,Сёмкина Ютта Юрьевна,673111320404,,mismatch,edo_missing,match
1774,ede2f077-0e55-4771-b82b-8582235a8ec7,tables,ede2f077-0e55-4771-b82b-8582235a8ec7.Ведомость - Энергосбыт Плюс за январь 2026г..pdf,"Общество с ограниченной ответственностью ""ВышкаСтройСити""",107150000000,,"ООО ""ВЫШКАСТРОЙСИТИ""",9718155529,771801001,mismatch,llm_missing,match
1783,293eaad2-e2d7-4f14-bf47-540d2f87a607,tables,293eaad2-e2d7-4f14-bf47-540d2f87a607.Счет № 904269 - 1 от 28.02.2026.pdf,"Публичное акционерное общество ""Мобильные ТелеСистемы""",7740000076,997750001,"ПАО ""МТС""",7740000076,997750001,match,match,mismatch
1788,7715cce2-4911-4197-adb9-aca7be54de77,tables,7715cce2-4911-4197-adb9-aca7be54de77.Schet_na_oplatu__211010_ot_11_fevralya_2026g_.pdf,"ООО ""ВАШ ПАРТНЕР""",2901163188,290101001,"ООО ""ТАРГЕТ ПЛЮС""",2901292779,290101001,mismatch,match,mismatch
1807,9285e68f-cfef-4705-8d9b-1176cd4be229,tables,9285e68f-cfef-4705-8d9b-1176cd4be229.КС-2 №206 от 07.03.2026.pdf,"ООО ""ФОРТ-КОНТРОЛЬ""",7722059098,772201001,"ООО ""ФОРТ-КОНТРОЛЬ""",5040125816,504001001,mismatch,mismatch,match
1809,57ca3633-140b-4f21-adaa-a9b188d6ccad,tables,57ca3633-140b-4f21-adaa-a9b188d6ccad.ON_SCHET_6101-2605RP313883.pdf,Филиал АО «Компания ТрансТелеКом» «Межрегиональный филиал Запад»,7709219099,616443002,"АО ""Компания ТрансТелеКом""",7709219099,775050001,match,mismatch,match
1810,4744f2a7-916f-4d23-b7ac-29846f26c7aa,tables,4744f2a7-916f-4d23-b7ac-29846f26c7aa.Счет.pdf,"Ростовская дирекция связи - структурное подразделение Центральной станции связи - филиала ОАО ""РЖД""",7708503727,616731022,Центральная станция связи ОАО «РЖД»,7708503727,771843001,match,mismatch,mismatch
1811,30fd7a96-fa68-47df-9c41-dcef37e2d744,tables,30fd7a96-fa68-47df-9c41-dcef37e2d744.акт сверки вымпелком .pdf,"Публичное акционерное общество ""Аэропорт Братск""",3805104706,380510100,"ПАО ""АЭРОБРАТСК""",3805104706,380501001,match,mismatch,match
1815,ed609c42-d4f0-4cdf-b1ac-4e8ef93e06af,tables,ed609c42-d4f0-4cdf-b1ac-4e8ef93e06af.Акт об оказании услуг № 10 от 28 февраля 2026 г.pdf,"ТСЖ ""ТАГАНСКАЯ 79""",6673191769,667301001,"ТСЖ ""Таганская 79""",6673191769,668601001,match,mismatch,match
1821,5730d0cd-e407-4965-8ebb-3d29025644a5,tables,5730d0cd-e407-4965-8ebb-3d29025644a5.900600685158_CDTP_2_28.02.2026.pdf,ПАО «Ростелеком»,7707049388,532143002,"Макрорегиональный филиал ""Северо-Запад"" ПАО ""Ростелеком""",7707049388,784243002,match,mismatch,match
1830,5c65534c-885c-4b00-ae2c-dcbac17bccb4,tables,5c65534c-885c-4b00-ae2c-dcbac17bccb4.АВЗ_Вымпелком_ЮТ_Март 2026.pdf,"ООО ""Южный ТЕЛЕКОМ""",7707083893,770701001,"ООО ""Южный ТЕЛЕКОМ""",2308073414,230801001,mismatch,mismatch,match
1832,99ce770e-861b-49f8-aa94-4b9ef2f29997,tables,99ce770e-861b-49f8-aa94-4b9ef2f29997.Счет-фактура №112921 от 31.05.26.pdf,АО «Самарагорэнергосбыт»,6316138990,631601001,Бирюкова Вера Васильевна,631208428843,,mismatch,edo_missing,mismatch
1837,397a5203-2ae8-495a-9c2d-e6e2fa797216,tables,397a5203-2ae8-495a-9c2d-e6e2fa797216.Счет № 901868 - 1 от 31.12.2025.pdf,"ПАО ""Мобильные ТелеСистемы""",7740000076,997750001,"ПАО ""МТС""",7740000076,997750001,match,match,mismatch
1843,aabdd2b6-3e2e-4a40-a854-6367484e6939,tables,aabdd2b6-3e2e-4a40-a854-6367484e6939.Приложение №5 ФК_108158.pdf,ООО «ФОРТ-КОНТРОЛЬ»,7707083893,,"ООО ""ФОРТ-КОНТРОЛЬ""",5040125816,504001001,mismatch,llm_missing,match
1847,b7b3b2c2-d661-45a5-91e6-b63df0a721fe,tables,b7b3b2c2-d661-45a5-91e6-b63df0a721fe.900900776649_CDTP_2_30.04.2026.pdf,ПАО «Ростелеком»,7707049388,650143001,"Приморский филиал ПАО ""Ростелеком"" (Дальний Восток)",7707049388,253643002,match,mismatch,match
1855,849fb150-3e81-44b5-a377-2319d2fa5282,tables,849fb150-3e81-44b5-a377-2319d2fa5282.АСВ_7713076301997750001_4028033356402801001_20260105_6D147228-AEDA-4591-9966-3D39CB8A6C98.pdf,"ООО ""Каскад-Энергосбыт""",7707083893,770701001,"ООО ""Каскад-Энергосбыт""",4028033356,402801001,mismatch,mismatch,match
1857,6f4c97d6-a004-48a1-a51b-067682da6e60,tables,6f4c97d6-a004-48a1-a51b-067682da6e60.ЗАК371-Д24442ВК-ЛКСП-24_166 PR_26163349 Копия документов 3х лиц № 260531-167 от 31.05.2026.pdf,Общество с ограниченной ответственностью «ЭмЭмЭс Коммьюникейшнз»,,,"ООО ""ЛАЙОН КОММЬЮНИКЕЙШНЗ""",7743068844,771401001,llm_missing,llm_missing,mismatch
1863,dbcec02a-9092-432b-bb43-e871f1090985,tables,dbcec02a-9092-432b-bb43-e871f1090985.Счет на оплату № 520 от 04 марта 2026 г.pdf,ИП Маркарьян Е. Л.,231705731599,,Маркарьян Елена Леонтьевна,231705731599,,match,both_missing,mismatch
1867,bb1bcb05-045e-40cd-b5ac-24ded2d866ee,tables,bb1bcb05-045e-40cd-b5ac-24ded2d866ee.Акт сверки взаиморасчетов № 388 от 10 апреля 2026 г.pdf,"ООО ""ДМФ""",7714549470,771454947,"ООО ""ДМФ""",7714549470,771401001,match,mismatch,match
1868,58e6f542-9a3e-48db-914b-7e9b900e1527,tables,58e6f542-9a3e-48db-914b-7e9b900e1527.9_ООН_26051241 Копия документов 3х лиц № 260331-017 от 31.03.2026.pdf,Общество с ограниченной ответственностью «ЭмЭмЭс Коммьюникейшнз»,,,"ООО ""ЛАЙОН КОММЬЮНИКЕЙШНЗ""",7743068844,771401001,llm_missing,llm_missing,mismatch
1869,d80d6480-e833-4944-8ab0-0c1b28e48c68,tables,d80d6480-e833-4944-8ab0-0c1b28e48c68.Счет_73fb21f6-4ae0-4bf6-bdbc-3b9e96bf7aa6.pdf,"ООО ""КОМУС""",7721793895,781145001,"ООО ""КОМУС""",7721793895,997350001,match,mismatch,match
1887,f7daee80-16f7-4707-95de-4e3424bb5f82,tables,f7daee80-16f7-4707-95de-4e3424bb5f82.SF9100183949.pdf,ПАО МЕГАФОН,7812014560,407028105,"Столичный филиал ПАО ""МегаФон""",7812014560,770743001,match,mismatch,match
1897,26f235ba-efcc-4055-9100-ed347b8241d2,tables,26f235ba-efcc-4055-9100-ed347b8241d2.900600733180_CDTP_2_30.04.2026.pdf,ПАО «Ростелеком»,7707049388,519043001,"Макрорегиональный филиал ""Северо-Запад"" ПАО ""Ростелеком""",7707049388,784243002,match,mismatch,match
1898,161b9552-74bb-4670-97d7-3ac4ec6c1bf2,tables,161b9552-74bb-4670-97d7-3ac4ec6c1bf2.Вымпелком_Счет.pdf,"Акционерное общество ""НИПИгазпереработка""",2310004087,997450001,"АО ""НИПИГАЗ""",2310004087,720301001,match,mismatch,match
1899,2722b024-927d-4d8b-8db4-0ee4884a5eed,tables,2722b024-927d-4d8b-8db4-0ee4884a5eed.900300935489_CDTP_2_30.04.2026.pdf,ПАО «Ростелеком»,7707049388,650143001,"Приморский филиал ПАО ""Ростелеком"" (Дальний Восток)",7707049388,253643002,match,mismatch,match
1903,19120481-227e-4787-a9b3-077d77178b19,tables,19120481-227e-4787-a9b3-077d77178b19.Акт_потребления_3301_20260228.pdf,"ПАО ""ПЕРМЭНЕРГОСБЫТ""",7707083893,770701001,"ПАО ""ПЕРМЭНЕРГОСБЫТ""",5904123809,590401001,mismatch,mismatch,match
1912,6b4a33da-4e8e-4a14-9f9b-fd6900a676db,tables,6b4a33da-4e8e-4a14-9f9b-fd6900a676db.900500538403_CDTP_2_31.03.2026.pdf,ПАО «Ростелеком»,7707049388,183143001,"Нижегородский филиал ПАО ""Ростелеком"" (Волга)",7707049388,526043002,match,mismatch,match
1920,8068749b-571d-4a5a-99ee-0c91020cab12,tables,8068749b-571d-4a5a-99ee-0c91020cab12.Счет-фактура № 39 от 31.01.2026.pdf,"Муниципальное автономное учреждение культуры города Калининград ""Калининградский театр эстрады""",3908016280,390601001,"МАУК КТК ""ДОМ ИСКУССТВ""",3908016280,390601001,match,match,mismatch
1922,f35eda27-5624-4c23-9476-2e803a509471,tables,f35eda27-5624-4c23-9476-2e803a509471.900600745472_CDTP_2_31.01.2026.pdf,ПАО «Ростелеком»,7707049388,272143001,"Приморский филиал ПАО ""Ростелеком"" (Дальний Восток)",7707049388,253643002,match,mismatch,match
1929,e2535bd1-e96f-499d-8cf5-8f43e9376b0f,tables,e2535bd1-e96f-499d-8cf5-8f43e9376b0f.Акт сверки_01.01.2026_31.03.2026_ИННРСО1901067718_КППРСО785150001_ИНН7713076301_КПП246345031_ID02020_036_221892099.pdf,"АО ""Енисейская ТГК (ТГК-13)""",1901067718,785150001,ООО «СИБИРСКАЯ ТЕПЛОСБЫТОВАЯ КОМПАНИЯ»,2462222097,772501001,mismatch,mismatch,mismatch
1946,ab017013-d8b2-42c1-bd29-1ee7d51e9668,tables,ab017013-d8b2-42c1-bd29-1ee7d51e9668.raschet_Lenino_(Romanovo)_may.pdf,ИП Полубоярцев Г.С.,,,Полубоярцев Геннадий Сергеевич,482424666400,,llm_missing,both_missing,mismatch
1959,be73c063-f996-42a8-9896-ae9cfc19f10e,tables,be73c063-f996-42a8-9896-ae9cfc19f10e.Счет № 906100 - 1 от 30.04.2026.pdf,"ПАО ""Мобильные ТелеСистемы""",7740000076,997750001,"ПАО ""МТС""",7740000076,997750001,match,match,mismatch
1961,299a3c95-4b9f-4ae4-9f55-59ab0949ce3e,tables,299a3c95-4b9f-4ae4-9f55-59ab0949ce3e.ON_SCHET_2401-2604XJ313186.pdf,Филиал АО «Компания ТрансТелеКом» «Межрегиональный филиал Восток»,7709219099,246343002,"АО ""Компания ТрансТелеКом""",7709219099,775050001,match,mismatch,match
1963,038b9f8c-6c79-4bdc-8e95-bcc889d9cac6,tables,038b9f8c-6c79-4bdc-8e95-bcc889d9cac6.Счет на оплату № 69 от 31 мая 2026 г.pdf,"ООО ""ЛАДОГА""",7811611902,781101001,"ООО ""ЛАДОГА""",7811611902,780201001,match,mismatch,match
1971,b33c333d-6dd1-4501-ab59-98264566b1e3,tables,b33c333d-6dd1-4501-ab59-98264566b1e3.900500580462_CDTP_2_28.02.2026.pdf,ПАО «Ростелеком»,7707049388,032343001,"Новосибирский филиал ПАО ""Ростелеком"" (Сибирь)",7707049388,540643001,match,mismatch,match
1975,6d4a5a0e-fbf8-43c0-8c9e-788855951a9a,tables,6d4a5a0e-fbf8-43c0-8c9e-788855951a9a.SF9100191398.pdf,КРАСНОДАРСКОЕ ОТДЕЛЕНИЕ N8619 ПАО СБЕРБАНК,,,"Кавказский филиал ПАО ""МегаФон""",7812014560,230802001,llm_missing,llm_missing,mismatch
1981,e1a45bfe-3214-4d38-8354-36d26a73b0b4,tables,e1a45bfe-3214-4d38-8354-36d26a73b0b4.900600580542_CDTP_2_31.12.2025.pdf,ПАО «Ростелеком»,7707049388,550343001,"Новосибирский филиал ПАО ""Ростелеком"" (Сибирь)",7707049388,540643001,match,mismatch,match
1983,c95374ab-cfbc-4fc0-a506-ef58b3e366d8,tables,c95374ab-cfbc-4fc0-a506-ef58b3e366d8.raschet_Staroe_Dubovoe_fevral.pdf,ИП Полубояцев Г. С,,,Полубоярцев Геннадий Сергеевич,482424666400,,llm_missing,both_missing,mismatch
1984,3417c901-d23f-4461-bb38-30b748d37044,tables,3417c901-d23f-4461-bb38-30b748d37044.РАО.pdf,"АО ""ДГК""",1434031363,272102001,"АО ""ДГК""",1434031363,272101001,match,mismatch,match
1986,4e1adda4-6c17-483b-a8f5-a2d8660718ca,tables,4e1adda4-6c17-483b-a8f5-a2d8660718ca.АктПриемаПередачиЗаявка28076.pdf,АО «Сахаэнерго»,6784000000,678401001,"АО ""Сахаэнерго""",1435117944,140601001,mismatch,mismatch,match
1987,94414aaf-1151-43b3-801b-b19449ddc48c,tables,94414aaf-1151-43b3-801b-b19449ddc48c.Переменная Вымпел_2026.pdf,ИП Крицкий А.В.,,,Крицкий Антон Валерьевич,503612891289,,llm_missing,both_missing,mismatch
1988,12b33ff7-0b5b-450b-8610-1ee128539394,tables,12b33ff7-0b5b-450b-8610-1ee128539394.ЗАК158-Д24442ВК-ЛКСП-24_87 PR_26099341 Копия документов 3х лиц № 260331-106 от 31.03.2026.pdf,Общество с ограниченной ответственностью «ЭмЭмЭс Коммьюникейшнз»,7714328921,,"ООО ""ЛАЙОН КОММЬЮНИКЕЙШНЗ""",7743068844,771401001,mismatch,llm_missing,mismatch
2000,08f4ba8c-1855-4b3e-bc3f-d88df573da44,tables,08f4ba8c-1855-4b3e-bc3f-d88df573da44.Счет на оплату № 386 от 28 февраля 2026 г.pdf,"ООО ""Русский Мастер""",5404070958,772001001,"ООО ""РУССКИЙ МАСТЕР""",5404070958,772901001,match,mismatch,match
2006,54ea2849-6296-4def-9c77-2a8bd113c32e,tables,54ea2849-6296-4def-9c77-2a8bd113c32e.Счет на оплату ТХ-2411 от 28.02.2026 .pdf,"ООО ""ЭкоЦентр""",3444177534,236043001,"ООО ""ЭкоЦентр""",3444177534,770301001,match,mismatch,match
2020,2e3b129d-5bc1-476b-94cd-bf568197857a,tables,2e3b129d-5bc1-476b-94cd-bf568197857a.Счет_704edb85-6bba-443d-8802-4b50b1a128d1.pdf,"ООО ""КОМУС""",7721793895,500945001,"ООО ""КОМУС""",7721793895,997350001,match,mismatch,match
2022,a013d5e4-960a-4ad7-b76d-d747790c0996,tables,a013d5e4-960a-4ad7-b76d-d747790c0996.Счет № 908754 - 1 от 31.03.2026.pdf,"Публичное акционерное общество ""Мобильные ТелеСистемы""",7740000076,997750001,"ПАО ""МТС""",7740000076,997750001,match,match,mismatch
2025,0b28f2c5-fe5d-4191-b7ca-15fb8320aab8,tables,0b28f2c5-fe5d-4191-b7ca-15fb8320aab8.6_Акт.pdf,"Потребительское общество ОЖЭК ""Комсомольский""",6660067683,667001001,"ПО ОЖЭК ""Комсомольский""",6660067683,667001001,match,match,mismatch
2028,a66903a3-f69e-49fb-b7e7-5deefb5678e2,tables,a66903a3-f69e-49fb-b7e7-5deefb5678e2.Везерфорд.pdf,"ООО ""Везерфорд""",3808079367,997250001,"АО ""ВЧНГ""",3808079367,997250001,match,match,mismatch
2029,40f5d593-5d61-47d4-ab75-7d15126af06d,tables,40f5d593-5d61-47d4-ab75-7d15126af06d.Пообъектная расшифровка № 000039-325-120 от 31.01.2026.pdf,ЭГРЭС,,,"АО ""ЧУКОТЭНЕРГО""",8700000339,870901001,llm_missing,llm_missing,mismatch
2033,198a3b8a-f5a1-465a-80d7-d4749537218a,tables,198a3b8a-f5a1-465a-80d7-d4749537218a.Счёт №96 от 28 февраля 2026.pdf,"ООО ""ГУОДОНГ""",9709124154,772801001,"ООО ""ГУОДОНГ""",9709124154,772501001,match,mismatch,match
2037,154e7771-d75c-4021-bb45-3e2b1ea696a5,tables,154e7771-d75c-4021-bb45-3e2b1ea696a5.ON_SCHET_6101-2603RP000602.pdf,Филиал АО «Компания ТрансТелеКом» «Межрегиональный филиал Запад»,7709219099,616443002,"АО ""Компания ТрансТелеКом""",7709219099,775050001,match,mismatch,match
2049,7ade21c5-fe6f-4c83-8f30-cda52dee29cf,tables,7ade21c5-fe6f-4c83-8f30-cda52dee29cf.Akt_ob_okazanii_uslug__307_ot_31.01.2026.pdf,"Федеральное государственное автономное учреждение ""Центральный парк ""Патриот"" Министерства обороны Российской Федерации",7728659070,503201001,"ФГАУ ""МУЗЕЙНО-ХРАМОВЫЙ КОМПЛЕКС ВС РФ"" МИНОБОРОНЫ РОССИИ",7728659070,503201001,match,match,mismatch
2055,f9b36d02-103e-4627-bdd5-3943871836c5,tables,f9b36d02-103e-4627-bdd5-3943871836c5.А20 Счет на аванс 40 ССК.pdf,"ООО ""ССК-ЦЕНТР""",7327071267,732701001,"ООО УК ""Альфа-Капитал""",7728142469,770301001,mismatch,mismatch,mismatch
2071,cac5c86d-1d82-40e3-a492-8c3cb0fb58c6,tables,cac5c86d-1d82-40e3-a492-8c3cb0fb58c6.900700732953_CDTP_2_28.02.2026.pdf,ПАО «Ростелеком»,7707049388,165643001,"Нижегородский филиал ПАО ""Ростелеком"" (Волга)",7707049388,526043002,match,mismatch,match
2081,9e2d4d12-52b0-40e3-9383-240b5f734a60,tables,9e2d4d12-52b0-40e3-9383-240b5f734a60.900601156765_CDTP_2_31.12.2025.pdf,ПАО «Ростелеком»,7707049388,165643001,"Нижегородский филиал ПАО ""Ростелеком"" (Волга)",7707049388,526043002,match,mismatch,match
2086,fe714281-c2e8-4bd9-aae0-8e2f97f3f540,tables,fe714281-c2e8-4bd9-aae0-8e2f97f3f540.Schet_pokupatelyu.pdf,"МКООО ""АМФИ ХОЛДИНГ""",3900021880,770244001,"МКООО ""АМФИ ХОЛДИНГ""",3900021880,390001001,match,mismatch,match
2088,c6795568-2034-40ed-bd65-1bf0473861e9,tables,c6795568-2034-40ed-bd65-1bf0473861e9.ЗАК112-Д24442ВК-ЛКСП-24_67 PR_26074436 Копия документов 3х лиц № 260228-137 от 28.02.2026.pdf,Общество с ограниченной ответственностью «ЭмЭмЭс Коммьюникейшнз»,,,"ООО ""ЛАЙОН КОММЬЮНИКЕЙШНЗ""",7743068844,771401001,llm_missing,llm_missing,mismatch
2093,7207e903-dcf5-4ff2-90c8-c92f9391b06f,tables,7207e903-dcf5-4ff2-90c8-c92f9391b06f.Счет на оплату НФ-12699 от 31.03.2026 .pdf,Общество с ограниченной ответственностью 'ЭкоЦентр',3444177534,237243001,"ООО ""ЭкоЦентр""",3444177534,770301001,match,mismatch,match
2097,c707b24e-5a2c-4f65-8c95-6809c862c353,tables,c707b24e-5a2c-4f65-8c95-6809c862c353.Аванс1_01.02.2026_18.02.2026_ИННРСО5406993045_КППРСО540601001_ИНН7713076301_КПП540503001_ID04122_514_124978059.pdf,ООО «НТСК»,5406993045,540601001,ООО «СИБИРСКАЯ ТЕПЛОСБЫТОВАЯ КОМПАНИЯ»,2462222097,772501001,mismatch,mismatch,mismatch
2099,e818f970-8d92-4ba3-b76f-36cda2859444,tables,e818f970-8d92-4ba3-b76f-36cda2859444.AktSver_Ies.pdf,"ОБЩЕСТВО С ОГРАНИЧЕННОЙ ОТВЕТСТВЕННОСТЬЮ ""ЕЭС-ГАРАНТ""",5024173259,667043001,"ООО ""ЕЭС-ГАРАНТ""",5024173259,775050001,match,mismatch,match
2104,cf9f8ca0-3c6f-4a4e-b7b3-62b5c51f40d5,tables,cf9f8ca0-3c6f-4a4e-b7b3-62b5c51f40d5.20260629 Счет № П17-00014-08-2026 от 05 Июля 2026.pdf,"АО ""Связьтранснефть""",7723011906,027802001,"АО ""СВЯЗЬТРАНСНЕФТЬ""",7723011906,997650001,match,mismatch,match
2115,d0ffb92e-6d20-477d-b77f-64b882c17db8,tables,d0ffb92e-6d20-477d-b77f-64b882c17db8.АктВыдачи_WXX-5075507-1YAR400KW.PDF,"ООО ""СЕРВИОНИКА""",,,"ООО ""СТА Карго""",7810825228,781401001,llm_missing,llm_missing,mismatch
2118,6360ec94-5a3a-49cc-b24f-8ae961db7518,tables,6360ec94-5a3a-49cc-b24f-8ae961db7518.Счет 2600289489.pdf,"АО ""ДПД РУС""",7713076301,997750001,"АО ""ДПД РУС""",7713215523,774850001,mismatch,mismatch,match
2123,3d350925-7232-4cfe-b424-d4e743a8cf4c,tables,3d350925-7232-4cfe-b424-d4e743a8cf4c.Приложение №5 ФК_108258.pdf,ООО «ФОРТ-КОНТРОЛЬ»,7707083893,770701001,"ООО ""ФОРТ-КОНТРОЛЬ""",5040125816,504001001,mismatch,mismatch,match
2125,289ddaea-28c8-4b70-a8f0-bd2a3b1dab5b,tables,289ddaea-28c8-4b70-a8f0-bd2a3b1dab5b.РК096 АКТ ЗАЧЕТА ВОЗНАГРАЖДЕНИЯ от 31.05.2026.pdf,"ООО ""УГМК-Телеком""",7702011227,770201001,"ООО ""УГМК-Телеком""",6606022606,668601001,mismatch,mismatch,match
2126,e0ec1c06-66b3-47ce-bf42-8d901fabe8c7,tables,e0ec1c06-66b3-47ce-bf42-8d901fabe8c7.900300684844_CDTP_2_31.03.2026.pdf,ПАО «Ростелеком»,7707049388,272143001,"Приморский филиал ПАО ""Ростелеком"" (Дальний Восток)",7707049388,253643002,match,mismatch,match
2148,df9b5e83-fd72-4f43-8796-200afbacff26,tables,df9b5e83-fd72-4f43-8796-200afbacff26.Счет_cf5e2494-3e09-4b3a-be62-add0e0f083f5.pdf,"ООО ""КОМУС""",7721793895,500945001,"ООО ""КОМУС""",7721793895,997350001,match,mismatch,match
2151,f191e8fd-1cae-4811-8b3b-7595c1fa4c3c,tables,f191e8fd-1cae-4811-8b3b-7595c1fa4c3c.Счёт №100 от 28 февраля 2026.pdf,"ООО ""ГУОДОНГ""",9709124154,772801001,"ООО ""ГУОДОНГ""",9709124154,772501001,match,mismatch,match
2156,3ce385aa-a340-445b-9c7e-57528456cffe,tables,3ce385aa-a340-445b-9c7e-57528456cffe.эскб нав.pdf,"ООО ""ЭСКБ""",0275038496,997650001,Наумов Алексей Викторович,024202852576,,mismatch,edo_missing,mismatch
2160,a13c63a8-861b-49d0-863b-4b380fe4b64f,tables,a13c63a8-861b-49d0-863b-4b380fe4b64f.КС-2.pdf,"Общество с ограниченной ответственностью ""Ария ТВ""",7707083893,,"ООО ""АРИЯ ТВ""",7838025743,783901001,mismatch,llm_missing,match
2161,80274780-6d4a-4fbe-8da7-8132bd58ce25,tables,80274780-6d4a-4fbe-8da7-8132bd58ce25.8 MOBILE_26044784 Копия документов 3х лиц № 260331-122 от 31.03.2026.pdf,"ООО ""РОРЕ МЕДИА""",,,"ООО ""ЛАЙОН КОММЬЮНИКЕЙШНЗ""",7743068844,771401001,llm_missing,llm_missing,mismatch
2164,b8d74038-e838-48fd-bebc-54ad52118845,tables,b8d74038-e838-48fd-bebc-54ad52118845.Счет на оплату ГК-90196 от 30.06.2026 .pdf,"ООО ""ЭкоЦентр""",3444177534,616243001,"ООО ""ЭкоЦентр""",3444177534,770301001,match,mismatch,match
2167,8fef75a4-931c-4e77-a4fc-cb343bffc0e4,tables,"8fef75a4-931c-4e77-a4fc-cb343bffc0e4.АКТ    г. Саратов, ул. Верхняя, д. 17 ТЦ Мой Новый, АМДОКС JN87000.pdf",ООО Сама РА,7707019877,770701001,"ООО ""САМА РА""",6315006543,631701001,mismatch,mismatch,match
2177,6edfcd9c-9c40-4208-a86e-fbfdf327e200,tables,6edfcd9c-9c40-4208-a86e-fbfdf327e200.Счет на оплату № 370 от 22 июня 2026 г.pdf,ИП Дубровская А. С.,645100390323,,Дубровская Анастасия Сергеевна,645100390323,,match,both_missing,mismatch
2179,9a46d3e7-b480-44cf-9792-443a51edf495,tables,9a46d3e7-b480-44cf-9792-443a51edf495.Акт № ЕИВ00000382 от 31 января 2026 Вымпелком 19.pdf,ИП Шагдарова И.В.,,,ИП Шагдарова Индира Валерьевна,032500432033,,llm_missing,both_missing,mismatch
2182,5f6c11aa-4f39-4ae6-8564-178fff504529,tables,5f6c11aa-4f39-4ae6-8564-178fff504529.Счет № 905393 - 1 от 31.12.2025.pdf,"Публичное акционерное общество ""Мобильные ТелеСистемы""",7740000076,997750001,"ПАО ""МТС""",7740000076,997750001,match,match,mismatch
2183,798a4861-a164-4a70-bff4-9816687e3d8a,tables,798a4861-a164-4a70-bff4-9816687e3d8a.900300715771_CDTP_2_31.03.2026.pdf,ПАО «Ростелеком»,7707049388,110143001,"Макрорегиональный филиал ""Северо-Запад"" ПАО ""Ростелеком""",7707049388,784243002,match,mismatch,match
2190,54687774-6a5a-47ce-8d47-3a628dbb073e,tables,54687774-6a5a-47ce-8d47-3a628dbb073e.ON_SCHET_0164850000009485-9300130219_20260201_20260206_6982FCAC-E715-8C40-E100-80000A164040pdf.pdf,"Дальневосточная железная дорога -филиал открытого акционерного общества ""Российские железные дороги""",7708503727,997650001,"Дальневосточная железная дорога - филиал ОАО ""РЖД""",7708503727,272102001,match,mismatch,mismatch
2191,d86345c5-7976-40d6-8655-789ca783e245,tables,d86345c5-7976-40d6-8655-789ca783e245.Приложение6_акт_70_ДС_ШК_ВымпелКом_дог-р_24719584_ 06.02.24.pdf,"ЗАО ""Связь-монтаж""",7707083893,,"ЗАО ""Связь-монтаж""",5406393672,540601001,mismatch,llm_missing,match
2200,dfcb4e2b-3348-4e02-b4e3-2a6801cb3457,tables,dfcb4e2b-3348-4e02-b4e3-2a6801cb3457.Счёт №312 от 30 апреля 2026.pdf,"ООО ""ГУОДОНГ""",9709124154,772801001,"ООО ""ГУОДОНГ""",9709124154,772501001,match,mismatch,match
2201,c764caa2-94a3-431e-ba07-aade22bde6b0,tables,c764caa2-94a3-431e-ba07-aade22bde6b0.А20 Сводный акт снятия показаний приборов учета 05.2026 Россети.pdf,"ПАО ""Россети Волга""",509010000000,509001001,"ООО УК ""Альфа-Капитал""",7728142469,770301001,mismatch,mismatch,mismatch
2202,e7e63167-07bd-49ee-9b78-86af1bcade5f,tables,e7e63167-07bd-49ee-9b78-86af1bcade5f.2026 162307).pdf,УФПС Г.МОСКВЫ,7724490000,770143001,"АО ""ПОЧТА РОССИИ""",7724490000,997650001,match,mismatch,mismatch
2203,e9a120af-6d40-46e8-9a36-98568e6f7cf5,tables,e9a120af-6d40-46e8-9a36-98568e6f7cf5.900000663383_CDTP_2_31.01.2026.pdf,ПАО «Ростелеком»,7707049388,100143001,"Макрорегиональный филиал ""Северо-Запад"" ПАО ""Ростелеком""",7707049388,784243002,match,mismatch,match
2206,64f315cc-dee0-4b06-bbde-d32cccb466e4,tables,64f315cc-dee0-4b06-bbde-d32cccb466e4.1000_6400295311_12_28-02-2026.PDF,"АО ""ЭР-Телеком Холдинг""",7713076301,526245028,"АО ""ЭР-ТЕЛЕКОМ ХОЛДИНГ""",5902202276,590501001,mismatch,mismatch,match
2214,00e2c799-7625-458e-bed7-bb97160e0634,tables,00e2c799-7625-458e-bed7-bb97160e0634.Счет № 904811 - 1 от 31.03.2026.pdf,"ПАО ""Мобильные ТелеСистемы""",7740000076,997750001,"ПАО ""МТС""",7740000076,997750001,match,match,mismatch
2225,2d066c1f-a9f0-41af-9eec-f5ca170349e5,tables,2d066c1f-a9f0-41af-9eec-f5ca170349e5.Счет № 904133 - 1 от 31.05.2026.pdf,"Публичное акционерное общество ""Мобильные ТелеСистемы""",7740000076,997750001,"ПАО ""МТС""",7740000076,997750001,match,match,mismatch
2226,919a04f1-dcaa-43b3-ba88-7bfdeec4ccd5,tables,919a04f1-dcaa-43b3-ba88-7bfdeec4ccd5.УПД (статус 1) № 174 от 31 марта 2026 г.pdf,"ООО КОМПАНИЯ ""ГАРАНТСТРОЙ""",6679110300,668601001,"ООО КОМПАНИЯ ""ГАРАНТСТРОЙ""",6679110300,667801001,match,mismatch,match
2230,3438493d-9cc7-4ce0-941c-9b7f2d3448ae,tables,3438493d-9cc7-4ce0-941c-9b7f2d3448ae.1771941403399_ЦКТ00000901.pdf,"ПАО ""КАМАЗ""",1650032058,997450001,"ПАО ""КАМАЗ""",1650032058,165001001,match,mismatch,match
2231,bfc05fcd-9f92-4190-8fc3-d95720141cb0,tables,bfc05fcd-9f92-4190-8fc3-d95720141cb0.Счет на оплату № 249 от 28 февраля 2026 г.pdf,"ООО ""Русский Мастер""",5404070958,772001001,"ООО ""РУССКИЙ МАСТЕР""",5404070958,772901001,match,mismatch,match
2240,39fe03f3-2b75-49ef-9d9d-7f6f5fa9f415,tables,39fe03f3-2b75-49ef-9d9d-7f6f5fa9f415.Счет № 905777 - 1 от 30.04.2026.pdf,"Публичное акционерное общество ""Мобильные ТелеСистемы""",7740000076,997750001,"ПАО ""МТС""",7740000076,997750001,match,match,mismatch
2243,202e133c-ed56-4794-a64f-434d8a9f3386,tables,202e133c-ed56-4794-a64f-434d8a9f3386.Приложение №5 ФК_122288.pdf,ООО «ФОРТ-КОНТРОЛЬ»,7707083893,770701001,"ООО ""ФОРТ-КОНТРОЛЬ""",5040125816,504001001,mismatch,mismatch,match
2245,da9a138c-c206-48da-9339-d69248f95a74,tables,da9a138c-c206-48da-9339-d69248f95a74.Счет_af852959-6868-4696-a506-900519b25369.pdf,"ООО ""КОМУС""",7721793895,165645001,"ООО ""КОМУС""",7721793895,997350001,match,mismatch,match
2255,fa04683e-711b-4a42-8943-e4b24ca7cc1c,tables,fa04683e-711b-4a42-8943-e4b24ca7cc1c.900700595797_CDTP_2_31.12.2025.pdf,ПАО «Ростелеком»,7707049388,631543001,"Нижегородский филиал ПАО ""Ростелеком"" (Волга)",7707049388,526043002,match,mismatch,match
2261,459286db-e4a9-4150-9e0d-fc0916bb4dbe,tables,"459286db-e4a9-4150-9e0d-fc0916bb4dbe.КС-2 77 г. Краснодар ул. Школьная д. 15, корп.1, Автозал №2..pdf",ТНН00RUKRA000T24,,,"ООО ""ВЕЛЛ""",5040169108,504001001,llm_missing,llm_missing,mismatch
2263,c2e16629-1abe-49c6-97d8-4b4cfff63f58,tables,c2e16629-1abe-49c6-97d8-4b4cfff63f58.ЭМ_41-41 Билайн_офисы. ОП Иркутск. Февраль 2026 - Акт.pdf,"ООО ""ЭКОМАКС""",,,"ООО ""ЭМ""",5404083146,540401001,llm_missing,llm_missing,mismatch
2266,62213d10-e5fa-48ac-8b8a-e6f5ed132cf1,tables,62213d10-e5fa-48ac-8b8a-e6f5ed132cf1.ON_SCHET_0010930000001788-9300351699_20260531_20260504_69F3306D-846D-1060-E100-80000A164040pdf.pdf,Октябрьская дирекция по эксплуатации зданий и сооружений - структурное подразделение (Октябрьская дирекция по эксплуатации зданий и сооружений - филиала,,,"Октябрьская железная дорога – филиал ОАО ""РЖД""",7708503727,784043001,llm_missing,llm_missing,mismatch
2270,f0ca2f51-2144-4bd7-a078-ef1781eddeb8,tables,f0ca2f51-2144-4bd7-a078-ef1781eddeb8.KS-2 № VOL000000000009701 ot 18.06.2026.pdf,ОБ,,,"ООО ""ПромТехСвязь""",7811478048,781101001,llm_missing,llm_missing,mismatch
2298,7d3e6c4f-3571-479c-8f82-7d6e44c48c06,tables,7d3e6c4f-3571-479c-8f82-7d6e44c48c06.34_26055028 Копия документов 3х лиц № 260306-008 от 06.03.2026.pdf,"ООО ""РОРЕ МЕДИА""",7734440400,771401001,"ООО ""ЛАЙОН КОММЬЮНИКЕЙШНЗ""",7743068844,771401001,mismatch,match,mismatch
2307,c42222fb-552c-4fa2-90c7-7cd4f77c4a95,tables,c42222fb-552c-4fa2-90c7-7cd4f77c4a95.Акт_поданной_принятой_ТЭ_Вн_Д_04_ГВ_Вн_Д_13_820900000000002345.pdf,Публичное акционерное общество «Т Плюс»,6315376946,631543004,"Самарский филиал АО ""ЭнергосбыТ Плюс""",5612042824,631543001,mismatch,mismatch,match
2308,c4eeb55f-1e8b-4d63-98cb-dbdf805d4e9e,tables,c4eeb55f-1e8b-4d63-98cb-dbdf805d4e9e.Счет 31.12.25 № 750748 = 8 166 256.82 в т.ч. НДС 1 361 042.81.pdf,Департамент здравоохранения г. Москвы (ГБУЗ Городская клиническая больница имени С.С. Юдина Департамента здравоохранения г. Москвы),7724070870,772401001,"ГБУЗ ""ГКБ ИМ. С.С. ЮДИНА ДЗМ""",7724070870,772401001,match,match,mismatch
2317,1548bc58-3847-4550-8e21-4a29fa35bf95,tables,1548bc58-3847-4550-8e21-4a29fa35bf95.Акт 4 от 30.06.2026_РЦ-ДогДКП12-0782-25_Вымпелком_Ростов.pdf,ПАО «Россети Юг»,,,"АО ""РОССЕТИ ЦИФРА""",7705307770,773401001,llm_missing,llm_missing,mismatch
2319,9171211c-0b34-42e3-924c-70687d822f82,tables,9171211c-0b34-42e3-924c-70687d822f82.Акт № 0630006 от 30.06.2026.pdf,"ООО ""ОЙЛ-ТЕЛЕКОМ""",426057000000,426057000,"ООО ""ОЙЛ-ТЕЛЕКОМ""",1831087806,183101001,mismatch,mismatch,match
2325,ac5ea341-d1e4-4249-8c27-0ca08e6f96f5,tables,ac5ea341-d1e4-4249-8c27-0ca08e6f96f5.900300607590_CDTP_2_30.04.2026.pdf,ПАО «Ростелеком»,7707049388,280143001,"Приморский филиал ПАО ""Ростелеком"" (Дальний Восток)",7707049388,253643002,match,mismatch,match
2327,65dca46d-fc3a-4de5-a0f1-0cce35473d5e,tables,"65dca46d-fc3a-4de5-a0f1-0cce35473d5e.Приложение №5 ФК_107908 г. Екатеринбург, ул. 8 марта, д. 46, ТРЦ Гринвич.pdf",ООО «ФОРТ-КОНТРОЛЬ»,7707083893,770701001,"ООО ""ФОРТ-КОНТРОЛЬ""",5040125816,504001001,mismatch,mismatch,match
2341,f2b42923-1d92-472e-984d-61acb3503ad9,tables,f2b42923-1d92-472e-984d-61acb3503ad9.УПД (статус 1) № 824 от 29 мая 2026 г.pdf,"МУП ""ЖКХ МО ""р.п. Верхнее Дуброво""",6639009336,663901001,"МУП ""ЖКХ""",6639009336,663901001,match,match,mismatch
2348,f5a0cf91-2752-4977-9852-2f1797049440,tables,f5a0cf91-2752-4977-9852-2f1797049440.900900589688_CDTP_2_31.12.2025.pdf,ПАО «Ростелеком»,7707049388,561243001,"Нижегородский филиал ПАО ""Ростелеком"" (Волга)",7707049388,526043002,match,mismatch,match
2349,b4ad1aa8-6fbe-43ba-a444-78e9f0f6fa57,tables,b4ad1aa8-6fbe-43ba-a444-78e9f0f6fa57.Акт снятия показаний приборов учета.pdf,ИП Роздухов Максим Евгеньевич,770708389300,770701001,Роздухов Максим Евгеньевич,352500101378,,mismatch,edo_missing,match
2358,3644e5ee-b4a8-4c8a-9bd8-87ed8362ef7e,tables,3644e5ee-b4a8-4c8a-9bd8-87ed8362ef7e.6 SP_26098931 Копия документов 3х лиц № 260430-423 от 30.04.2026.pdf,ООО «ЭмЭмЭс Коммьюникейшнз»,7714328921,771401001,"ООО ""ЛАЙОН КОММЬЮНИКЕЙШНЗ""",7743068844,771401001,mismatch,match,mismatch
2363,b3fcc89f-6e3d-4405-91b2-860f35f56ff4,tables,b3fcc89f-6e3d-4405-91b2-860f35f56ff4.SUBRENT_0080013942_S_998F226A62AC08FDE1000000C0A830B5.pdf,"ООО ""КРАСНОБОРСКОЕ""",7713076301,780103001,"ООО ""КРАСНОБОРСКОЕ""",7801237357,781001001,mismatch,mismatch,match
2365,e1a09a36-5447-40f6-bf04-390f204aff00,tables,e1a09a36-5447-40f6-bf04-390f204aff00.Счет на оплату № 634 от 30 апреля 2026 г.pdf,"ООО ""Русский Мастер""",5404070958,772001001,"ООО ""РУССКИЙ МАСТЕР""",5404070958,772901001,match,mismatch,match
2369,c5f1ba92-5f06-468c-8535-c47a94fbf45b,tables,c5f1ba92-5f06-468c-8535-c47a94fbf45b.SF9100187126.pdf,"СИБИРСКИЙ ФИЛИАЛ ПАО ""МЕГАФОН""",7812076301,540643001,"Сибирский филиал ПАО ""МегаФон""",7812014560,540643001,mismatch,match,match
2374,fd74fd60-1604-4be2-bcb6-5a4d612e07a6,tables,fd74fd60-1604-4be2-bcb6-5a4d612e07a6.электроэнергия май 2026.pdf,АО «АО «ПАО «Ростелеком»,7707083893,770701001,"ООО УК ""РЕГИОНГАЗФИНАНС""",7701248637,773101001,mismatch,mismatch,mismatch
2376,e58f9887-f63a-4ad6-99f6-764450c2a4b0,tables,e58f9887-f63a-4ad6-99f6-764450c2a4b0.ON_BILL_2BM_2BM_20260202_735176753#9136838#I.pdf,"Северо-Западный филиал ПАО ""МегаФон""",7812014560,780143001,"Северо-Западный филиал ПАО ""МегаФон""",7812014560,784143001,match,mismatch,match
2377,5631712f-7c38-47da-8a6a-b25bade39272,tables,5631712f-7c38-47da-8a6a-b25bade39272.УПД (статус 1) № 11 от 31 января 2026 г.pdf,ИП Стракович О. И.,422104843323,,Стракович Ольга Ивановна,422104843323,,match,both_missing,mismatch
2379,8eb71e66-7b82-4507-8c08-d51c43ff0311,tables,8eb71e66-7b82-4507-8c08-d51c43ff0311.Акт об оказании услуг № 20 от 31 марта 2026 г.pdf,"ООО ""Адверт.ру""",9718224170,,"ООО ""Адлабс.ру""",5010031832,501001001,mismatch,llm_missing,mismatch
2389,435b8fbf-f9af-44ba-bed8-aada66c50a83,tables,435b8fbf-f9af-44ba-bed8-aada66c50a83.ON_SCHET_2512RP401072.pdf,ПАО Сбербанк,7709219099,775050001,"АО ""Компания ТрансТелеКом""",7709219099,775050001,match,match,mismatch
2394,3a77d05a-a4dd-4a0d-aec3-f3c8fb6c50d3,tables,3a77d05a-a4dd-4a0d-aec3-f3c8fb6c50d3.Акт об оказании услуг № 33 от 31 мая 2026 г.pdf,ИП Ногиленко Н. Б.,665400219425,,Ногиленко Наталья Борисовна,665400219425,,match,both_missing,mismatch
2401,ae3cad51-5340-416d-9d79-8e08b0e1421f,tables,ae3cad51-5340-416d-9d79-8e08b0e1421f.RKS-energo_sch.f._mart_2026.pdf,"Общество с ограниченной ответственностью ""Мастер""",7810980270,781001001,"ООО ""ПАРУС""",4704102599,470401001,mismatch,mismatch,mismatch
2419,ab18b25c-492b-43f4-b432-cf1b9844271a,tables,ab18b25c-492b-43f4-b432-cf1b9844271a.Расшифровка к СчФ итоговой_01.04.2026_30.04.2026_ИННРСО1901067718_КППРСО785150001_ИНН7713076301_КПП246303001_ID02020_507_225139719.pdf,"АО ""Енисейская ТГК (ТГК-13)""",660021000000,660001001,ООО «СИБИРСКАЯ ТЕПЛОСБЫТОВАЯ КОМПАНИЯ»,2462222097,772501001,mismatch,mismatch,mismatch
2421,f57c1ed7-c46e-4390-8134-65ad2a4836eb,tables,f57c1ed7-c46e-4390-8134-65ad2a4836eb.ON_PRSCHET_2BM-7713076301-2012052807251168061080000000000_2BED057CA467E5C49A396D38C04F04BBAA0_20260501_00066650-0000-0001-0000-000101905701.PDF,Акционерное общество «Независимая энергосбытовая компания Краснодарского края» (АО «НЭСК»),2308091759,230843001,"Филиал ОАО ""НЭСК"" ""Краснодарэнергосбыт",2308091759,230843001,match,match,mismatch
2432,22a36acf-4e8a-4f25-9307-a8b71092220d,tables,22a36acf-4e8a-4f25-9307-a8b71092220d.ON_SCHET_2401-2512RP368415.pdf,Филиал АО «Компания ТрансТелеКом» «Межрегиональный филиал Восток»,7709219099,246343002,"АО ""Компания ТрансТелеКом""",7709219099,775050001,match,mismatch,match
2433,364e74fa-82fc-48f7-9ed7-78fa889e00d7,tables,364e74fa-82fc-48f7-9ed7-78fa889e00d7.КС-2 №212 от 10.03.2026.pdf,"ООО ""ФОРТ-КОНТРОЛЬ""",7726059094,,"ООО ""ФОРТ-КОНТРОЛЬ""",5040125816,504001001,mismatch,llm_missing,match
2434,1d280d62-4599-4365-becb-53964f06995f,tables,1d280d62-4599-4365-becb-53964f06995f.ЗАК370-Д24442ВК-ЛКСП-24_199 PR_26163330 Копия документов 3х лиц № 260531-168 от 31.05.2026.pdf,Общество с ограниченной ответственностью «ЭмЭмЭс Коммьюнике,,,"ООО ""ЛАЙОН КОММЬЮНИКЕЙШНЗ""",7743068844,771401001,llm_missing,llm_missing,mismatch
2435,025a07d5-158a-4c3f-8ce6-b955f38f592a,tables,025a07d5-158a-4c3f-8ce6-b955f38f592a.UPD__E-62-011860_ot_28.02.26_Kontrakt_77620001004413_ot_22.12.2025_AO_Mosenergosbyt_-_USZ.pdf,"Федеральное государственное бюджетное учреждение ""Управление служебными зданиями"" при Министерстве сельского хозяйства Российской Федерации",7708300685,770801001,"ФГБУ ""УСЗ"" ПРИ МИНСЕЛЬХОЗЕ РОССИИ",7708300685,770801001,match,match,mismatch
2439,9c0bbc9a-d2a9-4008-ad41-251a6aa625f2,tables,9c0bbc9a-d2a9-4008-ad41-251a6aa625f2.Akt_83_26.pdf,"ООО ""ПРАЙМ ГРУП""",7707083893,770701001,"ООО ""ПРАЙМ ГРУП""",5405385728,540701001,mismatch,mismatch,match
2441,850bee13-849e-468d-8b57-f7acba2f894c,tables,850bee13-849e-468d-8b57-f7acba2f894c.Счет на оплату № РТ-1 от 02.03.2026.pdf,ИП Иванов Е.Г.,240302007902,,Иванов Евгений Георгиевич,240302007902,,match,both_missing,mismatch
2450,768cf751-4bcc-47b0-b678-f409cf9bab58,tables,768cf751-4bcc-47b0-b678-f409cf9bab58.ЭМ_55-55 Билайн_офисы. ОП Новосибирск. Февраль 2026 - Акт.pdf,"ООО ""ЭКОМАКС""",,,"ООО ""ЭМ""",5404083146,540401001,llm_missing,llm_missing,mismatch
2453,d211b719-4480-4823-a90c-ced1691c3f55,tables,d211b719-4480-4823-a90c-ced1691c3f55.Акт об оказании услуг № ГУ-49 от 31.05.2026.pdf,"ФГБОУ ВО ""Донской государственный аграрный университет""",6125012570,612501001,ФГБОУ ВО ДОНСКОЙ ГАУ,6125012570,612501001,match,match,mismatch
2455,3e37912e-b974-4e81-b58c-45d560a132c8,tables,3e37912e-b974-4e81-b58c-45d560a132c8.Счет на оплату № 258 от 01 июля 2026 г.pdf,ИП Мельник Д. И.,381253790671,,Мельник Дмитрий Иванович,381253790671,,match,both_missing,mismatch
2462,6c5e4edb-5638-4f0c-8e1e-016a99ac71ff,tables,6c5e4edb-5638-4f0c-8e1e-016a99ac71ff.ON_SCHET_2BM-7713076301-2012052807251168061080000000000_2BEb3a11426ba21487bb94eb837c2df5238_20260219_C387FAF0-C476-463C-8E6C-99C4E7E871DB.pdf,"ФИЛИАЛ ""ХАБАРОВСКИЙ"" АО ""АЛЬФА-БАНК""",,,"ПАО ""ДЭК""",2723088770,997650001,llm_missing,llm_missing,mismatch
2468,2a90b525-7994-4482-850e-aa19d6e66dac,tables,2a90b525-7994-4482-850e-aa19d6e66dac.900200564541_CDTP_2_31.12.2025.pdf,ПАО «Ростелеком»,7707049388,121543001,"Нижегородский филиал ПАО ""Ростелеком"" (Волга)",7707049388,526043002,match,mismatch,match
2469,89a64d0c-cc5a-4427-bd0d-64cb0664f2b2,tables,89a64d0c-cc5a-4427-bd0d-64cb0664f2b2.УПД (статус 1) № 295 от 31 марта 2026 г.pdf,ИП Порханова Т. И.,230802332929,,Порханова Тамара Ивановна,230802332929,,match,both_missing,mismatch
2471,922daaa6-c21b-49e3-b1dc-911ded5e72ab,tables,922daaa6-c21b-49e3-b1dc-911ded5e72ab.900600558305_CDTP_2_31.01.2026.pdf,ПАО «Ростелеком»,7707049388,213043001,"Нижегородский филиал ПАО ""Ростелеком"" (Волга)",7707049388,526043002,match,mismatch,match
2472,c08b4e45-e3a6-4535-ae57-279dd3729c3a,tables,c08b4e45-e3a6-4535-ae57-279dd3729c3a.900800684796_CDTP_2_31.05.2026.pdf,ПАО «Ростелеком»,7707049388,272143001,"Приморский филиал ПАО ""Ростелеком"" (Дальний Восток)",7707049388,253643002,match,mismatch,match
2474,dadecd3d-971d-4020-8aea-658e50484a18,tables,dadecd3d-971d-4020-8aea-658e50484a18.900700732924_CDTP_2_31.12.2025.pdf,ПАО «Ростелеком»,7707049388,645243001,"Нижегородский филиал ПАО ""Ростелеком"" (Волга)",7707049388,526043002,match,mismatch,match
2478,aa5b6656-a5e5-492e-a9de-3c3a473cf3bd,tables,aa5b6656-a5e5-492e-a9de-3c3a473cf3bd.Акт об оказании услуг № ГУ-584 от 31.03.2026.pdf,"КГА ПОУ ""Региональный технический колледж""",2537019320,253701001,"КГА ПОУ ""РТК""",2537019320,253701001,match,match,mismatch
2491,8d513d3b-f89c-4256-befd-69ad415a26b7,tables,8d513d3b-f89c-4256-befd-69ad415a26b7.Счет на оплату № 8 от 31 января 2026 г.pdf,"Володарский филиал Акционерное общество ""Нижегородская областная коммунальная компания""",5260267654,524943001,"АО ""НОКК""",5260267654,526001001,match,mismatch,match
2493,1fe759ca-7cdd-4e03-bdde-d4815af1a2b2,tables,1fe759ca-7cdd-4e03-bdde-d4815af1a2b2.Кр-р Водоканал УПД №23075000 от 31.03.26.pdf,"Общество с ограниченной ответственностью ""Краснодар Водоканал""",2308111927,231101001,Колодько Александра Геннадьевна,010600884284,,mismatch,edo_missing,mismatch
2510,1c39dceb-6709-494c-8f99-a1407be9acd3,tables,1c39dceb-6709-494c-8f99-a1407be9acd3.Счет № 902117 - 1 от 28.02.2026.pdf,"ПАО ""Мобильные ТелеСистемы""",7740000076,997750001,"ПАО ""МТС""",7740000076,997750001,match,match,mismatch
2513,b2d81773-a3ad-42fb-bcd9-353e6f044179,tables,b2d81773-a3ad-42fb-bcd9-353e6f044179.Raschet_peremen_chasti_MGOK_Bilayn.pdf,"АО ""Михеевский ГОК""",7428007317,745801001,"АО ""МИХЕЕВСКИЙ ГОК""",7428007317,424950001,match,mismatch,match
2515,776171ee-942e-4917-a890-540af9ff73a4,tables,776171ee-942e-4917-a890-540af9ff73a4.184 PR_26166229 Акт № 260531-0280 от 31.05.2026.pdf,ООО «ЭлЭлЭл»,7707083893,770701001,"ООО ""ЛАЙОН КОММЬЮНИКЕЙШНЗ""",7743068844,771401001,mismatch,mismatch,mismatch
2529,42849e9c-c4d9-4c73-82c5-1c81f653a342,tables,42849e9c-c4d9-4c73-82c5-1c81f653a342.Счет на оплату № 32 от 02 марта 2026 г.pdf,ПРЕДСТАВИТЕЛЬСТВО МЕЖДУНАРОДНОЙ КОМПАНИИ ОБЩЕСТВА С ОГРАНИЧЕННОЙ ОТВЕТСТВЕННОСТЬЮ «БГ ПЕТРОВСКИЙ ПАССАЖ» В Г. МОСКВЕ,,,"МКООО ""БГ ПЕТРОВСКИЙ ПАССАЖ""",3900035523,390001001,llm_missing,llm_missing,mismatch
2533,8f408ebc-cc19-4afa-b909-51dcfa3733e3,tables,8f408ebc-cc19-4afa-b909-51dcfa3733e3.Счет на оплату № 3158 от 14 мая 2026 г.pdf,"ООО ""ПрофСервисТрейд""",7707820378,774301001,"ООО ""ПРОФСЕРВИСТРЕЙД""",7707820378,771401001,match,mismatch,match
2537,9ab51291-6522-440d-9c07-9c1ba0b4a39b,tables,9ab51291-6522-440d-9c07-9c1ba0b4a39b.900700618255_CDTP_2_31.01.2026.pdf,ПАО «Ростелеком»,7707049388,222443001,"Новосибирский филиал ПАО ""Ростелеком"" (Сибирь)",7707049388,540643001,match,mismatch,match
2539,b0ec38fb-4f78-4043-aca4-85c37b81557d,tables,b0ec38fb-4f78-4043-aca4-85c37b81557d.900201195176_CDTP_2_31.03.2026.pdf,ПАО «Ростелеком»,7707049388,561243001,"Нижегородский филиал ПАО ""Ростелеком"" (Волга)",7707049388,526043002,match,mismatch,match
2544,0bfd4cba-56f6-4e6a-925d-c5096a11fcb8,tables,0bfd4cba-56f6-4e6a-925d-c5096a11fcb8.ON_BILL_2BM_2BM_20260602_708433301#9361500#I.pdf,"Северо-Западный филиал ПАО ""МегаФон""",7812014560,780143001,"Северо-Западный филиал ПАО ""МегаФон""",7812014560,784143001,match,mismatch,match
2548,f58cd8b9-ba78-4354-a17e-dcffa0fc1d1a,tables,f58cd8b9-ba78-4354-a17e-dcffa0fc1d1a.Приложение Алтайский край.pdf,Оганесян П.Л.,,,Оганесян Петрос Леваович,502712700987,,llm_missing,both_missing,mismatch
2551,13c05f74-169c-4334-a348-5f823f3ee544,tables,13c05f74-169c-4334-a348-5f823f3ee544.Азимут_КР_02.26.pdf,ООО «Альпика»,7751188060,775101001,"ООО ""АЗИМУТ""",9705097904,770501001,mismatch,mismatch,mismatch
2556,c2650266-b2e9-49b7-ad58-50ed2b93e3ee,tables,c2650266-b2e9-49b7-ad58-50ed2b93e3ee.14_26030044 Копия документов 3х лиц № 260206-004 от 06.02.2026.pdf,"ООО ""РОРЕ МЕДИА""",,,"ООО ""ЛАЙОН КОММЬЮНИКЕЙШНЗ""",7743068844,771401001,llm_missing,llm_missing,mismatch
2561,7c30c70f-1f3a-4903-b319-646e8c3864dc,tables,7c30c70f-1f3a-4903-b319-646e8c3864dc.Schet_pokupatelyu.pdf,"ГТРК ""Курск""",7714072839,463202002,ВГТРК,7714072839,463202002,match,match,mismatch
2562,3cd0aa5e-82cd-4c4b-bdfd-a005d8bc1162,tables,3cd0aa5e-82cd-4c4b-bdfd-a005d8bc1162.900700776257_CDTP_2_31.12.2025.pdf,ПАО «Ростелеком»,7707049388,143543001,"Приморский филиал ПАО ""Ростелеком"" (Дальний Восток)",7707049388,253643002,match,mismatch,match
2569,eee0ddf7-d17f-44ef-b03b-1144f1beb944,tables,eee0ddf7-d17f-44ef-b03b-1144f1beb944.invoice-qr-673.pdf,"ООО ""ПРОЕКТ СЕРВИС""",,656001001,"ООО ""ПРОЕКТ СЕРВИС""",2222835082,222201001,llm_missing,mismatch,match
2571,98f69c97-2712-4ce8-97b1-d98b1ab75c46,tables,98f69c97-2712-4ce8-97b1-d98b1ab75c46.Вымпелком - акт инкасс.pdf,АО Россельхозбанк,7707083893,770701001,"АО ""РОССЕЛЬХОЗБАНК""",7725114488,997950001,mismatch,mismatch,match
2572,262eea56-78b5-4006-8719-17a74bca78b9,tables,262eea56-78b5-4006-8719-17a74bca78b9.900300813414_CDTP_2_31.12.2025.pdf,ПАО «Ростелеком»,7707049388,213043001,"Нижегородский филиал ПАО ""Ростелеком"" (Волга)",7707049388,526043002,match,mismatch,match
2574,2bba575b-277a-4303-a4f6-d4db3003300a,tables,2bba575b-277a-4303-a4f6-d4db3003300a.Акт_поданной_принятой_ТЭ_Вн_Д_04_ГВ_Вн_Д_13_822300000000119845.pdf,Публичное акционерное общество «Т Плюс»,6315376946,631543004,"Самарский филиал АО ""ЭнергосбыТ Плюс""",5612042824,631543001,mismatch,mismatch,match
2579,a00dccc8-c877-4d3e-b14b-5fc830694f5a,tables,a00dccc8-c877-4d3e-b14b-5fc830694f5a.Итоговый счет_7713076301_202512_12285582.pdf,"Акционерное Общество ""Дальневосточная генерирующая компания""",1434031363,250232002,"АО ""ДГК""",1434031363,272101001,match,mismatch,match
2586,f039774b-4420-4978-88aa-8c4dabcd5d2c,tables,f039774b-4420-4978-88aa-8c4dabcd5d2c.900200595825_CDTP_2_30.04.2026.pdf,ПАО «Ростелеком»,7707049388,645243001,"Нижегородский филиал ПАО ""Ростелеком"" (Волга)",7707049388,526043002,match,mismatch,match
2590,f62edaed-f3a1-4567-a7b4-1e3b59074902,tables,f62edaed-f3a1-4567-a7b4-1e3b59074902.Счет № 906694 - 1 от 31.12.2025.pdf,"ПАО ""Мобильные ТелеСистемы""",7740000076,997750001,"ПАО ""МТС""",7740000076,997750001,match,match,mismatch
2605,a645278e-2d1c-4261-a7af-6c09020ce57d,tables,a645278e-2d1c-4261-a7af-6c09020ce57d.Счет на оплату № 34 от 31 марта 2026 г.pdf,ИП Макаров Г. Г.,100117914954,,Макаров Григорий Геннадьевич,100117914954,,match,both_missing,mismatch
2609,a314c206-57b4-412d-b7bc-25dbb3548ced,tables,a314c206-57b4-412d-b7bc-25dbb3548ced.ON_SCHET_6101-2601RP318955.pdf,Филиал АО «Компания ТрансТелеКом» «Межрегиональный филиал Запад»,7709219099,616443002,"АО ""Компания ТрансТелеКом""",7709219099,775050001,match,mismatch,match
2615,8071c598-70c8-48e1-befd-53b1086cb1c8,tables,8071c598-70c8-48e1-befd-53b1086cb1c8.1дог.1295 Акт ЧАА.pdf,Акционерное общество «Независимая энергосбытовая компания Краснодарского края»,2308091759,230843001,Скиданов Игорь Владимирович,230800298045,,mismatch,edo_missing,mismatch
2619,10fca59e-4c36-468d-a9da-a31893ebd397,tables,10fca59e-4c36-468d-a9da-a31893ebd397.ЮЛ_Счет_3.pdf,"ООО ""РУСЭНЕРГОСБЫТ"" Октябрьский филиал",7706284124,502045001,"ООО ""РУСЭНЕРГОСБЫТ""",7706284124,770401001,match,mismatch,match
2621,a209fa38-38dc-4b32-9870-383d140fc903,tables,a209fa38-38dc-4b32-9870-383d140fc903.112.pdf,"ОАО ""РЖД""",7708503727,997650001,Центральная станция связи ОАО «РЖД»,7708503727,771843001,match,mismatch,mismatch
2623,3eb561ad-9c0d-4c23-8856-39fcdb3b9bd8,tables,3eb561ad-9c0d-4c23-8856-39fcdb3b9bd8.Счет на оплату № 28 от 28 февраля 2026 г.pdf,"ООО ""ЛАДОГА""",7811611902,781101001,"ООО ""ЛАДОГА""",7811611902,780201001,match,mismatch,match
2629,8131a07d-3bfc-4990-bfcf-32161448a1b4,tables,8131a07d-3bfc-4990-bfcf-32161448a1b4.Акт ППГ №000000000034970 от 31.03.2026.pdf,"ООО ""Газпром межрегионгаз Махачкала""",000000000034,000000000,"ООО ""ГАЗПРОМ МЕЖРЕГИОНГАЗ МАХАЧКАЛА""",0571008854,057101001,mismatch,mismatch,match
2637,415408dd-da27-474d-b10c-3aa3a8958223,tables,415408dd-da27-474d-b10c-3aa3a8958223.1700_6400095606_30-04-2026.PDF,"ООО ""Новотелеком""",7713076301,540503001,"ООО ""Новотелеком""",5406260827,540601001,mismatch,mismatch,match
2642,7c67c435-2e49-4565-9655-801416857b66,tables,7c67c435-2e49-4565-9655-801416857b66.900100715761_CDTP_2_28.02.2026.pdf,ПАО «Ростелеком»,7707049388,352543001,"Макрорегиональный филиал ""Северо-Запад"" ПАО ""Ростелеком""",7707049388,784243002,match,mismatch,match
2645,fbfca4b5-0d01-46a3-a491-43e05c3decea,tables,fbfca4b5-0d01-46a3-a491-43e05c3decea.Счет № 901269 - 1 от 31.01.2026.pdf,"Публичное акционерное общество ""Мобильные ТелеСистемы""",7740000076,997750001,"ПАО ""МТС""",7740000076,997750001,match,match,mismatch
2655,56616143-bc6c-47fe-83ca-93c7567f76c3,tables,56616143-bc6c-47fe-83ca-93c7567f76c3.Вымпелком январь.pdf,"АО ""Мосэнергосбыт""",7707083893,770701001,"АО ""ИПОГАТ""",5016000830,501601001,mismatch,mismatch,mismatch
2659,68c5af45-31c8-4297-9e23-57a1947bff8b,tables,68c5af45-31c8-4297-9e23-57a1947bff8b.Счет-фактура №18826 от 31.01.26.pdf,АО «Самарагорэнергосбыт»,6316138990,631601001,Васканова Елена Вячеславовна,631218367170,,mismatch,edo_missing,mismatch
2666,8021c9be-4771-4d79-8cb0-50c7a31920d7,tables,8021c9be-4771-4d79-8cb0-50c7a31920d7.ON_VEDOMOST_2BM-7713076301-2012052807251168061080000000000_2BM-1101301856-2012052807212867861080000000000_31032026 33.PDF,"Акционерное общество ""Коми энергосбытовая компания""",009113076001,009113076,"АО ""Коми энергосбытовая компания""",1101301856,785150001,mismatch,mismatch,match
2668,b89f9a21-feec-41bf-baa3-2151ae82f06a,tables,b89f9a21-feec-41bf-baa3-2151ae82f06a.Счет 2600195768.pdf,"АО ""ДПД РУС""",7713215523,997750001,"АО ""ДПД РУС""",7713215523,774850001,match,mismatch,match
2669,911a7e6a-4a5e-419d-a160-92ca71c88a9d,tables,911a7e6a-4a5e-419d-a160-92ca71c88a9d.Акт № 360 от 30.04.2026.pdf,ИП Ежков А. Г.,165060974030,,Ежков Александр Григорьевич,165060974030,,match,both_missing,mismatch
2670,9e769afb-1bd4-4f2e-a828-5171fd5f1c61,tables,9e769afb-1bd4-4f2e-a828-5171fd5f1c61.1000_6400535694_25_31-03-2026.PDF,"АО ""ЭР-Телеком Холдинг""",,771307630,"АО ""ЭР-ТЕЛЕКОМ ХОЛДИНГ""",5902202276,590501001,llm_missing,mismatch,match
2671,970d2bf7-1924-40d9-828f-967cfe96ec04,tables,970d2bf7-1924-40d9-828f-967cfe96ec04.Сч 9365 ВК Астрахань.pdf,ПАО «Россети Юг»,6164266561,301502001,"АО ""РОССЕТИ ЦИФРА""",7705307770,773401001,mismatch,mismatch,mismatch
2676,9a87ce70-f0e1-477a-9135-c8b8ea1a9434,tables,9a87ce70-f0e1-477a-9135-c8b8ea1a9434.УПД №Э_12_014004 от 30.04.26 дог.3412.pdf,"Акционерное общество ""Мосэнергосбыт""",7736520080,997650001,ИП Перфильева Татьяна Евгеньевна,501100175384,,mismatch,edo_missing,mismatch
2679,f5431eaa-80e1-4c7b-b6b3-751000668dcf,tables,f5431eaa-80e1-4c7b-b6b3-751000668dcf.СчетЗаказ.pdf,"АО ""ДГК""",1434031363,997650001,"АО ""ДГК""",1434031363,272101001,match,mismatch,match
2682,78bf4e60-9bca-41c0-ac3d-836194732c13,tables,78bf4e60-9bca-41c0-ac3d-836194732c13.VYMPELKOM_PAO_za_aprel_2026_g..pdf,"ООО ""Нево-Центр""",7707083893,770701001,"ООО ""Нево-Центр""",7801382805,780401001,mismatch,mismatch,match
2684,4148c8e0-2a0f-4f6b-9de7-1554882b1186,tables,4148c8e0-2a0f-4f6b-9de7-1554882b1186.Счет на оплату № 3287 от 18 мая 2026 г.pdf,"ООО ""ПрофСервисТрейд""",7707820378,774301001,"ООО ""ПРОФСЕРВИСТРЕЙД""",7707820378,771401001,match,mismatch,match
2694,08424fb5-60e0-405c-8fed-5c1aba276016,tables,08424fb5-60e0-405c-8fed-5c1aba276016.Приложение №2.1 108166__2026.pdf,ООО «ФОРТ-КОНТРОЛЬ»,113504000572,,"ООО ""ФОРТ-КОНТРОЛЬ""",5040125816,504001001,mismatch,llm_missing,match
2712,df6d371c-a15e-4a9a-8f4c-ec7c63a1115b,tables,df6d371c-a15e-4a9a-8f4c-ec7c63a1115b.ON_BILL_2BM_2BM_20260502_710913101#9287329#I.pdf,"Северо-Западный филиал ПАО ""МегаФон""",7812014560,780143001,"Северо-Западный филиал ПАО ""МегаФон""",7812014560,784143001,match,mismatch,match
2717,35170fec-4c50-4967-81c9-42667385895a,tables,"35170fec-4c50-4967-81c9-42667385895a.АКТ № 12984 демонтажа, экспертизы и возврата оборудования и материалов.pdf","ЗАО ""ГК ""ЛогЛаб""",,,"ООО ""Ветекс""",7806433771,780601001,llm_missing,llm_missing,mismatch
2724,eed2645a-747e-4ed5-8479-72a7e9b6cca1,tables,eed2645a-747e-4ed5-8479-72a7e9b6cca1.Приложение №2.1 108856__2026.pdf,ООО «ФОРТ-КОНТРОЛЬ»,113504000572,,"ООО ""ФОРТ-КОНТРОЛЬ""",5040125816,504001001,mismatch,llm_missing,match
2733,3c5ade20-2011-4295-9854-11e4da11de80,tables,3c5ade20-2011-4295-9854-11e4da11de80.ON_PRSCHET_2BM-7713076301-2012052807251168061080000000000_2BM-7702743761-583543001-201408220340389381807_20260301_00026507-0000-0001-0000-000030585642.PDF,"Общество с ограниченной ответственностью ""ТНС энерго Пенза""",7702743761,583501001,"ООО ""ТНС ЭНЕРГО ПЕНЗА""",7702743761,785150001,match,mismatch,match
2742,b2c7c706-fdb4-434c-bfe9-5bf41ff7291d,tables,b2c7c706-fdb4-434c-bfe9-5bf41ff7291d.4400_6400000622_31-01-2026.PDF,"АО ""Авантел""",7713076301,860245007,"АО ""АВАНТЕЛ""",5408185212,771501001,mismatch,mismatch,match
2751,b22b2d91-ecb1-4098-837d-797b0e1caf93,tables,b22b2d91-ecb1-4098-837d-797b0e1caf93.Расшифровка счет-фактуры 600897.pdf,"Акционерное общество ""Железнодорожная торговая компания""",010928069000,010928069,"Сибирский филиал АО ""ЖТК""",7708639622,540743001,mismatch,mismatch,mismatch
2753,3fa4df08-ce73-42b6-b31c-9d20bf35c2b7,tables,3fa4df08-ce73-42b6-b31c-9d20bf35c2b7.900901227482_CDTP_2_31.12.2025.pdf,ПАО «Ростелеком»,7707049388,631543001,"Нижегородский филиал ПАО ""Ростелеком"" (Волга)",7707049388,526043002,match,mismatch,match
2755,e405b4f4-ebf4-4bca-af50-2a7dba0a75a6,tables,e405b4f4-ebf4-4bca-af50-2a7dba0a75a6.КС-2 №132 от 24.02.2026.pdf,"ООО ""ФОРТ-КОНТРОЛЬ""",7722059020,772201001,"ООО ""ФОРТ-КОНТРОЛЬ""",5040125816,504001001,mismatch,mismatch,match
2766,c395c41f-0e7d-4281-bc97-befeabf42957,tables,c395c41f-0e7d-4281-bc97-befeabf42957.Счет_adc2e6d3-35d5-4fc3-86f5-7f6ceb9bb9a5.pdf,"ООО ""КОМУС""",7721793895,165645001,"ООО ""КОМУС""",7721793895,997350001,match,mismatch,match
2769,27ac3b09-e6d6-4cde-badc-cfcf0b058fab,tables,27ac3b09-e6d6-4cde-badc-cfcf0b058fab.Акт об оказании услуг № 196 от 31 декабря 2025 г.pdf,"ООО ""Восток плюс""",7715638362,771563836,"ООО ""ВОСТОК плюс""",7715638362,771501001,match,mismatch,match
2770,f2463a6a-9569-4c5b-90c4-65ee9c95d3d3,tables,f2463a6a-9569-4c5b-90c4-65ee9c95d3d3.Счет на оплату № РТ-3 от 28.02.2026.pdf,ИП Иванов Е.Г.,240302007902,,Иванов Евгений Георгиевич,240302007902,,match,both_missing,mismatch
2773,1317511c-bd64-4b10-9f70-049b21fae0f7,tables,1317511c-bd64-4b10-9f70-049b21fae0f7.КС-2 №513 от 11.05.2026.pdf,"ООО ""ФОРТ-КОНТРОЛЬ""",1733736440,173373644,"ООО ""ФОРТ-КОНТРОЛЬ""",5040125816,504001001,mismatch,mismatch,match
2782,49c1be6c-aef1-4d1a-ad18-86066538d9d5,tables,49c1be6c-aef1-4d1a-ad18-86066538d9d5.Расчет компенсации расходов на электроэнергию Вымпелком 1806-март-2026.pdf,Краснодарский КРТПЦ,,,РТРС,7717127211,771701001,llm_missing,llm_missing,mismatch
2788,9dcda992-142f-43ba-9c04-89b6db894005,tables,9dcda992-142f-43ba-9c04-89b6db894005.Schet_pokupatelyu.pdf,ИП Кравцова А. В.,343803828009,,Кравцова Алена Владимировна,343803828009,,match,both_missing,mismatch
2790,3f23c9c1-1edb-4e42-868c-435d14b4f80f,tables,"3f23c9c1-1edb-4e42-868c-435d14b4f80f.11335 АКТ №2 демонтажа, экспертизы и возврата оборудования и материалов v2.pdf","ЗАО ""ГК ""ЛогЛаб""",,,"ООО ""СвязьСтройСервис""",3905604935,390601001,llm_missing,llm_missing,mismatch
2792,a9bf1bc3-be81-49eb-9e64-1afebf43e395,tables,a9bf1bc3-be81-49eb-9e64-1afebf43e395.900600499959_CDTP_2_30.04.2026.pdf,ПАО «Ростелеком»,7707049388,110143001,"Макрорегиональный филиал ""Северо-Запад"" ПАО ""Ростелеком""",7707049388,784243002,match,mismatch,match
2795,5c286287-65ba-4525-8f19-ae7586924fb5,tables,5c286287-65ba-4525-8f19-ae7586924fb5.schet_333-9_ot_29.06.2026g..pdf,"ФКП ""АЭРОПОРТЫ СЕВЕРА""",1435146293,143543001,"ФКП ""Аэропорты Севера""",1435146293,143501001,match,mismatch,match
2804,57bc639f-4655-4b9c-bc05-7c41d1dd3f87,tables,57bc639f-4655-4b9c-bc05-7c41d1dd3f87.Счет на оплату № 1477 от 20 февраля 2026 г.pdf,"ООО ""ПрофСервисТрейд""",7707820378,774301001,"ООО ""ПРОФСЕРВИСТРЕЙД""",7707820378,771401001,match,mismatch,match
2806,7209e95a-6bca-4d0e-ab30-ba82f9c0a66f,tables,7209e95a-6bca-4d0e-ab30-ba82f9c0a66f.Акт об оказании услуг № 229 от 30 апреля 2026 г.pdf,"ООО ""АК СОЛЮШНЗ""",7724933808,772701001,"ООО ""Ак Солюшнз""",7724933808,773601001,match,mismatch,match
2807,1e47dcd9-c378-42f9-9e0a-7535ea8e491b,tables,1e47dcd9-c378-42f9-9e0a-7535ea8e491b.Счет на оплату № 12 от 31 марта 2026 г..pdf,"ООО ""ГРАНД ВЭЙ""",2635219430,263401001,"ООО ""ГРАНД ВЭЙ""",2635219430,263501001,match,mismatch,match
2813,7e7165ce-38fe-4a08-94e3-e898f886177d,tables,7e7165ce-38fe-4a08-94e3-e898f886177d.Detail_302000000003_1_202601.pdf,"Публичное акционерное общество ""Башинформсвязь""",7700000000,770000000,ПАО Башинформсвязь,0274018377,027401001,mismatch,mismatch,match
2817,4383a7fc-fd8a-4f25-a7fc-1cba22f2db25,tables,4383a7fc-fd8a-4f25-a7fc-1cba22f2db25.Счет_446882e0-e339-4550-b9fb-a699dcc268c7.pdf,"ООО ""КОМУС""",7721793895,781745001,"ООО ""КОМУС""",7721793895,997350001,match,mismatch,match
2826,4b0bd7ff-4927-41e8-902e-91f46b22173a,tables,4b0bd7ff-4927-41e8-902e-91f46b22173a.АктПриемаПередачиЗаявка28076.pdf,АО «Сахаэнерго»,678400000000,678400000,"АО ""Сахаэнерго""",1435117944,140601001,mismatch,mismatch,match
2828,3432766c-1ea8-4822-8665-a8fbb8bf0c27,tables,3432766c-1ea8-4822-8665-a8fbb8bf0c27.900700607507_CDTP_2_31.01.2026.pdf,ПАО «Ростелеком»,7707049388,246643001,"Новосибирский филиал ПАО ""Ростелеком"" (Сибирь)",7707049388,540643001,match,mismatch,match
2833,fbceb399-6e02-4342-a152-72f6fe70e7de,tables,fbceb399-6e02-4342-a152-72f6fe70e7de.УПД (статус 1) № 325 от 31 мая 2026 г.pdf,"ООО КОМПАНИЯ ""ГАРАНТСТРОЙ""",6679110300,668601001,"ООО КОМПАНИЯ ""ГАРАНТСТРОЙ""",6679110300,667801001,match,mismatch,match
2839,445968fc-2464-4085-b0e5-eca0c1c3f459,tables,445968fc-2464-4085-b0e5-eca0c1c3f459.Акт 8_юэс _31.03.26_Вымпелком_0979.pdf,ПАО «Россети Ленэнерго»,,,"АО ""РОССЕТИ ЦИФРА""",7705307770,773401001,llm_missing,llm_missing,mismatch
2850,7a5fef92-f005-4ae2-8b49-92e1a71c3768,tables,7a5fef92-f005-4ae2-8b49-92e1a71c3768.SF9100188188.pdf,Краснодарское отделение №8619 ПАО Сбербанк,7713076301,997750001,"Кавказский филиал ПАО ""МегаФон""",7812014560,230802001,mismatch,mismatch,mismatch
2851,a62e4337-b1ca-4139-b8c6-d98a6a710908,tables,a62e4337-b1ca-4139-b8c6-d98a6a710908.Счет на оплату № 257 от 17 октября 2025 г.PDF,"ООО ФИРМА ""ФРОТЕК""",7715244103,771601001,"ООО ФИРМА ""ФРОТЕК""",7715244103,771501001,match,mismatch,match
2855,b188e2d1-2b2a-4275-9f20-b316059f8fa0,tables,b188e2d1-2b2a-4275-9f20-b316059f8fa0.тв вымпелком   19793.28  договор 17-12.pdf,"ОАО ""РЖД""",7708503727,997650001,Центральная станция связи ОАО «РЖД»,7708503727,771843001,match,mismatch,mismatch
2859,d0339fbf-bd75-4e8c-b149-bf3f03c81eac,tables,d0339fbf-bd75-4e8c-b149-bf3f03c81eac.4400_6400036162_30-04-2026.PDF,"АО ""Авантел""",7713076301,860245007,"АО ""АВАНТЕЛ""",5408185212,771501001,mismatch,mismatch,match
2862,d2d9e645-27c0-42dd-81ec-f228224252f3,tables,d2d9e645-27c0-42dd-81ec-f228224252f3.Счет-фактура и УПД 30.04.26 № 1045-20 = 4 807.71 в т.ч. НДС 866.96.pdf,"ООО ""Ивановоэнергосбыт""",3702044413,370201001,Боркова Светлана Владимировна,370262566406,,mismatch,edo_missing,mismatch
2867,2818ebeb-4353-464b-a431-0aaa029a0385,tables,2818ebeb-4353-464b-a431-0aaa029a0385.900700595905_CDTP_2_31.05.2026.pdf,ПАО «Ростелеком»,7707049388,213043001,"Нижегородский филиал ПАО ""Ростелеком"" (Волга)",7707049388,526043002,match,mismatch,match
2873,fe8f233d-c4ff-4dee-a3af-9f0d57cadc79,tables,fe8f233d-c4ff-4dee-a3af-9f0d57cadc79.900500894836_CDTP_2_30.04.2026.pdf,ПАО «Ростелеком»,7707049388,650143001,"Приморский филиал ПАО ""Ростелеком"" (Дальний Восток)",7707049388,253643002,match,mismatch,match
2875,0c6b8af5-04d8-49ca-81bf-ea7b0601e1f5,tables,0c6b8af5-04d8-49ca-81bf-ea7b0601e1f5.Счет_6c51324d-94ce-4637-a5ec-9b9836b0e1d5.pdf,"ООО ""КОМУС""",7721793895,781145001,"ООО ""КОМУС""",7721793895,997350001,match,mismatch,match
2881,f0fa07f3-2c73-4091-a13b-0be9a9fd2ff6,tables,f0fa07f3-2c73-4091-a13b-0be9a9fd2ff6.900500580502_CDTP_2_30.04.2026.pdf,ПАО «Ростелеком»,7707049388,246643001,"Новосибирский филиал ПАО ""Ростелеком"" (Сибирь)",7707049388,540643001,match,mismatch,match
2883,62b8f64b-472f-4fed-82a2-6887d4ce1013,tables,62b8f64b-472f-4fed-82a2-6887d4ce1013.Расшифровка к СчФ корректировочной_01.10.2025_31.10.2025_ИННРСО5406993045_КППРСО540601001_ИНН7713076301_КПП540503001_ID04122_508_129633119.pdf,ООО «НТСК»,7707083893,770701001,ООО «СИБИРСКАЯ ТЕПЛОСБЫТОВАЯ КОМПАНИЯ»,2462222097,772501001,mismatch,mismatch,mismatch
2891,120beb0b-5470-4545-aaa2-1f60dece3192,tables,120beb0b-5470-4545-aaa2-1f60dece3192.ЭМ_48-48 Билайн_офисы. ОП Чита. Февраль 2026 - Акт.pdf,"ООО ""ЭКОМАКС""",,,"ООО ""ЭМ""",5404083146,540401001,llm_missing,llm_missing,mismatch
2898,9aa0da2e-c095-41a2-a321-d152fc296630,tables,9aa0da2e-c095-41a2-a321-d152fc296630.Вымпелком_Счет.pdf,"Акционерное общество ""НИПИгазпереработка""",2310004087,997450001,"АО ""НИПИГАЗ""",2310004087,720301001,match,mismatch,match
2899,ae2a1cbd-eb1c-4d29-a40a-ee430196e3a5,tables,ae2a1cbd-eb1c-4d29-a40a-ee430196e3a5.900901013363_CDTP_2_31.03.2026.pdf,ПАО «Ростелеком»,7707049388,583643001,"Нижегородский филиал ПАО ""Ростелеком"" (Волга)",7707049388,526043002,match,mismatch,match
2905,758e7c33-1483-452f-b0c3-9254cc62f3ec,tables,758e7c33-1483-452f-b0c3-9254cc62f3ec.Акт 02.26.pdf,"ОБЩЕСТВО С ОГРАНИЧЕННОЙ ОТВЕТСТВЕННОСТЬЮ ""ДРУЖБА""",680042000000,680001001,"ООО ""ДРУЖБА""",2724005938,272401001,mismatch,mismatch,match
2911,c909d66d-be68-4ccf-9134-b61d6688119a,tables,c909d66d-be68-4ccf-9134-b61d6688119a.Счет_Б-5920014200-1.pdf,"ООО ""Яндекс Плюс""",7705177420,770501001,"ООО ""ЯНДЕКС ПЛЮС""",9705177420,770501001,mismatch,match,match
2915,6b3fc08c-e586-417f-aa8a-b26facae3ef2,tables,6b3fc08c-e586-417f-aa8a-b26facae3ef2.Счет на оплату № 49 от 19 мая 2026 г.pdf,"ООО ""Сбербанк Факторинг""",7802754982,785250001,"ООО ""СИТИИНФО""",7810422780,781001001,mismatch,mismatch,mismatch
2918,ff5f04a5-cdc0-4896-beae-88af85dfcd79,tables,ff5f04a5-cdc0-4896-beae-88af85dfcd79.РасчетнаяВедомость_из_СФ_741000000000054176.pdf,ПАО «Т Плюс»,6315376946,667143001,"Свердловский филиал АО ""ЭНЕРГОСБЫТ ПЛЮС"" ",5612042824,667043001,mismatch,mismatch,match
2921,f043714d-331b-48c0-b480-f062e2d2cc19,tables,f043714d-331b-48c0-b480-f062e2d2cc19.Счет № 904261 - 1 от 31.12.2025.pdf,"Публичное акционерное общество ""Мобильные ТелеСистемы""",7740000076,997750001,"ПАО ""МТС""",7740000076,997750001,match,match,mismatch
2923,91d0d618-bc8f-4fd5-bee7-3a48465b7205,tables,91d0d618-bc8f-4fd5-bee7-3a48465b7205.УПД №11-012026-2700001671 от 31.01.26_АО ТГК-13.pdf,"Акционерное общество ""Енисейская территориальная генерирующая компания (ТГК-13)""",1901067718,785150001,"ООО ""СИБИРСКИЕ ГОРОДКИ""",7708411586,770801001,mismatch,mismatch,mismatch
2924,7efb7599-1077-4086-b717-5cdc0ad979e6,tables,7efb7599-1077-4086-b717-5cdc0ad979e6.900600558305_CDTP_2_28.02.2026.pdf,ПАО «Ростелеком»,7707049388,213043001,"Нижегородский филиал ПАО ""Ростелеком"" (Волга)",7707049388,526043002,match,mismatch,match
2938,fee1bae6-0c75-4db9-9d1c-677c6c98f405,tables,fee1bae6-0c75-4db9-9d1c-677c6c98f405.Акт 1829 от 31.12.2025 Вымпел.pdf,"Общество с ограниченной ответственностью ""Природа Инвест""",7702011506,770201001,"ООО ""Природа Инвест""",7722605826,771401001,mismatch,mismatch,match
2940,925fe22e-cf96-430b-bc76-97cbc394369a,tables,925fe22e-cf96-430b-bc76-97cbc394369a.Счет ВЫМПЕЛКОМ ПАО ОСП Г. ИРКУТСК.pdf,"Акционерное общество ""Центр управления непрофильными активами""",1901069225,381245001,"АО ""ЦУНА""",1901069225,773401001,match,mismatch,match
2943,e29188f9-9386-422b-b2e3-61395c46186d,tables,e29188f9-9386-422b-b2e3-61395c46186d.1000_6400003973_38_21-01-2026.PDF,"АО ""ЭР-Телеком Холдинг""",,997750001,"АО ""ЭР-ТЕЛЕКОМ ХОЛДИНГ""",5902202276,590501001,llm_missing,mismatch,match
2946,e7c95335-2620-4b5c-98f2-8529b6531556,tables,e7c95335-2620-4b5c-98f2-8529b6531556.Счет - основание 04.2026.pdf,"АССОЦИАЦИЯ ""РОССИЙСКИЙ ДОМ МЕЖДУНАРОДНОГО НАУЧНОТЕХНИЧЕСКОГО СОТРУДНИЧЕСТВА""",7703088192,770301001,"Ассоциация ""РД МНТС""",7703088192,770301001,match,match,mismatch
2951,d963741e-6f81-4864-ab37-dc8c0bd006b5,tables,d963741e-6f81-4864-ab37-dc8c0bd006b5.Акт_245632985.pdf,ООО ФПТ,9705212635,770501001,"ООО ""ФИНАНСОВЫЕ И ПЛАТЕЖНЫЕ ТЕХНОЛОГИИ""",9705212635,770501001,match,match,mismatch
2961,509b2f06-2315-4dc4-97c4-71e3d3e1a4e1,tables,509b2f06-2315-4dc4-97c4-71e3d3e1a4e1.АктПриемаПередачи_04_2026_98705.pdf,"ООО ""РКС-энерго""",7707083893,770701001,Урсу Дмитрий Владимирович,500117116963,,mismatch,edo_missing,mismatch
2978,90f78c1d-b51e-4f39-8373-2ce6374316dd,tables,90f78c1d-b51e-4f39-8373-2ce6374316dd.900500731894_CDTP_2_28.02.2026.pdf,ПАО «Ростелеком»,7707049388,519043001,"Макрорегиональный филиал ""Северо-Запад"" ПАО ""Ростелеком""",7707049388,784243002,match,mismatch,match
2979,522d260b-2952-46a3-b206-d4d21330581e,tables,522d260b-2952-46a3-b206-d4d21330581e.АктВыдачи_WXX-5035044-1YAR400KW.PDF,"ООО ""СЕРВИОНИКА""",,,"ООО ""СТА Карго""",7810825228,781401001,llm_missing,llm_missing,mismatch
2983,1259fb91-df9b-4812-8675-f4fceaedcb04,tables,1259fb91-df9b-4812-8675-f4fceaedcb04.Schet_na_oplatu__741_ot_31_maya_2026_g.pdf,"МЕЖДУНАРОДНАЯ КОМПАНИЯ ОБЩЕСТВО С ОГРАНИЧЕННОЙ ОТВЕТСТВЕННОСТЬЮ ""БРАЙС ДЕВЕЛОПМЕНТ""",3900005350,771443001,"МКООО ""БРАЙС ДЕВЕЛОПМЕНТ""",3900005350,390001001,match,mismatch,match
2986,4f40ef74-9be6-4c62-a811-b4971511245a,tables,4f40ef74-9be6-4c62-a811-b4971511245a.900200595887_CDTP_2_30.04.2026.pdf,ПАО «Ростелеком»,7707049388,631543001,"Нижегородский филиал ПАО ""Ростелеком"" (Волга)",7707049388,526043002,match,mismatch,match
2988,9ecbd6ca-fb87-4af3-b396-e33f7f5de34a,tables,9ecbd6ca-fb87-4af3-b396-e33f7f5de34a.ON_SCHET___20260601_b96c3863-780f-41c5-8717-b0e28e7133a0.pdf,"РТРС / Филиал ""Российская телевизионная и радиовещательная сеть"" ""Санкт-Петербургский региональный центр""",7717127211,781302003,РТРС,7717127211,997650001,match,mismatch,match
2996,94c33f53-05e7-41ee-ac2c-513af382bd35,tables,94c33f53-05e7-41ee-ac2c-513af382bd35.900700589714_CDTP_2_31.12.2025.pdf,ПАО «Ростелеком»,7707049388,631543001,"Нижегородский филиал ПАО ""Ростелеком"" (Волга)",7707049388,526043002,match,mismatch,match
2998,db7a6243-c6be-418f-8e85-1feb9fa6f080,tables,db7a6243-c6be-418f-8e85-1feb9fa6f080.900500990380_CDTP_2_31.03.2026.pdf,ПАО «Ростелеком»,7707049388,770704938,"Макрорегиональный филиал ""Центр"" ПАО ""Ростелеком""",7707049388,773443001,match,mismatch,match
3007,a3bdcb63-0fcc-4776-a02b-8e5369aebf47,tables,a3bdcb63-0fcc-4776-a02b-8e5369aebf47.Авансовые счета по договору УПООЭ0090106.pdf,Акционерное общество «Читаэнергосбыт»,7536066430,753601001,"АО ""Читаэнергосбыт""",7536066430,775050001,match,mismatch,match
3009,3675aa5c-cbd2-4cea-8c2a-556eeca50181,tables,3675aa5c-cbd2-4cea-8c2a-556eeca50181.Счет № 902598 - 1 от 31.05.2026.pdf,"ПАО ""Мобильные ТелеСистемы""",7740000076,997750001,"ПАО ""МТС""",7740000076,997750001,match,match,mismatch
3023,c0ec4e58-da20-4ffa-a494-3a845d629a97,tables,c0ec4e58-da20-4ffa-a494-3a845d629a97.ВымпелкомСчет-фактура №191 от 31 мая 2026 г.pdf,"Акционерное общество ""Нижегородская областная коммунальная компания""",5260267654,524943001,"АО ""НОКК""",5260267654,526001001,match,mismatch,match
3025,e07ef84a-b2fd-438d-a1ad-c2e9656183d7,tables,e07ef84a-b2fd-438d-a1ad-c2e9656183d7.Счет-фактура № 14 от 30 апреля 2026 г.pdf,"АО ""ТАТЭНЕРГОСБЫТ""",1657082308,165901001,"ООО ""ПРЕМЬЕР-ДЕВЕЛОПМЕНТ""",1659209302,165901001,mismatch,match,mismatch
3027,20055c97-bdda-45bb-ab2d-0424fb99e3e0,tables,20055c97-bdda-45bb-ab2d-0424fb99e3e0.1772603705176_ЦКТ00000955.pdf,"ПАО ""КАМАЗ""",1650032058,997450001,"ПАО ""КАМАЗ""",1650032058,165001001,match,mismatch,match
3035,1b11a27c-a10d-46dd-b4ce-b95269ad1475,tables,1b11a27c-a10d-46dd-b4ce-b95269ad1475.Акт Технологического Присоединения 56552.pdf,ИП Миронов Р.В.,,,"ООО ""НОРД-КОМ""",5262215891,526201001,llm_missing,llm_missing,mismatch
3041,323b3f62-da64-47eb-8327-f27bd915d694,tables,323b3f62-da64-47eb-8327-f27bd915d694.Schet_pokupatelyu_(svodnyy_po_uslugam).pdf,ИП Семенов В. С.,026826442951,,Семенов Владлен Сергеевич,026826442951,,match,both_missing,mismatch
3048,1f107c78-d7ee-4c46-9063-c709845ea158,tables,1f107c78-d7ee-4c46-9063-c709845ea158.Счет № 901868 - 1 от 31.05.2026.pdf,"ПАО ""Мобильные ТелеСистемы""",7740000076,997750001,"ПАО ""МТС""",7740000076,997750001,match,match,mismatch
3050,fc093124-e934-4f56-b88b-b38332c32441,tables,fc093124-e934-4f56-b88b-b38332c32441.Schet_pokupatelyu.pdf,ИП ФИЛИН А. В.,402708841238,,Филин Андрей Владимирович,402708841238,,match,both_missing,mismatch
3051,6bf5e986-e43e-433f-b7d2-4707e2842cc9,tables,6bf5e986-e43e-433f-b7d2-4707e2842cc9.1_МЭК УПД №11167_01 от 31.03.26.pdf,ООО Магнитогорская энергетическая компания,7445020452,785150001,"ООО ""СЕМЕЙНЫЙ ПАРК""",7446030799,745601001,mismatch,mismatch,mismatch
3052,b9df47d4-5dfa-4af9-b9ae-55d8e3e242cd,tables,b9df47d4-5dfa-4af9-b9ae-55d8e3e242cd.Счет на оплату № 643 от 30 апреля 2026 г.pdf,"ООО ""Русский Мастер""",5404070958,772001001,"ООО ""РУССКИЙ МАСТЕР""",5404070958,772901001,match,mismatch,match
3054,264935f5-1a6c-4277-9dcc-c6bbcac14aa3,tables,264935f5-1a6c-4277-9dcc-c6bbcac14aa3.900900627800_CDTP_2_31.03.2026.pdf,ПАО «Ростелеком»,7707049388,631543001,"Нижегородский филиал ПАО ""Ростелеком"" (Волга)",7707049388,526043002,match,mismatch,match
3057,ea4da551-07bd-44d9-a1be-fbe0be8b1ba8,tables,ea4da551-07bd-44d9-a1be-fbe0be8b1ba8.900900492562_CDTP_2_31.05.2026.pdf,ПАО «Ростелеком»,7707049388,550343001,"Новосибирский филиал ПАО ""Ростелеком"" (Сибирь)",7707049388,540643001,match,mismatch,match
3070,05e0dbf6-ba86-4845-ace8-bd62c6aa87db,tables,05e0dbf6-ba86-4845-ace8-bd62c6aa87db.900100628315_CDTP_2_28.02.2026.pdf,ПАО «Ростелеком»,7707049388,290143001,"Макрорегиональный филиал ""Северо-Запад"" ПАО ""Ростелеком""",7707049388,784243002,match,mismatch,match
3082,da6f7576-1106-4354-85f0-ab81ff518508,tables,da6f7576-1106-4354-85f0-ab81ff518508.ON_BILL_2BM_2BM_20260502_735110818#9286957#I.pdf,"Северо-Западный филиал ПАО ""МегаФон""",7812014560,780143001,"Северо-Западный филиал ПАО ""МегаФон""",7812014560,784143001,match,mismatch,match
3084,e798c284-cb60-4e1c-a31d-adbe3410771d,tables,e798c284-cb60-4e1c-a31d-adbe3410771d.900900589688_CDTP_2_31.12.2025.pdf,ПАО «Ростелеком»,7707049388,561243001,"Нижегородский филиал ПАО ""Ростелеком"" (Волга)",7707049388,526043002,match,mismatch,match
3086,557f0cce-f987-4b8c-9972-dca5ff33fb78,tables,557f0cce-f987-4b8c-9972-dca5ff33fb78.Акт об оказании услуг № 105 от 31 июля 2025 г (2).PDF,"ООО ""УК ""КБС""",4703121341,,"ООО ""УК Комфортбытсервис""",4703121341,470301001,match,llm_missing,mismatch
3095,e514c7c2-eae6-498b-93b3-6ebf65ca517d,tables,e514c7c2-eae6-498b-93b3-6ebf65ca517d.АктВыдачи_WXX-3967942-1YAR3000KW.PDF,"ООО ""ЦВЕТМЕТАЛЛРЕСУРС""",,,"ООО ""СТА Карго""",7810825228,781401001,llm_missing,llm_missing,mismatch
3097,e3379334-1051-4e5c-8069-125570a89adf,tables,e3379334-1051-4e5c-8069-125570a89adf.АВЗ_2-4761_05-2026.pdf,ПАО «Ростелеком»,900700479456,,Корпоративный Центр ПАО «Ростелеком»,7707049388,770545001,mismatch,llm_missing,match
3098,fb1d6519-4bf6-4526-83a5-87dec9ba334d,tables,fb1d6519-4bf6-4526-83a5-87dec9ba334d.Счет_7713076301_165543001_1369462_2026.03.31_4036056.pdf,"ПАО ""ТАТТЕЛЕКОМ""",1681000024,160532001,"ПАО ""ТАТТЕЛЕКОМ""",1681000024,166001001,match,mismatch,match
3100,461c5b07-af92-429a-9e87-6a5473747c37,tables,461c5b07-af92-429a-9e87-6a5473747c37.900000595859_CDTP_2_31.12.2025.pdf,ПАО «Ростелеком»,7707049388,631543001,"Нижегородский филиал ПАО ""Ростелеком"" (Волга)",7707049388,526043002,match,mismatch,match
3101,9db369ba-6396-4172-9c0d-9ac83e1e229c,tables,9db369ba-6396-4172-9c0d-9ac83e1e229c.Schet_na_oplatu__78_ot_08_aprelya_2026_g.pdf,ИП Марков В. Ю.,666403351889,,Марков Вадим Юрьевич,666403351889,,match,both_missing,mismatch
3117,6c620082-ded7-457c-8f54-0e3a38f209ec,tables,6c620082-ded7-457c-8f54-0e3a38f209ec.АктПриемаПередачиЗаявка28076.pdf,АО «Сахаэнерго»,678400000000,678400000,"АО ""Сахаэнерго""",1435117944,140601001,mismatch,mismatch,match
3119,76e4b4c7-7f97-418a-8360-2d4d4e3adccc,tables,76e4b4c7-7f97-418a-8360-2d4d4e3adccc.АП акт февраль 26г Кувшиново Луначарка Куженкино Торжок.pdf,"ООО ""Форвард""",9975000000,,"ООО ""Форвард""",6950118347,695001001,mismatch,llm_missing,match
3123,8005ae53-548c-456f-917d-bd79181b44be,tables,8005ae53-548c-456f-917d-bd79181b44be.Счёт №384 от 31 мая 2026.pdf,"ООО ""ГУОДОНГ""",9709124154,772801001,"ООО ""ГУОДОНГ""",9709124154,772501001,match,mismatch,match
3126,7d57043a-3c27-436d-b3e1-b15ece7f9b73,tables,7d57043a-3c27-436d-b3e1-b15ece7f9b73.счет № 51 от 01.05.2026г..pdf,ИП Чумак А. Н.,760600466792,,Чумак Андрей Николаевич,760600466792,,match,both_missing,mismatch
3144,3e7a1fcd-5821-4847-b2b8-deb3e8a836fc,tables,3e7a1fcd-5821-4847-b2b8-deb3e8a836fc.Счет_3a7dce86-ae47-46a0-a54c-005e107dff87.pdf,"ООО ""КОМУС""",7721793895,781145001,"ООО ""КОМУС""",7721793895,997350001,match,mismatch,match
3152,c0e60cf9-cbe5-4778-8571-9dce87f6a9c9,tables,c0e60cf9-cbe5-4778-8571-9dce87f6a9c9.Счет на оплату № 70 от 17 февраля 2026 г.pdf,ИП Евдокимова И. И.,502301830228,,ИП Евдокимова Ирина Ибрагимовна,502301830228,,match,both_missing,mismatch
3166,6f62c387-7bba-41a1-a836-d4eec42f59de,tables,6f62c387-7bba-41a1-a836-d4eec42f59de.Счет 2600274028.pdf,"АО ""ДПД РУС""",7713076301,997750001,"АО ""ДПД РУС""",7713215523,774850001,mismatch,mismatch,match
3170,5e7b9129-a8b8-4fea-9eed-499336a2da6f,tables,5e7b9129-a8b8-4fea-9eed-499336a2da6f.ON_SCHET_24K012645-001.pdf,ПАО Сбербанк,7709219099,775050001,"АО ""Компания ТрансТелеКом""",7709219099,775050001,match,match,mismatch
3173,fbc088ee-b1d4-4c20-800e-5054e376c3fc,tables,fbc088ee-b1d4-4c20-800e-5054e376c3fc.10MSS26033100027 от 31.03.2026 счет Вымпелком переменная часть.pdf,"ООО ""Русс Аутдор""",7731196087,770601001,"ООО ""РУСС АУТДОР""",7731196087,771401001,match,mismatch,match
3174,a29041cd-f2a3-4b3d-b6cb-dbe7898382cf,tables,a29041cd-f2a3-4b3d-b6cb-dbe7898382cf.Акт МХ-1 №АП-1930035-2SVR310LW от 24.06.26.pdf,"ООО ""ТОРГОВЫЙ ДОМ ДЭЙТЛАЙН""",,,"АО ""ГК ""ЛОГЛАБ""",7736506800,771501001,llm_missing,llm_missing,mismatch
3179,d70c7df7-0286-45fb-b63e-a6ee75062832,tables,d70c7df7-0286-45fb-b63e-a6ee75062832.900900745470_CDTP_2_28.02.2026.pdf,ПАО «Ростелеком»,7707049388,143543001,"Приморский филиал ПАО ""Ростелеком"" (Дальний Восток)",7707049388,253643002,match,mismatch,match
3182,2374c083-1c4b-4e5a-b9d9-4c6e4d81cfc1,tables,2374c083-1c4b-4e5a-b9d9-4c6e4d81cfc1.900800595923_CDTP_2_31.01.2026.pdf,ПАО «Ростелеком»,7707049388,645243001,"Нижегородский филиал ПАО ""Ростелеком"" (Волга)",7707049388,526043002,match,mismatch,match
3192,55bcb943-c44d-45ce-ba0f-e4bad90e1068,tables,55bcb943-c44d-45ce-ba0f-e4bad90e1068.Счет № 906237 - 1 от 28.02.2026.pdf,"Публичное акционерное общество ""Мобильные ТелеСистемы""",7740000076,997750001,"ПАО ""МТС""",7740000076,997750001,match,match,mismatch
3198,abc6b1f7-e384-46cf-9a39-b1aef6c6b6d3,tables,abc6b1f7-e384-46cf-9a39-b1aef6c6b6d3.Авансовый счет 40% №24422-080001 от 02.05.2026.pdf.pdf,Акционерное общество «Читаэнергосбыт»,7536066430,080045001,Территориальное подразделение «Энергосбыт Калмыкии»,7536066430,080045001,match,match,mismatch
3200,05a5a729-b766-4fed-8c3d-8b01dc63015d,tables,05a5a729-b766-4fed-8c3d-8b01dc63015d.СЧЁТ 00-26-00-FR006615.pdf,"Акционерное общество ""Страховое общество газовой промышленности""",7736035485,997950001,"АО ""СОГАЗ""",7736035485,770801001,match,mismatch,mismatch
3202,bbd3adbe-4d46-4ce8-97e3-43f2f7405432,tables,bbd3adbe-4d46-4ce8-97e3-43f2f7405432.УПД №Э_12_013811 от 30.04.26 (1).pdf,"АО ""Мосэнергосбыт",7736520080,997650001,"ООО ""ТК ""Егорьевск""",5011023009,501101001,mismatch,mismatch,mismatch
3204,a5c32864-a47c-473f-8880-b56ba03268b2,tables,a5c32864-a47c-473f-8880-b56ba03268b2.ON_BILL_2BM_2BM_20260202_735129903#9122450#I.pdf,"Северо-Западный филиал ПАО ""МегаФон""",7812014560,780143001,"Северо-Западный филиал ПАО ""МегаФон""",7812014560,784143001,match,mismatch,match
3205,58c10336-cbfb-4c1e-b587-a0f6c1aeedf3,tables,58c10336-cbfb-4c1e-b587-a0f6c1aeedf3.Счет на оплату основной задолженности_01.01.2026_31.01.2026_ИННРСО1901067718_КППРСО785150001_ИНН7713076301_КПП246303001_ID02020_509_216645279.pdf,"АО ""Енисейская ТГК (ТГК-13)""",1901067718,785150001,ООО «СИБИРСКАЯ ТЕПЛОСБЫТОВАЯ КОМПАНИЯ»,2462222097,772501001,mismatch,mismatch,mismatch
3209,c7f6ec7b-c27f-494d-a4ea-dba27eb721a2,tables,c7f6ec7b-c27f-494d-a4ea-dba27eb721a2.900400628409_CDTP_2_30.04.2026.pdf,ПАО «Ростелеком»,7707049388,420543001,"Новосибирский филиал ПАО ""Ростелеком"" (Сибирь)",7707049388,540643001,match,mismatch,match
3210,e4a7e140-83fc-4f22-9c74-afd47d534f96,tables,e4a7e140-83fc-4f22-9c74-afd47d534f96.Счет на оплату № 313 от 28 февраля 2026 г (2).pdf,ИП Гольц Семён Михайлович,616484400018,,Гольц Ольга Григорьевна,616405652569,,mismatch,both_missing,mismatch
3214,eb8619f0-9a9e-4f21-a05a-0fe256523071,tables,eb8619f0-9a9e-4f21-a05a-0fe256523071.900000684802_CDTP_2_31.05.2026.pdf,ПАО «Ростелеком»,7707049388,272143001,"Приморский филиал ПАО ""Ростелеком"" (Дальний Восток)",7707049388,253643002,match,mismatch,match
3217,cf4c4a27-45c1-4714-a9f5-11cd736bd341,tables,"cf4c4a27-45c1-4714-a9f5-11cd736bd341.Vympel-506,50.pdf","АО ""УК ""БМЗ""",3232035432,997450001,"АО ""УК ""БМЗ""",3232035432,325701001,match,mismatch,match
3221,935927c1-0c19-4102-a72a-2d190004c5ca,tables,935927c1-0c19-4102-a72a-2d190004c5ca.900100595957_CDTP_2_31.12.2025.pdf,ПАО «Ростелеком»,7707049388,732543001,"Нижегородский филиал ПАО ""Ростелеком"" (Волга)",7707049388,526043002,match,mismatch,match
3224,5cf6cd7c-fe22-4f61-bd2d-60523981d605,tables,5cf6cd7c-fe22-4f61-bd2d-60523981d605.900500595795_CDTP_2_28.02.2026.pdf,ПАО «Ростелеком»,7707049388,561243001,"Нижегородский филиал ПАО ""Ростелеком"" (Волга)",7707049388,526043002,match,mismatch,match
3227,46fc14bc-bad8-4a64-849b-cb6c025014aa,tables,46fc14bc-bad8-4a64-849b-cb6c025014aa.15_26030049 Копия документов 3х лиц № 260206-005 от 06.02.2026.pdf,"ООО ""РОРЕ МЕДИА""",,,"ООО ""ЛАЙОН КОММЬЮНИКЕЙШНЗ""",7743068844,771401001,llm_missing,llm_missing,mismatch
3231,a1b45a4f-b24b-4bcd-9fae-3bf72703b63a,tables,a1b45a4f-b24b-4bcd-9fae-3bf72703b63a.Vympelkom_Spravka-raschet_yanvar_2026g.pdf,ИП Арабин Качах Тельманович,,,"ООО ""АТК ГРУПП""",2311373143,231101001,llm_missing,llm_missing,mismatch
3233,2b92b062-a368-4246-bbe9-a0b1731c76f9,tables,2b92b062-a368-4246-bbe9-a0b1731c76f9.26 PR_26031589 Акт № 260131-0119 от 31.01.2026.pdf,ООО «ЭхЭхЭх ЭхЭхЭхЭх»,3725583400,372558340,"ООО ""ЛАЙОН КОММЬЮНИКЕЙШНЗ""",7743068844,771401001,mismatch,mismatch,mismatch
3236,13a7f89c-ce9c-4d24-906b-3df51fcfd224,tables,13a7f89c-ce9c-4d24-906b-3df51fcfd224.Счет № 902099 - 1 от 31.03.2026.pdf,"ПАО ""Мобильные ТелеСистемы""",7740000076,997750001,"ПАО ""МТС""",7740000076,997750001,match,match,mismatch
3237,286c5d54-b3c9-48fb-a45f-fc7215dc68da,tables,286c5d54-b3c9-48fb-a45f-fc7215dc68da.Счёт №80 от 31 января 2026.pdf,"ООО ""ГУОДОНГ""",9709124154,772801001,"ООО ""ГУОДОНГ""",9709124154,772501001,match,mismatch,match
3243,0a01f70e-ac7e-4777-8931-aae16db904cd,tables,0a01f70e-ac7e-4777-8931-aae16db904cd.Schet_pokupatelyu.pdf,ИП ФИЛИН А. В.,402708841238,,Филин Андрей Владимирович,402708841238,,match,both_missing,mismatch
3246,c9cf881e-3b3f-4d01-8f72-e7271a873463,tables,c9cf881e-3b3f-4d01-8f72-e7271a873463.расшифровка.pdf,"ООО ""Капелло""",117405000000,117405000,"ООО ""КАПЕЛЛО""",7726349475,772601001,mismatch,mismatch,match
3256,4a58e403-c022-4b5d-9698-1314c83afc62,tables,"4a58e403-c022-4b5d-9698-1314c83afc62.АКТ № 12914 демонтажа, экспертизы и возврата оборудования и материалов.pdf","ЗАО ""ГК ""ЛогЛаб""",,,"ООО ""Ветекс""",7806433771,780601001,llm_missing,llm_missing,mismatch
3260,c65eab31-5490-495a-9702-b8d80ac11ffa,tables,c65eab31-5490-495a-9702-b8d80ac11ffa.СчетЗаказ.pdf,АО «ДРСК»,2801108200,272402001,"АО ""ДРСК""",2801108200,775050001,match,mismatch,match
3270,e4047ae3-8d14-4f5d-8996-56e5687c14f3,tables,e4047ae3-8d14-4f5d-8996-56e5687c14f3.АДО 23143 ID 400107.pdf,"ЗАО ""ГК ""ЛогЛаб""",,,"ООО ""СТРОЙМИГ КОННЕКТ""",7720788564,772001001,llm_missing,llm_missing,mismatch
3275,cba49c6d-e59e-4519-93f7-3572f2d83ea7,tables,cba49c6d-e59e-4519-93f7-3572f2d83ea7.Приложение №5 АВР Март 2026 Москва.pdf,АМДОКС,,,"ООО ""ФОРТ-КОНТРОЛЬ""",5040125816,504001001,llm_missing,llm_missing,mismatch
3279,b9a6c9e4-b31a-44dc-a807-99263cc1f8b5,tables,b9a6c9e4-b31a-44dc-a807-99263cc1f8b5.Счет_585ccda8-0372-4ab2-b33b-5aeb8019fddf.pdf,"ООО ""КОМУС""",7721793895,781145001,"ООО ""КОМУС""",7721793895,997350001,match,mismatch,match
3282,47c54df2-ef1d-4009-86fb-19a0a7ef25ea,tables,47c54df2-ef1d-4009-86fb-19a0a7ef25ea.ON_SCHET_2401-25K011217-001.pdf,Филиал АО «Компания ТрансТелеКом» «Межрегиональный филиал Восток»,7709219099,770921001,"АО ""Компания ТрансТелеКом""",7709219099,775050001,match,mismatch,match
3289,6e064f57-9d0c-441e-ad29-6ea2db1772f2,tables,6e064f57-9d0c-441e-ad29-6ea2db1772f2.Приложение №5 ФК_120372.pdf,ООО «ФОРТ-КОНТРОЛЬ»,7707083893,770701001,"ООО ""ФОРТ-КОНТРОЛЬ""",5040125816,504001001,mismatch,mismatch,match
3293,64a18849-452c-49f4-b23f-05e78fce4ae3,tables,64a18849-452c-49f4-b23f-05e78fce4ae3.ON_SCHET___20260430_b4f2033f-5091-4db8-b522-a792a07c6afb.pdf,Рязанский областной радиотелевизионный передающий центр,7717127211,623002001,РТРС,7717127211,623002001,match,match,mismatch
3294,7ad1715f-eb3c-4da6-a5ac-d10681f3669f,tables,7ad1715f-eb3c-4da6-a5ac-d10681f3669f.Приложение №2.1 106718__2026.pdf,ООО «ФОРТ-КОНТРОЛЬ»,113504000572,,"ООО ""ФОРТ-КОНТРОЛЬ""",5040125816,504001001,mismatch,llm_missing,match
3300,e15725a7-11df-4015-b672-8781b5c3ca9f,tables,e15725a7-11df-4015-b672-8781b5c3ca9f.КС-2 № 13 от 26.02.2026.pdf,ООО «Стандарт Пожарной Защиты»,,,"ООО ""СП ЗАЩИТА""",7734381722,772301001,llm_missing,llm_missing,mismatch
3307,806af99d-b428-4960-aeee-51e76854e590,tables,806af99d-b428-4960-aeee-51e76854e590.Счет на оплату № 28 от 02 марта 2026 г.pdf,ИП Воробьев К. А.,262805108300,,ИП Воробьев Константин Александрович,262805108300,,match,both_missing,mismatch
3308,b83e39a1-5413-4f5a-9bc4-52787974cd40,tables,b83e39a1-5413-4f5a-9bc4-52787974cd40.Акт сверки SU050.pdf,"ООО ""Новотелеком""",5406260827,540626001,"ООО ""Новотелеком""",5406260827,540601001,match,mismatch,match
3310,c24f3844-bc5a-4382-ad43-fe97218ff277,tables,c24f3844-bc5a-4382-ad43-fe97218ff277.Акт 7_сэс _28.02.26_Вымпелком_0979.pdf,ПАО «Россети Ленэнерго»,,,"АО ""РОССЕТИ ЦИФРА""",7705307770,773401001,llm_missing,llm_missing,mismatch
3314,a0904dfc-2773-4f8d-ad83-eab754c85df8,tables,a0904dfc-2773-4f8d-ad83-eab754c85df8.900900580691_CDTP_2_31.12.2025.pdf,ПАО «Ростелеком»,7707049388,732543001,"Нижегородский филиал ПАО ""Ростелеком"" (Волга)",7707049388,526043002,match,mismatch,match
3323,3e6fe632-1cc8-4438-b4cc-67ea9e5c2282,tables,3e6fe632-1cc8-4438-b4cc-67ea9e5c2282.КС-2 №427 от 23.04.2026.pdf,"ООО ""ФОРТ-КОНТРОЛЬ""",7720000011,772000001,"ООО ""ФОРТ-КОНТРОЛЬ""",5040125816,504001001,mismatch,mismatch,match
3324,8ec8301b-912d-4988-985b-decf7cadc51a,tables,8ec8301b-912d-4988-985b-decf7cadc51a.Дефектный акт ODU 22033_ОС-16.pdf,АО ГК «ЛогЛаб»,,,"ООО ""КОНДОР""",7453332984,745101001,llm_missing,llm_missing,mismatch
3333,4e090dc1-6396-4f01-8826-e053408eba2d,tables,4e090dc1-6396-4f01-8826-e053408eba2d.VYMPELKOM_PAO_za_yanvar_2026_g..pdf,"ООО ""Нево-Центр""",7707083893,770701001,"ООО ""Нево-Центр""",7801382805,780401001,mismatch,mismatch,match
3334,b07e0762-3afe-4fde-9fe0-9e54da96bcf8,tables,b07e0762-3afe-4fde-9fe0-9e54da96bcf8.Акт к заявке  PSK260602_1786_187.pdf,ООО «Северная Корона»,7707083893,770701001,"ООО ""Северная корона""",6027012340,602701001,mismatch,mismatch,match
3343,27ddb82b-1b29-429b-b23c-55ea74943df4,tables,27ddb82b-1b29-429b-b23c-55ea74943df4.Счет_№2600005211_от_30.01.26.pdf,"АО ""ДПД РУС""",7713215523,540503001,"АО ""ДПД РУС""",7713215523,774850001,match,mismatch,match
3345,f00139da-612e-4a5c-ac84-be33862e9419,tables,f00139da-612e-4a5c-ac84-be33862e9419.УПД № Э 69 021895 от 30.04.2026.pdf,"ООО ""Пробизнесторг""",7705347910,772001001,"ООО ""ВЕГА""",7720643858,772001001,mismatch,match,mismatch
3349,9ad082b2-c10d-4356-aacf-68cc9f1266fd,tables,9ad082b2-c10d-4356-aacf-68cc9f1266fd.Счет № 901833 - 1 от 31.03.2026.pdf,"Публичное акционерное общество ""Мобильные ТелеСистемы""",7740000076,997750001,"ПАО ""МТС""",7740000076,997750001,match,match,mismatch
3356,6aa64023-c3e1-4cc0-b4c0-2b187a68804d,tables,6aa64023-c3e1-4cc0-b4c0-2b187a68804d.[93УП] 64933941 - Авансовый счет 2_f78688e6-02a6-4149-8460-d66c35a09e68.pdf,"Публичное акционерное общество энергетики и электрификации ""Камчатскэнерго""",4100000668,775050001,"ПАО ""ДЭК""",2723088770,997650001,mismatch,mismatch,mismatch
3368,c2b50ae5-a045-48ec-b73d-0bde0db3e354,tables,c2b50ae5-a045-48ec-b73d-0bde0db3e354.Акт к заявке  PSK260305_1786_167.pdf,ООО «Северная Корона»,,770701001,"ООО ""Северная корона""",6027012340,602701001,llm_missing,mismatch,match
3379,5c1cef43-3298-4c21-b362-4a4c4f013762,tables,5c1cef43-3298-4c21-b362-4a4c4f013762.Счет_d836fbfb-bad1-4abf-a799-1cc190ef4da3.pdf,"ООО ""КОМУС""",7721793895,500945005,"ООО ""КОМУС""",7721793895,997350001,match,mismatch,match
3387,9561aeff-d7d0-4cdd-9fb1-3ca3bd1ecb4e,tables,9561aeff-d7d0-4cdd-9fb1-3ca3bd1ecb4e.СЧЁТ 00-26-00-FR025100.pdf,"Акционерное общество ""Страховое общество газовой промышленности""",7736035485,997950001,"АО ""СОГАЗ""",7736035485,770801001,match,mismatch,mismatch
3392,d97b70e4-8cf8-4945-98be-3b0bd2140188,tables,d97b70e4-8cf8-4945-98be-3b0bd2140188.Счет_a9a87e2a-7747-40eb-adad-ec30cac9d1b3.pdf,"ООО ""КОМУС""",7721793895,500945005,"ООО ""КОМУС""",7721793895,997350001,match,mismatch,match
3395,6131fd00-4ce0-4547-add5-b4d538c245fa,tables,6131fd00-4ce0-4547-add5-b4d538c245fa.Счет на оплату № 1783 от 13 марта 2026 г.pdf,"ООО ""ПрофСервисТрейд""",7707820378,774301001,"ООО ""ПРОФСЕРВИСТРЕЙД""",7707820378,771401001,match,mismatch,match
3397,115572b9-1908-4501-8743-9dd2794c448e,tables,115572b9-1908-4501-8743-9dd2794c448e.4400_6400036601_30-04-2026.PDF,"АО ""Авантел""",7713076301,860245007,"АО ""АВАНТЕЛ""",5408185212,771501001,mismatch,mismatch,match
3406,19ae9ab6-5330-4875-8370-6e6c6270952c,tables,19ae9ab6-5330-4875-8370-6e6c6270952c.ЗАК219-Д24442_ВК-ЛКСП-24_32_ООН_26117635 Копия документов 3х лиц № 260531-013 от 31.05.2026.pdf,Общество с ограниченной ответственностью «ЭмЭмЭс Коммьюникейшнз»,7714328921,,"ООО ""ЛАЙОН КОММЬЮНИКЕЙШНЗ""",7743068844,771401001,mismatch,llm_missing,mismatch
3410,226a19f1-fbe6-429d-8a0d-8db1247d09ed,tables,226a19f1-fbe6-429d-8a0d-8db1247d09ed.Счет № 906151 - 1 от 31.12.2025.pdf,"ПАО ""Мобильные ТелеСистемы""",7740000076,997750001,"ПАО ""МТС""",7740000076,997750001,match,match,mismatch
3417,123ffe81-d9b4-4ad1-b6e1-09b0201426f1,tables,123ffe81-d9b4-4ad1-b6e1-09b0201426f1.Akt-Spravka__2026_50060218_ot_25.06.2026.pdf,"ООО ""АЭРОЭКСПРЕСС""",1152005004,770701001,"ООО ""Аэроэкспресс""",5047066172,770501001,mismatch,mismatch,match
3437,3a34178a-e168-4fed-9835-47b7109c5ddb,tables,3a34178a-e168-4fed-9835-47b7109c5ddb.900400684840_CDTP_2_28.02.2026.pdf,ПАО «Ростелеком»,7707049388,272143001,"Приморский филиал ПАО ""Ростелеком"" (Дальний Восток)",7707049388,253643002,match,mismatch,match
3441,d3637d21-e599-4d66-9692-a5c23a1ad450,tables,d3637d21-e599-4d66-9692-a5c23a1ad450.Счет 2600205061.pdf,"АО ""ДПД РУС""",7713215523,997750001,"АО ""ДПД РУС""",7713215523,774850001,match,mismatch,match
3445,4fc126ab-cdde-4997-a38d-1c5fdc5c6b90,tables,4fc126ab-cdde-4997-a38d-1c5fdc5c6b90.900600732601_CDTP_2_31.01.2026.pdf,ПАО «Ростелеком»,7707049388,272143001,"Приморский филиал ПАО ""Ростелеком"" (Дальний Восток)",7707049388,253643002,match,mismatch,match
3452,8e8665e0-3598-46d5-902c-0b66894bef56,tables,8e8665e0-3598-46d5-902c-0b66894bef56.Приложение №2.1 121976__2026.pdf,ООО «ФОРТ-КОНТРОЛЬ»,113504000572,,"ООО ""ФОРТ-КОНТРОЛЬ""",5040125816,504001001,mismatch,llm_missing,match
3459,c36fe51f-008f-4b50-9f68-7ea6b3404282,tables,c36fe51f-008f-4b50-9f68-7ea6b3404282.Акт_7713076301_165543001_54341_2026.02.28_00.pdf,"ПУБЛИЧНОЕ АКЦИОНЕРНОЕ ОБЩЕСТВО ""ТАТТЕЛЕКОМ""",1681000024,162732002,"ПАО ""ТАТТЕЛЕКОМ""",1681000024,166001001,match,mismatch,match
3465,f84c0305-9632-4365-9e2e-c02a3aa24daa,tables,f84c0305-9632-4365-9e2e-c02a3aa24daa.Счет-фактура № 108 от 28 февраля 2026 г.pdf,"ООО ""ЭСКБ""",0275038496,027401001,"ООО ""УК ""ПАРТНЁР""",0277915135,027401001,mismatch,match,mismatch
3473,c8d167f0-006d-4075-8f5f-9e74a20922bd,tables,c8d167f0-006d-4075-8f5f-9e74a20922bd.Счет № 904682 - 1 от 30.04.2026.pdf,"Публичное акционерное общество ""Мобильные ТелеСистемы""",7740000076,997750001,"ПАО ""МТС""",7740000076,997750001,match,match,mismatch
3475,0875a31d-3d1d-4151-8c84-e4f20edcd4b3,tables,0875a31d-3d1d-4151-8c84-e4f20edcd4b3.e-schet_14283_04D23EE4-4933-45EB-BBE0-86EF26E0638A.pdf,"Открытое Акционерное Общество ""Костромская городская телефонная сеть""",4401006871,440101001,ОАО КГТС,4401006871,440101001,match,match,mismatch
3479,829e4b4c-42c6-4800-8ad5-434235dc6c52,tables,829e4b4c-42c6-4800-8ad5-434235dc6c52.ON_BILL_2BM_2BM_20260602_735090439#9387416#I.pdf,"Северо-Западный филиал ПАО ""МегаФон""",7812014560,780143001,"Северо-Западный филиал ПАО ""МегаФон""",7812014560,784143001,match,mismatch,match
3480,0b645a24-9c82-4415-8449-e7e69c9431da,tables,0b645a24-9c82-4415-8449-e7e69c9431da.Счет_Б-5818474958-1.pdf,"ООО ""Яндекс Плюс""",7705177420,770501001,"ООО ""ЯНДЕКС ПЛЮС""",9705177420,770501001,mismatch,match,match
3486,6ec14a9d-55a7-48bf-b0a8-d1e53c73494e,tables,6ec14a9d-55a7-48bf-b0a8-d1e53c73494e.SF9100185614.pdf,"СЕВЕРО-ЗАПАДНЫЙ ФИЛИАЛ ПАО ""МЕГАФОН""",,997750001,"Северо-Западный филиал ПАО ""МегаФон""",7812014560,784143001,llm_missing,mismatch,match
3488,13e4ab26-a06b-4d8f-9754-bbad2f21168b,tables,13e4ab26-a06b-4d8f-9754-bbad2f21168b.ВымпелКом 495655 апр сч.pdf,"Читинская дирекция связи ЦСС - филиала ОАО ""РЖД""",,753645061,Центральная станция связи ОАО «РЖД»,7708503727,771843001,llm_missing,mismatch,mismatch
3490,75bd6505-b2aa-400f-85b1-ad264dadc4dc,tables,75bd6505-b2aa-400f-85b1-ad264dadc4dc.Акт об оказании услуг № 81 от 31.01.2026.pdf,М. А. Лапина,,,"МАУК КТК ""ДОМ ИСКУССТВ""",3908016280,390601001,llm_missing,llm_missing,mismatch
3495,4761373a-a53b-4907-a9a7-4938e78328c1,tables,4761373a-a53b-4907-a9a7-4938e78328c1.Вымпелком НИВА ком МАЙ 2026 год .pdf,ИП Солодухина И.В.,,,Солодухина Ирина Вениаминовна,673000167253,,llm_missing,both_missing,mismatch
3496,4294bbbe-7839-4185-acf9-f7f93c062094,tables,4294bbbe-7839-4185-acf9-f7f93c062094.Счет_Б-5888189108-1.pdf,"ООО ""Яндекс Плюс""",7705177420,770501001,"ООО ""ЯНДЕКС ПЛЮС""",9705177420,770501001,mismatch,match,match
3498,328c22b8-8b7a-4829-be1b-cfd450baea07,tables,328c22b8-8b7a-4829-be1b-cfd450baea07.ON_SAVAN_2BM2BM-7713076301-2012052807251168061080000000000_2ВМ-2013010901254377097670000000000_20260313_c6c9077b-b303-41e2-b3ef-1a912ccf0373_0_0_0_0_0_00.pdf,"Акционерное общество ""Томская энергосбытовая компания""",7017114680,701701001,"АО ""ТОМСКЭНЕРГОСБЫТ""",7017114680,785150001,match,mismatch,match
3501,a5fd445a-4b4d-488b-9cfe-8bd6724656a4,tables,a5fd445a-4b4d-488b-9cfe-8bd6724656a4.900600595945_CDTP_2_31.01.2026.pdf,ПАО «Ростелеком»,7707049388,183143001,"Нижегородский филиал ПАО ""Ростелеком"" (Волга)",7707049388,526043002,match,mismatch,match
3502,ea250bb7-1a30-4358-a5bb-610359b3c31a,tables,ea250bb7-1a30-4358-a5bb-610359b3c31a.900900684824_CDTP_2_28.02.2026.pdf,ПАО «Ростелеком»,7707049388,272143001,"Приморский филиал ПАО ""Ростелеком"" (Дальний Восток)",7707049388,253643002,match,mismatch,match
3506,9bf7500c-ba4c-4dd9-aa17-f071ab07c1d9,tables,9bf7500c-ba4c-4dd9-aa17-f071ab07c1d9.АктПриемки_WXX-5155281-1YAR310KWB.PDF,"ООО ""ТЕХСИТИСЕРВИС""",,,"ООО ""СТА Карго""",7810825228,781401001,llm_missing,llm_missing,mismatch
3517,bc81d86e-58c7-46bd-b157-bd4d35693ecc,tables,bc81d86e-58c7-46bd-b157-bd4d35693ecc.Счет на оплату № 7 от 01 февраля 2026 г.pdf,ИП Монаенков Ю. Н.,682012385500,,Монаенков Юрий Николаевич,682012385500,,match,both_missing,mismatch
3520,e82af6d3-d0cc-4a51-b664-8a1bf3fc65df,tables,e82af6d3-d0cc-4a51-b664-8a1bf3fc65df.Счет на оплату № МК-2814 от 13 февраля 2026 г.pdf,"АО ""КОРПОРАЦИЯ ""ГРИНН""",4629045050,774950001,"АО ""Корпорация ""ГРИНН""",4629045050,997350001,match,mismatch,match
3524,3bdbdd05-4391-4e74-b4f2-a89cb9d12abb,tables,3bdbdd05-4391-4e74-b4f2-a89cb9d12abb.01КУ_ январь_2026_Вымпелком.pdf,Мосэнерго,7707000000,770701001,"ООО ""ПРО менеджмент""",7735534756,773501001,mismatch,mismatch,mismatch
3532,9d3a11fa-0bbc-42db-a892-c73b252b222d,tables,9d3a11fa-0bbc-42db-a892-c73b252b222d.ON_BILL_2BM_2BM_20260502_735090357#9320811#I.pdf,"Северо-Западный филиал ПАО ""МегаФон""",7812014560,780143001,"Северо-Западный филиал ПАО ""МегаФон""",7812014560,784143001,match,mismatch,match
3536,da520c04-8417-45d5-8e73-54ede7354168,tables,da520c04-8417-45d5-8e73-54ede7354168.УПД №660171305 от 31.03.26.pdf,"Акционерное общество ""Екатеринбургэнергосбыт""",6671250899,785150001,"Некоммерческое партнерство  ""Бажова, 193""",6672264260,668501001,mismatch,mismatch,mismatch
3548,bd608504-d60c-43e2-accb-78b89c18eecd,tables,bd608504-d60c-43e2-accb-78b89c18eecd.Вымпел 5930 счет.pdf,"ОАО ""РЖД""",7708503727,997650001,Центральная станция связи ОАО «РЖД»,7708503727,771843001,match,mismatch,mismatch
3555,fe987c4b-bc1c-4565-8741-b0c60a717218,tables,fe987c4b-bc1c-4565-8741-b0c60a717218.Schet na oplatu 341 09.04.2026 (09.04.2026 174828).pdf,"ООО ""СОЛНЕЧНЫЙ СВЕТ""",7701363534,770401001,"ООО ""Эволюция""",7701363534,770401001,match,match,mismatch
3557,02a435f3-f659-4670-95c8-011e9e1e92fb,tables,02a435f3-f659-4670-95c8-011e9e1e92fb.900900589730_CDTP_2_31.12.2025.pdf,ПАО «Ростелеком»,7707049388,631543001,"Нижегородский филиал ПАО ""Ростелеком"" (Волга)",7707049388,526043002,match,mismatch,match
3558,2f3576e9-1f08-414a-9936-12288035fc9d,tables,2f3576e9-1f08-414a-9936-12288035fc9d.900500595795_CDTP_2_31.01.2026.pdf,ПАО «Ростелеком»,7707049388,561243001,"Нижегородский филиал ПАО ""Ростелеком"" (Волга)",7707049388,526043002,match,mismatch,match
3572,10050ef9-c52c-44d9-8922-225d8ad6a74e,tables,10050ef9-c52c-44d9-8922-225d8ad6a74e.Счет на оплату № 508 от 31 марта 2026 г.pdf,"ООО ""Русский Мастер""",5404070958,772001001,"ООО ""РУССКИЙ МАСТЕР""",5404070958,772901001,match,mismatch,match
3576,22c29a5b-a63f-42bb-a20f-c2932f38a9e2,tables,22c29a5b-a63f-42bb-a20f-c2932f38a9e2.raschet_Staroe_Dubovoe_yanvar.pdf,ИП Полубояцев Г. С,,,Полубоярцев Геннадий Сергеевич,482424666400,,llm_missing,both_missing,mismatch
3593,51145f74-bf7f-4088-9318-5787a64cb5b2,tables,51145f74-bf7f-4088-9318-5787a64cb5b2.УПД №29 от 20.03.26-1.pdf,"АО ""ВЧНГ""",3808079367,384901001,"АО ""ВЧНГ""",3808079367,997250001,match,mismatch,match
3595,87241b66-d4b4-4026-a89b-788bff15a62a,tables,87241b66-d4b4-4026-a89b-788bff15a62a.ON_ASVER_2BM-7713076301-2012052807251168061080000000000_2BM-ac793fdeb7464e9a918dac26f8f00298_20260430_eb39755d-882f-43d4-ba6f-a087c207fb47_0_0_0_0_0_00.pdf,"ПАО ""Саратовэнерго""",5002000000,500200000,"ПАО ""САРАТОВЭНЕРГО""",6450014808,785150001,mismatch,mismatch,match
3597,caa0cfda-0833-478b-bc0f-8771f6ae124f,tables,caa0cfda-0833-478b-bc0f-8771f6ae124f.ЮЛ_Счет_4.pdf,"ООО ""РУСЭНЕРГОСБЫТ"" Октябрьский филиал",7706284124,783945002,"ООО ""РУСЭНЕРГОСБЫТ""",7706284124,770401001,match,mismatch,match
3599,61833cb9-27a8-45c3-807f-c41059a64fc2,tables,61833cb9-27a8-45c3-807f-c41059a64fc2.АктПриемаПередачиЗаявка28076.pdf,АО «Сахаэнерго»,678400000000,678400000,"АО ""Сахаэнерго""",1435117944,140601001,mismatch,mismatch,match
3601,482b2253-0879-46ca-9de9-ab47ae26543b,tables,482b2253-0879-46ca-9de9-ab47ae26543b.1000_6400963746_27_31-05-2026.PDF,"АО ""ЭР-Телеком Холдинг""",7713076301,165543001,"АО ""ЭР-ТЕЛЕКОМ ХОЛДИНГ""",5902202276,590501001,mismatch,mismatch,match
3602,7f983a14-76fa-4ce4-aa34-cd85de8a478e,tables,7f983a14-76fa-4ce4-aa34-cd85de8a478e.ЮЛ_Счет_3.pdf,"Ртищевский отдел Приволжского филиала ООО ""РУСЭНЕРГОСБЫТ""",7706284124,644632001,"ООО ""РУСЭНЕРГОСБЫТ""",7706284124,770401001,match,mismatch,match
3620,cbce7d79-d1e4-47e0-8351-aeb0b2b6aa9f,tables,cbce7d79-d1e4-47e0-8351-aeb0b2b6aa9f.Счет на оплату № 9 от 01 марта 2026 г.pdf,ИП Чеснокова Е. С.,482409847994,,Чеснокова Елена Семеновна,482409847994,,match,both_missing,mismatch
3625,a44d1a57-18ce-4e86-838c-aba57fea93f0,tables,a44d1a57-18ce-4e86-838c-aba57fea93f0.22512IR001202_LP112025IR001202_fine.pdf,"ООО ""Оранж Бизнес Сервисез""",103771001096,770701001,"ООО ""ОРАНЖ БИЗНЕС СЕРВИСЕЗ""",7710456087,770701001,mismatch,match,match
3629,0d72c68b-8702-413c-8181-b4dc30366e95,tables,0d72c68b-8702-413c-8181-b4dc30366e95.Расшифровка расчета КУ.pdf,Мюнц Групп ООО,,,"ООО ""Темпо Инвест""",7806463529,780601001,llm_missing,llm_missing,mismatch
3641,a3ce26fb-0028-43ca-a93c-3b84dcfc3aa9,tables,a3ce26fb-0028-43ca-a93c-3b84dcfc3aa9.900500684798_CDTP_2_31.12.2025.pdf,ПАО «Ростелеком»,7707049388,272143001,"Приморский филиал ПАО ""Ростелеком"" (Дальний Восток)",7707049388,253643002,match,mismatch,match
3646,6a263938-090c-4998-b97d-7692e58d1f24,tables,6a263938-090c-4998-b97d-7692e58d1f24.05 ПАО Вымпел-комуникации.pdf,"ООО""Монитор-Тайм""",3226522211,770701001,"ООО ""МОНИТОР-ТАЙМ""",7714130583,771401001,mismatch,mismatch,match
3649,65cfc359-77b9-41f2-ab2e-27bca4447643,tables,65cfc359-77b9-41f2-ab2e-27bca4447643.Вымпел 12601 счет.pdf,"ОАО ""РЖД""",7708503727,997650001,Центральная станция связи ОАО «РЖД»,7708503727,771843001,match,mismatch,mismatch
3652,f310fba1-e67f-4d88-9ff9-ef8972213aa4,tables,f310fba1-e67f-4d88-9ff9-ef8972213aa4.900400595827_CDTP_2_30.04.2026.pdf,ПАО «Ростелеком»,7707049388,645243001,"Нижегородский филиал ПАО ""Ростелеком"" (Волга)",7707049388,526043002,match,mismatch,match
3656,b8463733-3642-4b7e-be41-b3f0154909a3,tables,b8463733-3642-4b7e-be41-b3f0154909a3.Акт об оказании услуг № 24 от 31 мая 2026 г.pdf,"Филиал ООО ""УБТ-ОТЕЛЬ"" в г.Анапа",6623090363,662309036,"ООО ""УБТ-ОТЕЛЬ""",6623090363,662301001,match,mismatch,match
3668,8dc6db5c-f196-470b-98f7-d195d387ff10,tables,8dc6db5c-f196-470b-98f7-d195d387ff10.Счет на оплату № 298 от 25 мая 2026 г.pdf,ИП Дубровская А. С.,645100390323,,Дубровская Анастасия Сергеевна,645100390323,,match,both_missing,mismatch
3674,b1c086df-2a09-48ee-b123-80882b172eb9,tables,b1c086df-2a09-48ee-b123-80882b172eb9.Счет для юридических лиц - 2026-05-06T091926.344.pdf,"АО ""Электросвязь"" в ЧР",7713076301,201402001,"АО ""ЭЛЕКТРОСВЯЗЬ"" В ЧР",2014016741,201401001,mismatch,mismatch,match
3679,4695b934-db77-46e0-a9f1-b209a34218ac,tables,4695b934-db77-46e0-a9f1-b209a34218ac.ON_SCHET_2401-2604RP346734.pdf,Филиал АО «Компания ТрансТелеКом» «Межрегиональный филиал Восток»,7709219099,246343002,"АО ""Компания ТрансТелеКом""",7709219099,775050001,match,mismatch,match
3682,97a23394-f2f5-4611-a691-4db494f2ef0e,tables,97a23394-f2f5-4611-a691-4db494f2ef0e.SF9100187862.pdf,"УРАЛЬСКИЙ ФИЛИАЛ ПАО ""МЕГАФОН""",7812014560,407028103,"Уральский филиал ПАО ""МегаФон"".",7812014560,667003001,match,mismatch,match
3690,1f804ce5-3ca8-4633-9c5e-c98fb237ce8b,tables,1f804ce5-3ca8-4633-9c5e-c98fb237ce8b.ЭМ_25-25 Билайн_офисы. ОП Новосибирск. Январь 2026 - Акт.pdf,"ООО ""ЭКОМАКС""",,,"ООО ""ЭМ""",5404083146,540401001,llm_missing,llm_missing,mismatch
3693,6a27b1b4-79e1-49f0-a58c-02e8e247744b,tables,6a27b1b4-79e1-49f0-a58c-02e8e247744b.900701100540_CDTP_2_30.04.2026.pdf,ПАО «Ростелеком»,7707049388,272143001,"Приморский филиал ПАО ""Ростелеком"" (Дальний Восток)",7707049388,253643002,match,mismatch,match
3695,0fc25726-1e70-49ca-a4f2-1ca2f1a77274,tables,0fc25726-1e70-49ca-a4f2-1ca2f1a77274.ON_SCHET_6101-2601RP000290.pdf,Филиал АО «Компания ТрансТелеКом» «Межрегиональный филиал Запад»,7709219099,616443002,"АО ""Компания ТрансТелеКом""",7709219099,775050001,match,mismatch,match
3702,c3ec54c5-31b3-49da-bc1f-383d76bc78dc,tables,c3ec54c5-31b3-49da-bc1f-383d76bc78dc.ЮЛ_Счет_3.pdf,"ООО ""РУСЭНЕРГОСБЫТ"" Октябрьский филиал",7706284124,783945002,"ООО ""РУСЭНЕРГОСБЫТ""",7706284124,770401001,match,mismatch,match
3703,fc5a565e-d71c-48a8-8ccb-100ee0caa73b,tables,fc5a565e-d71c-48a8-8ccb-100ee0caa73b.Акт_Эксперт_ИТ.pdf,"АНО УЦ ДПО ""ИТ Эксперт""",7743126180,770801001,"ООО ""112""",7707783493,770501001,mismatch,mismatch,mismatch
3708,7ec13914-9465-4da8-8137-0a7ad7c7b051,tables,7ec13914-9465-4da8-8137-0a7ad7c7b051.Счет на оплату № 480 от 15 апреля 2026 г.pdf,ИП Паламарчук А. Л.,712500206168,,Паламарчук Александр Леонидович,712500206168,,match,both_missing,mismatch
3709,a38c2afb-37ba-4830-9727-a6ddf6936b7a,tables,a38c2afb-37ba-4830-9727-a6ddf6936b7a.Акт к заявке  PSK260602_1786_189.pdf,ООО «Северная Корона»,7707083893,770701001,"ООО ""Северная корона""",6027012340,602701001,mismatch,mismatch,match
3710,36a85dff-99c3-4a48-bfab-4c1734950bf6,tables,36a85dff-99c3-4a48-bfab-4c1734950bf6.1000_6400408665_38_06-03-2026.PDF,"АО ""ЭР-Телеком Холдинг""",,997750001,"АО ""ЭР-ТЕЛЕКОМ ХОЛДИНГ""",5902202276,590501001,llm_missing,mismatch,match
3712,18edc2a7-164d-4d9d-bcaf-c224da8865c1,tables,18edc2a7-164d-4d9d-bcaf-c224da8865c1.В УПД №70023397 от 28.02.26.pdf,"ООО ""Томскводоканал""",7017270664,701701001,"ООО ""Громада""",7017023626,701701001,mismatch,match,mismatch
3721,1347fd88-f65c-4aaf-9f47-d3deb92bb99f,tables,1347fd88-f65c-4aaf-9f47-d3deb92bb99f.900200580522_CDTP_2_31.12.2025.pdf,ПАО «Ростелеком»,7707049388,420543001,"Новосибирский филиал ПАО ""Ростелеком"" (Сибирь)",7707049388,540643001,match,mismatch,match
3727,d4ada2cf-c76a-49fd-b5ef-32080cfa16bc,tables,d4ada2cf-c76a-49fd-b5ef-32080cfa16bc.900300519528_CDTP_2_31.12.2025.pdf,ПАО «Ростелеком»,7707049388,631543001,"Нижегородский филиал ПАО ""Ростелеком"" (Волга)",7707049388,526043002,match,mismatch,match
3729,7fd54394-02e2-4c2e-bb2c-737f731971f9,tables,7fd54394-02e2-4c2e-bb2c-737f731971f9.Akt_sverki_vzaimnykh_raschetov.pdf,"ГОСУДАРСТВЕННОЕ АВТОНОМНОЕ УЧРЕЖДЕНИЕ ТЮМЕНСКОЙ ОБЛАСТИ ""ТЮМЕНСКИЙ РЕГИОНАЛЬНЫЙ ТЕЛЕКОММУНИКАЦИОННЫЙ ЦЕНТР""",7703000000,770301000,"ГАУ ТО ""ТРТЦ""",7203593214,720301001,mismatch,mismatch,match
3737,6792a11f-0bb6-47a6-957c-03c55d2657de,tables,6792a11f-0bb6-47a6-957c-03c55d2657de.Счет на оплату № 43 от 16 февраля 2026 г.pdf,ИП Стаценко А. И.,611800624690,,Стаценко Алексей Иванович,611800624690,,match,both_missing,mismatch
3748,693030d3-433b-4125-a5b5-b6f88c9f1ca5,tables,693030d3-433b-4125-a5b5-b6f88c9f1ca5.ЗАК241-Д24442_ВК-ЛКСП-24_50_TV_ Счет № 260508-003 от 08.05.2026.pdf,"ООО ""Лайон Коммьюникейшнз""",1250404000,770701001,"ООО ""ЛАЙОН КОММЬЮНИКЕЙШНЗ""",7743068844,771401001,mismatch,mismatch,match
3750,976f4214-aded-4eff-960e-cdc9a26ee467,tables,976f4214-aded-4eff-960e-cdc9a26ee467.900300589728_CDTP_2_31.12.2025.pdf,ПАО «Ростелеком»,7707049388,631543001,"Нижегородский филиал ПАО ""Ростелеком"" (Волга)",7707049388,526043002,match,mismatch,match
3752,8d5c8637-69d8-427c-b848-05cce160381f,tables,8d5c8637-69d8-427c-b848-05cce160381f.900101106376_CDTP_2_31.01.2026.pdf,ПАО «Ростелеком»,7707049388,183143001,"Нижегородский филиал ПАО ""Ростелеком"" (Волга)",7707049388,526043002,match,mismatch,match
3757,e3deba87-4e66-4cc3-97d7-79b6663b5994,tables,e3deba87-4e66-4cc3-97d7-79b6663b5994.СчетПокупателю_ОбщийМакет_СчетЗаказ № 713 от 9 февраля 2026 г..pdf,"ООО ""МЕДИА-ТЕЛЕКОМ""",9705119202,770501001,"ООО ""Телерадиокомпания ""Старт""",7722510229,771801001,mismatch,mismatch,mismatch
3768,9cf01bcf-a6dd-4a99-93a0-ec81df933f01,tables,9cf01bcf-a6dd-4a99-93a0-ec81df933f01.158 PR_26156135 Акт № 260430-0189 от 30.04.2026.pdf,ООО «ЭлЭлЭл Доводчик»,,,"ООО ""ЛАЙОН КОММЬЮНИКЕЙШНЗ""",7743068844,771401001,llm_missing,llm_missing,mismatch
3773,d4f35ca0-7e3d-489c-bbe1-b0d5c80ffa12,tables,d4f35ca0-7e3d-489c-bbe1-b0d5c80ffa12.ON_SCHET_2401-2603XJ313187.pdf,Филиал АО «Компания ТрансТелеКом» «Межрегиональный филиал Восток»,7709219099,246343002,"АО ""Компания ТрансТелеКом""",7709219099,775050001,match,mismatch,match
3774,b9709314-982c-43b2-afb6-d935a058ceab,tables,b9709314-982c-43b2-afb6-d935a058ceab.108989_1341398_1.pdf,"ООО ""Консьерж сервис""",5260439590,526001001,"ООО ""КОМПАНИЯ ЭРА-ТЕЛЕКОМ""",5262338205,526201001,mismatch,mismatch,mismatch
3777,b03b74ca-e04c-4149-a74b-e38e572dd7fa,tables,b03b74ca-e04c-4149-a74b-e38e572dd7fa.ЗАК137-Д24442ВК-ЛКСП-24_12_ООН_26087803 Копия документов 3х лиц № 260430-016 от 30.04.2026.pdf,Общество с ограниченной ответственностью «ЭмЭмЭс Коммьюникейшнз»,,,"ООО ""ЛАЙОН КОММЬЮНИКЕЙШНЗ""",7743068844,771401001,llm_missing,llm_missing,mismatch
3780,63ad8cb9-6fe5-4220-bce0-b8d9621227d4,tables,63ad8cb9-6fe5-4220-bce0-b8d9621227d4.ЧАТП 91658 СОЧ_Есауленко 45.pdf,Потопяк Н.В.,,,"ООО ""ПРОМСВЯЗЬМОНТАЖ""",2801227222,280101001,llm_missing,llm_missing,mismatch
3783,8f7df482-d5d4-4a4b-86a9-51d500361869,tables,8f7df482-d5d4-4a4b-86a9-51d500361869.900500731894_CDTP_2_31.12.2025.pdf,ПАО «Ростелеком»,7707049388,519043001,"Макрорегиональный филиал ""Северо-Запад"" ПАО ""Ростелеком""",7707049388,784243002,match,mismatch,match
3787,229046d7-853b-4898-a6ae-f432df84b3aa,tables,229046d7-853b-4898-a6ae-f432df84b3aa.900400793017_CDTP_2_31.05.2026.pdf,ПАО «Ростелеком»,7707049388,272143001,"Приморский филиал ПАО ""Ростелеком"" (Дальний Восток)",7707049388,253643002,match,mismatch,match
3796,fc2aa306-58e9-4fea-9605-75673425a5f8,tables,fc2aa306-58e9-4fea-9605-75673425a5f8.Счет № 908762 - 1 от 31.01.2026.pdf,"Публичное акционерное общество ""Мобильные ТелеСистемы""",7740000076,997750001,"ПАО ""МТС""",7740000076,997750001,match,match,mismatch
3801,8c69e974-8e89-47cf-9f29-f7961598e399,tables,8c69e974-8e89-47cf-9f29-f7961598e399.УПД №21281012409_21 от 31.01.26 (1).pdf,"АО ""Петербургская Сбытовая Компания""",7841322249,780401001,"АО ""ТПО ""СДФ""",7838415221,783801001,mismatch,mismatch,mismatch
3803,eaf23814-08aa-41bf-823f-c3583452f050,tables,eaf23814-08aa-41bf-823f-c3583452f050.2026 55953).pdf,УФПС ПЕРМСКОГО КРАЯ,7724490000,590243001,"АО ""ПОЧТА РОССИИ""",7724490000,997650001,match,mismatch,mismatch
3805,57952067-2349-4556-8a56-41b8a3a40ea5,tables,57952067-2349-4556-8a56-41b8a3a40ea5.Акт 01_01489_26.pdf,"ООО ""Газпром трансгаз Санкт-Петербург""",7805018099,781001001,"ООО ""Газпром трансгаз Санкт-Петербург""",7805018099,997250001,match,mismatch,match
3814,88eb4d93-b804-4f1c-beeb-f46392997b68,tables,88eb4d93-b804-4f1c-beeb-f46392997b68.ЗАК180-Д24442ВК-ЛКСП-24_74 PR_26096680 Акт № 260331-0196 от 31.03.2026.pdf,ООО «ЭхЭхЭх ЭхЭхЭх Эх»,7707083893,770701001,"ООО ""ЛАЙОН КОММЬЮНИКЕЙШНЗ""",7743068844,771401001,mismatch,mismatch,mismatch
3819,53be549b-ec79-4fb5-8f88-eee18e630305,tables,53be549b-ec79-4fb5-8f88-eee18e630305.900000549345_CDTP_2_31.12.2025.pdf,ПАО «Ростелеком»,7707049388,121543001,"Нижегородский филиал ПАО ""Ростелеком"" (Волга)",7707049388,526043002,match,mismatch,match
3824,6ef2b3c0-5818-4deb-bb8d-a8ad6bd1491e,tables,6ef2b3c0-5818-4deb-bb8d-a8ad6bd1491e.ON_SCHET_2601MS007078.pdf,ПАО Сбербанк,7709219099,775050001,"АО ""Компания ТрансТелеКом""",7709219099,775050001,match,match,mismatch
3828,20bcf6bf-20c2-4ea0-aab1-154e3bf4cfed,tables,20bcf6bf-20c2-4ea0-aab1-154e3bf4cfed.Акт снятия показаний приборов учета.pdf,ИП РОЗДУХОВА ТАТЬЯНА НИКОЛАЕВНА,7707083893,770701001,Роздухова Татьяна Николаевна,350700233201,,mismatch,edo_missing,match
3831,b6e7ff89-650a-47cc-b1cc-6c1aae61b115,tables,b6e7ff89-650a-47cc-b1cc-6c1aae61b115.Акт об оказании услуг № 43 от 31 мая 2026 г.PDF,"Общество с ограниченной ответственностью ""ТелекомЭнергоСтрой""",4401135884,440113588,"ООО ""ТЭС""",4401135884,440101001,match,mismatch,match
3846,e9498d7b-9b62-4de7-9a9d-ed331df10bee,tables,e9498d7b-9b62-4de7-9a9d-ed331df10bee.Счет_1951dc61-ff15-481b-a05e-7a5eab8f5854.pdf,"ООО ""КОМУС""",7721793895,500945001,"ООО ""КОМУС""",7721793895,997350001,match,mismatch,match
3849,0ae5563b-9640-4c4f-b092-1738364b8eeb,tables,0ae5563b-9640-4c4f-b092-1738364b8eeb.IF529 АКТ ЗАЧЕТА ВОЗНАГРАЖДЕНИЯ от 30.04.2026.pdf,"ООО ""УГМК-Телеком""",7702011227,770201001,"ООО ""УГМК-Телеком""",6606022606,668601001,mismatch,mismatch,match
3850,4862eb97-ad18-47d2-995c-c4617b2472c0,tables,4862eb97-ad18-47d2-995c-c4617b2472c0.КС-2 №393 от 15.04.2026.pdf,"ООО ""ФОРТ-КОНТРОЛЬ""",7726054000,772601001,"ООО ""ФОРТ-КОНТРОЛЬ""",5040125816,504001001,mismatch,mismatch,match
3868,8230552c-d6b5-489d-b034-4cc5a35e05a9,tables,8230552c-d6b5-489d-b034-4cc5a35e05a9.900700595951_CDTP_2_31.05.2026.pdf,ПАО «Ростелеком»,7707049388,183143001,"Нижегородский филиал ПАО ""Ростелеком"" (Волга)",7707049388,526043002,match,mismatch,match
3869,2a9ad47f-8279-4724-a4f9-b89db859e151,tables,2a9ad47f-8279-4724-a4f9-b89db859e151.21 SP_25439805 Акт № 251231-0416 от 31.12.2025.pdf,ООО «ЭхЭхЭк Кухухидагг»,,,"ООО ""ЛАЙОН КОММЬЮНИКЕЙШНЗ""",7743068844,771401001,llm_missing,llm_missing,mismatch
3871,b37bf7c4-b025-4222-a153-c7c1f38d2d08,tables,b37bf7c4-b025-4222-a153-c7c1f38d2d08.SF9100186883.pdf,ПАО МЕГАФОН,7812014560,407028105,"Столичный филиал ПАО ""МегаФон""",7812014560,770743001,match,mismatch,match
3881,239b2728-785f-4aa5-8c68-b87d8ccc151f,tables,"239b2728-785f-4aa5-8c68-b87d8ccc151f.ЕЭНС упд №660046973 от 31.01.2026 (Посадская, 45).pdf","Акционерное общество ""Екатеринбургэнергосбыт""",6671250899,785150001,"ООО ""УПРАВЛЯЮЩАЯ КОМПАНИЯ""ЭНЕРГОСЕРВИС""",6679065136,667901001,mismatch,mismatch,mismatch
3883,152a4819-efd4-4961-9163-14e8194d7779,tables,152a4819-efd4-4961-9163-14e8194d7779.ON_SCHET_2401-2601XJ313130.pdf,Филиал АО «Компания ТрансТелеКом» «Межрегиональный филиал Восток»,7709219099,246343002,"АО ""Компания ТрансТелеКом""",7709219099,775050001,match,mismatch,match
3886,9537ee6a-7d6e-41ce-9eef-afd73407d0cb,tables,9537ee6a-7d6e-41ce-9eef-afd73407d0cb.02010031294296-2026-02-020102032478_1_INVOICE_ACT_FCSML_GQDWZ99SY4.pdf,"ООО ""ЭСКБ""",0275038496,027503849,Цыплинов Сергей Владимирович,027720767849,,mismatch,edo_missing,mismatch
3890,1194c9a7-226b-4f2c-8394-26bfcc0b7f82,tables,1194c9a7-226b-4f2c-8394-26bfcc0b7f82.Акт Технологического Присоединения 51154.pdf,ИП Миронов Р.В.,,,"ООО ""НОРД-КОМ""",5262215891,526201001,llm_missing,llm_missing,mismatch
3892,9cd433fc-1274-486e-9502-e1ee3ab86fd6,tables,9cd433fc-1274-486e-9502-e1ee3ab86fd6.900000906408_CDTP_2_31.05.2026.pdf,ПАО «Ростелеком»,7707049388,631543001,"Нижегородский филиал ПАО ""Ростелеком"" (Волга)",7707049388,526043002,match,mismatch,match
3896,5f60ddf3-e109-4a2c-b9f7-d605be1a823f,tables,5f60ddf3-e109-4a2c-b9f7-d605be1a823f.Счет на оплату № 219 от 31 января 2026 г.pdf,"ООО ""Русский Мастер""",5404070958,772001001,"ООО ""РУССКИЙ МАСТЕР""",5404070958,772901001,match,mismatch,match
3899,1b9f92ec-95e3-459b-aeb5-50e7af21b219,tables,1b9f92ec-95e3-459b-aeb5-50e7af21b219.Вода апр 26 сф.pdf,"МЕЖДУНАРОДНАЯ КОМПАНИЯ ОБЩЕСТВО С ОГРАНИЧЕННОЙ ОТВЕТСТВЕННОСТЬЮ ""ВЕЙКЛИН ПРОМОУШНЗ""",2540283702,771544001,"МК ООО ""ВЕЙКЛИН ПРОМОУШНЗ""",2540283702,254001001,match,mismatch,match
3907,facaf1ad-a277-4ca9-849e-c0f1bf633668,tables,facaf1ad-a277-4ca9-849e-c0f1bf633668.Счет-фактура и УПД 31.03.26 № ОР310326-76290-01 = 12 126.41 в т.ч. НДС 2 186.73.pdf,Нерушева В. В.,575204013950,,Нерушева Вера Васильевна,575204013950,,match,both_missing,mismatch
3911,81a6597f-5de0-4c7b-98ba-caac8ef387d1,tables,81a6597f-5de0-4c7b-98ba-caac8ef387d1.10KJS26033100002 от 31.03.2026 счет Вымпелком Красноярск.pdf,"ООО ""Русс Аутдор""",7731196087,770601001,"ООО ""РУСС АУТДОР""",7731196087,771401001,match,mismatch,match
3914,e5a20ccb-de9f-443f-8508-0bbf8f8268e5,tables,e5a20ccb-de9f-443f-8508-0bbf8f8268e5.Akt_sverki_vzaimoraschetov.pdf,"ООО ""Профессиональный баскетбольный клуб ""ЦСКА""",7714672917,771467291,"ООО ""Профессиональный баскетбольный клуб ""ЦСКА""",7714672917,772601001,match,mismatch,match
3924,7d21947e-8c65-4b4d-a2c4-eb45fb36c9aa,tables,7d21947e-8c65-4b4d-a2c4-eb45fb36c9aa.Счет_ce4e9691-abc5-44c5-b745-bac21d6f8336.pdf,"ООО ""КОМУС""",7721793895,231145002,"ООО ""КОМУС""",7721793895,997350001,match,mismatch,match
3926,26d3df64-9f39-4bf0-8a1b-00df17fa8483,tables,26d3df64-9f39-4bf0-8a1b-00df17fa8483.Счет на оплату № 204 от 31 января 2026 г.pdf,"ООО ""Русский Мастер""",5404070958,772001001,"ООО ""РУССКИЙ МАСТЕР""",5404070958,772901001,match,mismatch,match
3928,ad64594d-37a9-4b46-b7f3-7d18cbd57dfc,tables,ad64594d-37a9-4b46-b7f3-7d18cbd57dfc.Счет на оплату № 11 от 28 февраля 2026 г.pdf,ИП Эмериди Н. И.,230110214987,,Эмериди Николай Иванович,230110214987,,match,both_missing,mismatch
3929,9ebf4750-d488-40fe-970b-05bbb5bf78e8,tables,9ebf4750-d488-40fe-970b-05bbb5bf78e8.СФ_Счет_124100577-0604_390К66_2026.04_01.pdf,"Общество с ограниченной ответственностью ""ЕЭС-Гарант""",5024173259,667043001,"ООО ""ЕЭС-ГАРАНТ""",5024173259,775050001,match,mismatch,match
3930,ff466b81-4190-4866-8879-9c0b067b6899,tables,ff466b81-4190-4866-8879-9c0b067b6899.214_1167902_2071867_Act.pdf,"Государственная компания ""Российские автомобильные дороги""",7717151380,770701001,"ООО ""АВТОДОР- ПЛАТНЫЕ ДОРОГИ""",7710965662,770701001,mismatch,match,mismatch
3939,4d723236-6416-4f86-ad54-ad03f48de31f,tables,4d723236-6416-4f86-ad54-ad03f48de31f.Акт_7713076301_165543001_4244-22_2026.01.31_00.pdf,"ПУБЛИЧНОЕ АКЦИОНЕРНОЕ ОБЩЕСТВО ""ТАТТЕЛЕКОМ""",1681000024,165043001,"ПАО ""ТАТТЕЛЕКОМ""",1681000024,166001001,match,mismatch,match
3945,912b9002-a35e-4042-aa22-3305987211bc,tables,912b9002-a35e-4042-aa22-3305987211bc.e-schet_14277_422DBA2E-EEBE-4D59-8703-740356B313C5.pdf,"Открытое Акционерное Общество ""Костромская городская телефонная сеть""",4401006871,440101001,ОАО КГТС,4401006871,440101001,match,match,mismatch
3947,a4559453-e8ce-480a-b408-1e744cea7470,tables,a4559453-e8ce-480a-b408-1e744cea7470.ЗАК55-Д24442_ВК-ЛКСП-24_18 PR_26047948 Копия документов 3х лиц № 260131-075 от 31.01.2026.pdf,Общество с ограниченной ответственностью «ЭмЭмЭс Коммьюникейшнз»,7714328921,,"ООО ""ЛАЙОН КОММЬЮНИКЕЙШНЗ""",7743068844,771401001,mismatch,llm_missing,mismatch
3949,a56302c7-43f5-49fb-8672-dfa704db41f6,tables,a56302c7-43f5-49fb-8672-dfa704db41f6.900700618255_CDTP_2_31.03.2026.pdf,ПАО «Ростелеком»,7707049388,222443001,"Новосибирский филиал ПАО ""Ростелеком"" (Сибирь)",7707049388,540643001,match,mismatch,match
3960,0fc0555d-90a3-43d7-b0a5-2e6a9791f6c8,tables,0fc0555d-90a3-43d7-b0a5-2e6a9791f6c8.Счет на оплату № 75 от 31 мая 2026 г.pdf,"ООО ""ЛАДОГА""",7811611902,781101001,"ООО ""ЛАДОГА""",7811611902,780201001,match,mismatch,match
3963,5459387c-f27f-4eec-803d-1d4c1ae70035,tables,5459387c-f27f-4eec-803d-1d4c1ae70035.900400684838_CDTP_2_31.01.2026.pdf,ПАО «Ростелеком»,7707049388,272143001,"Приморский филиал ПАО ""Ростелеком"" (Дальний Восток)",7707049388,253643002,match,mismatch,match
3975,c90877e4-19b7-4d1b-8108-e57669b68503,tables,c90877e4-19b7-4d1b-8108-e57669b68503.33230915.pdf,ООО СберКорус,7713076301,771307630,"ООО ""СБЕРКОРУС""",7801392271,781601001,mismatch,mismatch,match
3982,5c25e5f6-8ab2-457c-8cf3-b07528125f22,tables,5c25e5f6-8ab2-457c-8cf3-b07528125f22.ЭМ_59-59 Билайн_офисы. Доп. клининг (ОП Хабаровск). Февраль 2026 - Акт.pdf,"ООО ""ЭКОМАКС""",,770701001,"ООО ""ЭМ""",5404083146,540401001,llm_missing,mismatch,mismatch
3983,629df6a8-714b-47b4-9a40-d89e823471a3,tables,629df6a8-714b-47b4-9a40-d89e823471a3.ЗАК189-Д24442ВК-ЛКСП-24_107 PR_26099356 Копия документов 3х лиц № 260331-162 от 31.03.2026.pdf,Общество с ограниченной ответственностью «Лай,,,"ООО ""ЛАЙОН КОММЬЮНИКЕЙШНЗ""",7743068844,771401001,llm_missing,llm_missing,mismatch
3993,7a8f7784-700a-45b8-a953-10aa1d6320af,tables,7a8f7784-700a-45b8-a953-10aa1d6320af.АД БС 41728 — ЧР_Мартан-Чу-Умхаджиева 43-ОДН.pdf,"ЗАО ""ГК ""ЛогЛаб""""",,,"ООО ""ТЕЛЕКОМРАЗВИТИЕ""",5261113826,526101001,llm_missing,llm_missing,mismatch
3994,4279b4f8-9ec3-4712-b4ae-4e991f43f6be,tables,4279b4f8-9ec3-4712-b4ae-4e991f43f6be.Акт об оказании услуг № 31 от 31.03.2026.pdf,ГУК ТО ТОФ имени народного артиста Российской Федерации Михайловского И. А.,7107032752,710701001,"ГУК ТО ""ТУЛЬСКАЯ ОБЛАСТНАЯ ФИЛАРМОНИЯ""",7107032752,710701001,match,match,mismatch
3999,187bb37a-1612-4306-be6b-da4a81ee2a4a,tables,187bb37a-1612-4306-be6b-da4a81ee2a4a.900700595895_CDTP_2_31.03.2026.pdf,ПАО «Ростелеком»,7707049388,213043001,"Нижегородский филиал ПАО ""Ростелеком"" (Волга)",7707049388,526043002,match,mismatch,match
4000,d95c50fa-deb4-4098-8652-9a21c7f99c2c,tables,d95c50fa-deb4-4098-8652-9a21c7f99c2c.Акт об оказании услуг № 24 от 28 февраля 2026 г.pdf,"Общество с ограниченной ответственностью ""БВК-ТРАСТ""",7709600770,770960001,"ООО ""БВК-Траст""",7709600770,770401001,match,mismatch,match
4001,d66d454f-0681-4b74-b2de-7d04447aa36b,tables,d66d454f-0681-4b74-b2de-7d04447aa36b.Детализация № MT00-002438.pdf,"ООО ""МД-Тольятти""",445004000000,445000000,"ООО ""МД-ТОЛЬЯТТИ""",6319132605,632401001,mismatch,mismatch,match
4003,3dd56fd7-0bf4-44a2-b601-4e92a22a6789,tables,3dd56fd7-0bf4-44a2-b601-4e92a22a6789.ЮЛ_Счет_4.pdf,"ООО ""РУСЭНЕРГОСБЫТ"" Октябрьский филиал",7706284124,502045001,"ООО ""РУСЭНЕРГОСБЫТ""",7706284124,770401001,match,mismatch,match
4004,d945f003-ae31-42a1-b670-53239b0bb18f,tables,d945f003-ae31-42a1-b670-53239b0bb18f.Поступление  февраль 2025.pdf,Акционерное общество «Независимая энергосбытовая компания Краснодарского края»,2308091759,,Губенко Роман Владимирович,233600256269,,mismatch,both_missing,mismatch
4007,b62c9e1b-f661-4b45-a43f-d44febba449b,tables,b62c9e1b-f661-4b45-a43f-d44febba449b.Счет за инкассацию.pdf,АО «АЛЬФА-БАНК»,,771301001,"АО ""РОССЕЛЬХОЗБАНК""",7725114488,997950001,llm_missing,mismatch,mismatch
4011,c77711ad-d99a-4e5b-8e41-43785d4bc8df,tables,c77711ad-d99a-4e5b-8e41-43785d4bc8df.SF9100186211.pdf,УРАЛЬСКИЙ БАНК ПАО СБЕРБАНК,7713076301,667003001,"Уральский филиал ПАО ""МегаФон"".",7812014560,667003001,mismatch,match,mismatch
4014,a8dbba9b-eadb-42bb-ab85-6534f3be330f,tables,a8dbba9b-eadb-42bb-ab85-6534f3be330f.900100684565_CDTP_2_31.03.2026.pdf,ПАО «Ростелеком»,7707049388,143543001,"Приморский филиал ПАО ""Ростелеком"" (Дальний Восток)",7707049388,253643002,match,mismatch,match
4021,22ad78f5-e6f3-431a-9ea1-3d51023a6213,tables,22ad78f5-e6f3-431a-9ea1-3d51023a6213.Акт_поданной_принятой_ТЭ_Вн_Д_04_ГВ_Вн_Д_13_822300000000010134.pdf,Публичное акционерное общество «Т Плюс»,6315376946,631543004,"Самарский филиал АО ""ЭнергосбыТ Плюс""",5612042824,631543001,mismatch,mismatch,match
4022,b1353733-eaee-47d4-ad55-7d573caf7698,tables,b1353733-eaee-47d4-ad55-7d573caf7698.1000_6402253662_38_31-12-2025.PDF,"АО ""ЭР-Телеком Холдинг""",,770543001,"АО ""ЭР-ТЕЛЕКОМ ХОЛДИНГ""",5902202276,590501001,llm_missing,mismatch,match
4024,fea30c4a-4dac-4c62-83d8-93318da3e3d4,tables,fea30c4a-4dac-4c62-83d8-93318da3e3d4.ПД_ДЮ.pdf,"МУП ""ДЮРТЮЛИВОДОКАНАЛ""",,,ИП Харрасов Урал Илшатович,026003284393,,llm_missing,both_missing,mismatch
4029,9e9fb885-b088-4cb3-bf8f-bbd8af391917,tables,9e9fb885-b088-4cb3-bf8f-bbd8af391917.ЭМ_77-77 Билайн_офисы. ОП Благовещенск. Март 2026 - Акт.pdf,"ООО ""ЭКОМАКС""",,,"ООО ""ЭМ""",5404083146,540401001,llm_missing,llm_missing,mismatch
4031,2c454672-cbda-4fe9-8a99-c38b5e06dd24,tables,2c454672-cbda-4fe9-8a99-c38b5e06dd24.I5652 АКТ ЗАЧЕТА ВОЗНАГРАЖДЕНИЯ от 31.03.2026.pdf,"ООО ""УГМК-Телеком""",7702011227,770201001,"ООО ""УГМК-Телеком""",6606022606,668601001,mismatch,mismatch,match
4033,9e33b02a-39d9-4797-a421-5634b978d391,tables,9e33b02a-39d9-4797-a421-5634b978d391.Приложение №2.1 108796__2026.pdf,ООО «ФОРТ-КОНТРОЛЬ»,113504000572,,"ООО ""ФОРТ-КОНТРОЛЬ""",5040125816,504001001,mismatch,llm_missing,match
4034,8eb6aa5b-e020-4fe6-8a49-0ee937ea3759,tables,"8eb6aa5b-e020-4fe6-8a49-0ee937ea3759.подтверждающие документы от поставщиков КУ, май 2026, ТЦ Грин.pdf","ЗАО ""АРТС-МЕДИА""",7722727951,772201001,"ЗАО ""АРТС-МЕДИА""",7722727951,772901001,match,mismatch,match
4039,094ad68f-6e8d-4807-a85b-6d52c24d1791,tables,094ad68f-6e8d-4807-a85b-6d52c24d1791.ЗАК125-Д24442ВК-ЛКСП-24_64 PR_26074584 Копия документов 3х лиц № 260228-135 от 28.02.2026.pdf,Общество с ограниченной ответственностью «ЭмЭмЭс Коммьюникейшнз»,7714328921,,"ООО ""ЛАЙОН КОММЬЮНИКЕЙШНЗ""",7743068844,771401001,mismatch,llm_missing,mismatch
4043,efa73a2a-5e55-45dd-821f-02b38091f143,tables,efa73a2a-5e55-45dd-821f-02b38091f143.900201185780_CDTP_2_30.04.2026.pdf,ПАО «Ростелеком»,7707049388,121543001,"Нижегородский филиал ПАО ""Ростелеком"" (Волга)",7707049388,526043002,match,mismatch,match
4047,a84166f3-efde-451b-90b5-6804bfe24a05,tables,a84166f3-efde-451b-90b5-6804bfe24a05.ЗАК270-Д24442ВК-ЛКСП-24_135 PR_26138777 Копия документов 3х лиц № 260430-137 от 30.04.2026.pdf,Общество с ограниченной ответственностью «ЭмЭмЭс Коммьюнике,,,"ООО ""ЛАЙОН КОММЬЮНИКЕЙШНЗ""",7743068844,771401001,llm_missing,llm_missing,mismatch
4050,c326a46e-b4d9-4d1f-bafd-fe6a3dcd97be,tables,c326a46e-b4d9-4d1f-bafd-fe6a3dcd97be.Акт № 3_1 кв 26_РЦ-ДогДКП12-2887-25_ПАО Вымпелком.pdf,Публичное акционерное общество «Россети Урал»,7707083893,770701001,"АО ""РОССЕТИ ЦИФРА""",7705307770,773401001,mismatch,mismatch,mismatch
4053,7ca69e50-b39b-4937-981d-27c56a6e59a0,tables,7ca69e50-b39b-4937-981d-27c56a6e59a0.900500649093_CDTP_2_28.02.2026.pdf,ПАО «Ростелеком»,7707049388,290143001,"Макрорегиональный филиал ""Северо-Запад"" ПАО ""Ростелеком""",7707049388,784243002,match,mismatch,match
4076,e97e6c26-a5bf-4cb2-a755-bb524d91290c,tables,e97e6c26-a5bf-4cb2-a755-bb524d91290c.ЮЛ_ИнтегральныйАкт_1.pdf,"ООО ""РУСЭНЕРГОСБЫТ""",7707083893,770701001,"ООО ""РУСЭНЕРГОСБЫТ""",7706284124,770401001,mismatch,mismatch,match
4077,6b9eea30-5abc-4912-ac84-c1199f2535bc,tables,6b9eea30-5abc-4912-ac84-c1199f2535bc.Билайн_расчет_билайн_ Лот2_февраль_биллинг 1 повторный.pdf,ИП Вострикова Людмила Николаевна,,,ООО ПКО НСВ,7727551797,775101001,llm_missing,llm_missing,mismatch
4081,48df507a-75c6-4d47-a675-e98417f81286,tables,48df507a-75c6-4d47-a675-e98417f81286.Сведен о потреб эл.эн за июнь 2026г (Вымпелком).pdf,ЗАО «Сахалин Телеком Мобайл»,,,"АО ""ПАТП-1""",6501039419,650101001,llm_missing,llm_missing,mismatch
4084,ec922bb3-1cb1-4b44-b311-f99cfcc27cd2,tables,ec922bb3-1cb1-4b44-b311-f99cfcc27cd2.ЗАК149-Д24442_ВК-ЛКСП-24_44_TV_26096681 Копия документов 3х лиц № 260403-004 от 03.04.2026.pdf,"ООО ""РОРЕ МЕДИА""",7734440400,771401001,"ООО ""ЛАЙОН КОММЬЮНИКЕЙШНЗ""",7743068844,771401001,mismatch,match,mismatch
4087,9d69aa65-409f-4e05-a718-013bbb9a2f20,tables,9d69aa65-409f-4e05-a718-013bbb9a2f20.4400_6400036473_30-04-2026.PDF,"АО ""Авантел""",7713076301,860243001,"АО ""АВАНТЕЛ""",5408185212,771501001,mismatch,mismatch,match
4089,b13febb2-8a0c-4423-8061-a3c1e32928ef,tables,b13febb2-8a0c-4423-8061-a3c1e32928ef.Счет 2600205481.pdf,"АО ""ДПД РУС""",7713076301,997750001,"АО ""ДПД РУС""",7713215523,774850001,mismatch,mismatch,match
4092,5613348d-8e5e-412d-a0c1-eb7df961b8e7,tables,5613348d-8e5e-412d-a0c1-eb7df961b8e7.Расшифровка к СчФ итоговой_01.03.2026_31.03.2026_ИННРСО1901067718_КППРСО785150001_ИНН7713076301_КПП246345031_ID02020_507_222013219.pdf,"АО ""Енисейская ТГК (ТГК-13)""",660021000000,660001001,ООО «СИБИРСКАЯ ТЕПЛОСБЫТОВАЯ КОМПАНИЯ»,2462222097,772501001,mismatch,mismatch,mismatch
4095,1da68992-5b77-44cf-97d0-fd806234609d,tables,1da68992-5b77-44cf-97d0-fd806234609d.ON_PRSCHET_2BM-7713076301-2012052807251168061080000000000_2BED057CA467E5C49A396D38C04F04BBAA0_20260201_00066650-0000-0001-0000-000099675807.PDF,Акционерное общество «Независимая энергосбытовая компания Краснодарского края» (АО «НЭСК»),2308091759,230843001,"Филиал ОАО ""НЭСК"" ""Краснодарэнергосбыт",2308091759,230843001,match,match,mismatch
4096,e17f349b-9133-4e73-a5d1-da8406f1e6eb,tables,"e17f349b-9133-4e73-a5d1-da8406f1e6eb.Исх. счет на оплату в ПАО _ВымпелКом_ _Счет на оплату № 75 о_оставлению возможности размещения и эксплуатации оборудования связи, март 2026 (переменная часть)_.pdf","АО ""СберСити""",5024093941,773001001,"АКЦИОНЕРНОЕ ОБЩЕСТВО ""РУБЛЕВО-АРХАНГЕЛЬСКОЕ""",5024093941,773001001,match,match,mismatch
4098,161685e9-c61d-41f2-b29e-e0e34adcb257,tables,161685e9-c61d-41f2-b29e-e0e34adcb257.Подтверждающие документы (4).pdf,"ООО ""ОПТЭС""",7701393881,770401001,ИП Исмеев Ринат Исрафилович,744514772536,,mismatch,edo_missing,mismatch
4105,ab835047-1b2d-4346-924b-76289fe38a10,tables,ab835047-1b2d-4346-924b-76289fe38a10.356то.pdf,"ОАО ""РЖД""",7708503727,997650001,Центральная станция связи ОАО «РЖД»,7708503727,771843001,match,mismatch,mismatch
4107,dc0b6461-e1f5-4e6d-942d-bc9c7080f6d7,tables,dc0b6461-e1f5-4e6d-942d-bc9c7080f6d7.Акт_7713076301_165543001_74429-22_2026.03.31_00.pdf,"ПУБЛИЧНОЕ АКЦИОНЕРНОЕ ОБЩЕСТВО ""ТАТТЕЛЕКОМ""",1681000024,165043001,"ПАО ""ТАТТЕЛЕКОМ""",1681000024,166001001,match,mismatch,match
4108,a290a18b-01cb-4856-a2cc-e6d95befee3e,tables,a290a18b-01cb-4856-a2cc-e6d95befee3e.Счёт №18 от 31 января 2026.pdf,"ООО ""ГУОДОНГ""",9709124154,772801001,"ООО ""ГУОДОНГ""",9709124154,772501001,match,mismatch,match
4109,6c7636ed-b7fd-4a0b-887b-9d4f8d654814,tables,6c7636ed-b7fd-4a0b-887b-9d4f8d654814.[4222] 64947986 - Авансовый счет 1_efc98a5c-6eab-4a65-aa48-f6023f543e99.pdf,"Публичное акционерное общество энергетики и электрификации ""Камчатскэнерго""",4100000668,775050001,"ПАО ""ДЭК""",2723088770,997650001,mismatch,mismatch,mismatch
4110,0a023649-ec34-4d6e-88e6-2de4d8505235,tables,0a023649-ec34-4d6e-88e6-2de4d8505235.Счет № 832579 - 1 от 31.03.2026.pdf,"ПАО ""Мобильные ТелеСистемы""",7740000076,781343001,"ПАО ""МТС""",7740000076,997750001,match,mismatch,mismatch
4112,5e3df389-2be8-416d-a10a-ac2c802df70e,tables,5e3df389-2be8-416d-a10a-ac2c802df70e.1985 предоплата 2026.05_NS.pdf,"Ярославские тепловые сети ПАО ""ТГК-2""",7713076301,997750001,"ПАО ""ТГК-2""",7606053324,760601001,mismatch,mismatch,match
4114,c02388f8-b018-44b8-842b-d366dc189444,tables,c02388f8-b018-44b8-842b-d366dc189444.Счет_35450c72-4feb-467d-ba1f-e4b35e801788.pdf,"ООО ""КОМУС""",7721793895,500945005,"ООО ""КОМУС""",7721793895,997350001,match,mismatch,match
4116,9de35410-1fda-477d-a151-ffe2e8d1e624,tables,9de35410-1fda-477d-a151-ffe2e8d1e624.Приложение №5 ФК_121980.pdf,ООО «ФОРТ-КОНТРОЛЬ»,7707083893,770701001,"ООО ""ФОРТ-КОНТРОЛЬ""",5040125816,504001001,mismatch,mismatch,match
4117,b8c41766-0fb4-45c9-b370-d1dc7ebddfe5,tables,b8c41766-0fb4-45c9-b370-d1dc7ebddfe5.ВП с.ф май.pdf,"ООО ""Р-ЭНЕРГИЯ""",6229054695,623401001,"ООО ""ЗАВОД ТЕХНОФЛЕКС""",6229024796,622901001,mismatch,mismatch,mismatch
4120,fe20eaf4-1f18-41f8-a472-a0ea97dacc8c,tables,fe20eaf4-1f18-41f8-a472-a0ea97dacc8c.Счет_a67642f9-6acf-4cc9-955c-fe4d8819c3ec.pdf,"ООО ""КОМУС""",7721793895,500945001,"ООО ""КОМУС""",7721793895,997350001,match,mismatch,match
4127,a6ad29d3-8ff4-4c7a-aabe-b3cf96361ea5,tables,a6ad29d3-8ff4-4c7a-aabe-b3cf96361ea5.ЗАК253-Д24442_ВК-ЛКСП-24_9_Radio_26133791 Акт № 260531-0080 от 31.05.2026.pdf,"ООО ""Лайон Коммьюникейшнз""",1149010001,771101001,"ООО ""ЛАЙОН КОММЬЮНИКЕЙШНЗ""",7743068844,771401001,mismatch,mismatch,match
4131,e1a104f6-5e92-4a7e-9731-5b60d9bb2355,tables,e1a104f6-5e92-4a7e-9731-5b60d9bb2355.900600499959_CDTP_2_31.03.2026.pdf,ПАО «Ростелеком»,7707049388,110143001,"Макрорегиональный филиал ""Северо-Запад"" ПАО ""Ростелеком""",7707049388,784243002,match,mismatch,match
4133,aa471444-32c8-4e83-abd3-17004c27157f,tables,aa471444-32c8-4e83-abd3-17004c27157f.АСВ_7713076301771301001_4028033356402801001_20260105_0B702AC9-09A2-493A-8F81-7FD66748B233.pdf,"ООО ""Каскад-Энергосбыт""",7707083893,770701001,"ООО ""Каскад-Энергосбыт""",4028033356,402801001,mismatch,mismatch,match
4139,7cc7bbf9-81a9-4608-babc-b0776948115e,tables,7cc7bbf9-81a9-4608-babc-b0776948115e.Счет на оплату № 672 от 15 апреля 2026 г.pdf,"ООО ""Эдельвейс""",6659182339,526345001,"ООО ""Эдельвейс""",6659182339,667801001,match,mismatch,match
4145,d40369fc-ff0b-4b7c-935d-204b38e54e20,tables,d40369fc-ff0b-4b7c-935d-204b38e54e20.Счет на оплату № 290 от 28 февраля 2026 г.pdf,"ООО ""Русский Мастер""",5404070958,772001001,"ООО ""РУССКИЙ МАСТЕР""",5404070958,772901001,match,mismatch,match
4154,f733df17-5bd5-4652-87c8-4e096fa07ddc,tables,f733df17-5bd5-4652-87c8-4e096fa07ddc.900900745458_CDTP_2_31.03.2026.pdf,ПАО «Ростелеком»,7707049388,280143001,"Приморский филиал ПАО ""Ростелеком"" (Дальний Восток)",7707049388,253643002,match,mismatch,match
4156,06ba5ef8-2d16-4e39-9a34-2aa0e69fee26,tables,06ba5ef8-2d16-4e39-9a34-2aa0e69fee26.900100515609_CDTP_2_31.12.2025.pdf,ПАО «Ростелеком»,7707049388,213043001,"Нижегородский филиал ПАО ""Ростелеком"" (Волга)",7707049388,526043002,match,mismatch,match
4167,5bb3165a-aaf2-42b9-b86a-e47fde5536d5,tables,5bb3165a-aaf2-42b9-b86a-e47fde5536d5.Счет_Б-5790709973-1.pdf,"ООО ""Яндекс Плюс""",7705177420,770501001,"ООО ""ЯНДЕКС ПЛЮС""",9705177420,770501001,mismatch,match,match
4169,d3b00fcf-d4d8-407d-a6d4-14564268a514,tables,d3b00fcf-d4d8-407d-a6d4-14564268a514.900000595859_CDTP_2_31.01.2026.pdf,ПАО «Ростелеком»,7707049388,631543001,"Нижегородский филиал ПАО ""Ростелеком"" (Волга)",7707049388,526043002,match,mismatch,match
4172,201dc314-6f14-4c40-82d1-7640b446e21e,tables,201dc314-6f14-4c40-82d1-7640b446e21e.146-324.pdf,"ПАО ""МегаФон""",7812014560,780143001,"Северо-Западный филиал ПАО ""МегаФон""",7812014560,784143001,match,mismatch,match
4178,cb82f003-5b0b-492d-b493-f6d4771e6288,tables,cb82f003-5b0b-492d-b493-f6d4771e6288.Расчетная ведомость (тепло) 2013_7713076301_202604_29540835.pdf,"СП ""Хабаровские тепловые сети"" АО ""ДГК""",,,"АО ""ДГК""",1434031363,272101001,llm_missing,llm_missing,mismatch
4185,3da1df9b-9b56-4d90-8f31-0de978a171a2,tables,3da1df9b-9b56-4d90-8f31-0de978a171a2.Schet_na_oplatu.pdf,"ООО ""АМУР МИНЕРАЛС""",2721125810,424950001,"ООО ""Амур Минералс""",2721125810,272001001,match,mismatch,match
4188,b5271031-a78e-4daa-a664-71eec2e8d887,tables,b5271031-a78e-4daa-a664-71eec2e8d887.Расшифровка к СчФ итоговой_01.01.2026_31.01.2026_ИННРСО2224152758_КППРСО785150001_ИНН7713076301_КПП222143001_ID04085_507_124094939.pdf,"АО ""СГК-Алтай""",656037000000,656001001,ООО «СИБИРСКАЯ ТЕПЛОСБЫТОВАЯ КОМПАНИЯ»,2462222097,772501001,mismatch,mismatch,mismatch
4189,ee032997-06d2-439f-89f5-00cf34946178,tables,ee032997-06d2-439f-89f5-00cf34946178.Акт 2602268 от 10.05.2026.pdf,"Общество с ограниченной ответственностью ""КАРГОАЭРОБРОКЕР""",7703209930,770301001,"ООО ""КАРГОАЭРОБРОКЕР""",7703209930,504701001,match,mismatch,match
4191,3a19e21d-d0e1-4491-b436-b69f12512e14,tables,3a19e21d-d0e1-4491-b436-b69f12512e14.Приложение Красноярский край.pdf,Оганесян П.Л.,,,Оганесян Петрос Леваович,502712700987,,llm_missing,both_missing,mismatch
4196,0bf122ed-f8e4-4b59-b50c-5ad32299075c,tables,0bf122ed-f8e4-4b59-b50c-5ad32299075c.SF9100185030.pdf,"СИБИРСКИЙ ФИЛИАЛ ПАО ""МЕГАФОН""",7812076301,540643001,"Сибирский филиал ПАО ""МегаФон""",7812014560,540643001,mismatch,match,match
4203,0c094385-07ea-4509-a155-8cd36bed5cf3,tables,0c094385-07ea-4509-a155-8cd36bed5cf3.ЭМ_130-130 Билайн_офисы. ОП Магадан. Май 2026 - Акт.pdf,"ООО ""ЭКОМАКС""",,,"ООО ""ЭМ""",5404083146,540401001,llm_missing,llm_missing,mismatch
4220,765e614e-9682-45e2-9dd2-6a665fe6f242,tables,765e614e-9682-45e2-9dd2-6a665fe6f242.Schet_na_oplatu__251_ot_01_aprelya_2026_g.pdf,ИП Семенов В. С.,026826442951,,Семенов Владлен Сергеевич,026826442951,,match,both_missing,mismatch
4227,76de7a78-c08e-4621-b784-742de7fd40f6,tables,76de7a78-c08e-4621-b784-742de7fd40f6.Счет на оплату № 34 от 22 июня 2026 г.pdf,"ООО ""МЦТИ""",7734250960,771501001,"ООО ""Молодежный Центр Технических Инициатив""",7734250960,771501001,match,match,mismatch
4233,cc17c10b-8480-498a-81ad-73354e216241,tables,cc17c10b-8480-498a-81ad-73354e216241.Акт сверки Вымпелком 2025 (1).pdf,"""Автозавод Санкт-Петербург""",7842337791,784233779,"ООО ""АВТОЗАВОД САНКТ-ПЕТЕРБУРГ""",7842337791,997150001,match,mismatch,match
4240,68ee551b-3c8f-407a-af3f-5d896134e5cf,tables,68ee551b-3c8f-407a-af3f-5d896134e5cf.900900580691_CDTP_2_31.05.2026.pdf,ПАО «Ростелеком»,7707049388,732543001,"Нижегородский филиал ПАО ""Ростелеком"" (Волга)",7707049388,526043002,match,mismatch,match
4247,5efd62b5-ca21-46ed-b994-dc97f5fad5d4,tables,5efd62b5-ca21-46ed-b994-dc97f5fad5d4.АД БС_2808 подписан.pdf,"ЗАО ""ГК ""ЛогЛаб""",,,"ООО ""ПАРИТЕТ""",5029254550,504401001,llm_missing,llm_missing,mismatch
4248,fcdd150f-76a5-47cf-96e9-2652df036fe5,tables,fcdd150f-76a5-47cf-96e9-2652df036fe5.900300732974_CDTP_2_31.12.2025.pdf,ПАО «Ростелеком»,7707049388,183143001,"Нижегородский филиал ПАО ""Ростелеком"" (Волга)",7707049388,526043002,match,mismatch,match
4251,16107f77-7dbb-4ea7-98f2-622a7cfbc91e,tables,16107f77-7dbb-4ea7-98f2-622a7cfbc91e.ЗАК82-Д24442ВК-ЛКСП-24_46 PR_26074583 Копия документов 3х лиц № 260228-098 от 28.02.2026.pdf,Общество с ограниченной ответственностью «ЭмЭмЭс Коммьюникейшнз»,7714328921,,"ООО ""ЛАЙОН КОММЬЮНИКЕЙШНЗ""",7743068844,771401001,mismatch,llm_missing,mismatch
4258,4ddeeb5e-aa9a-4616-8c71-791e76de3e2b,tables,4ddeeb5e-aa9a-4616-8c71-791e76de3e2b.Счет_Б-5888188919-1.pdf,"ООО ""Яндекс Плюс""",7705177420,770501001,"ООО ""ЯНДЕКС ПЛЮС""",9705177420,770501001,mismatch,match,match
4259,a9c1d14c-c495-47c8-83f9-cd1f0778e774,tables,a9c1d14c-c495-47c8-83f9-cd1f0778e774.ON_APP_2BM-7713076301-2012052807251168061080000000000_2BED03F1A3615324CDBB445A02A00F9BEB9_20260101_00032313-0000-0101-0001-000034066376.PDF,"Публичное акционерное общество ""Волгоградэнергосбыт""",3445071523,344501001,"ПАО ""ВОЛГОГРАДЭНЕРГОСБЫТ""",3445071523,785150001,match,mismatch,match
4263,a40696ca-6abc-4c7b-b19a-8cc33012f690,tables,a40696ca-6abc-4c7b-b19a-8cc33012f690.Приложение №2.1 121860__2026.pdf,ООО «ФОРТ-КОНТРОЛЬ»,113504000572,,"ООО ""ФОРТ-КОНТРОЛЬ""",5040125816,504001001,mismatch,llm_missing,match
4264,dd80e2ef-5794-42cc-be24-6f0d418e806d,tables,dd80e2ef-5794-42cc-be24-6f0d418e806d.Счет № 902696 - 1 от 30.04.2026.pdf,"Публичное акционерное общество ""Мобильные ТелеСистемы""",7740000076,997750001,"ПАО ""МТС""",7740000076,997750001,match,match,mismatch
4271,8b27ebec-3901-4277-ba98-86ab71ceb2a8,tables,8b27ebec-3901-4277-ba98-86ab71ceb2a8.900300663323_CDTP_2_31.05.2026.pdf,ПАО «Ростелеком»,7707049388,352543001,"Макрорегиональный филиал ""Северо-Запад"" ПАО ""Ростелеком""",7707049388,784243002,match,mismatch,match
4276,1d524a98-cbc5-41dd-8817-1e4dc028b740,tables,1d524a98-cbc5-41dd-8817-1e4dc028b740.8506344-0110 торг-2.pdf,"ООО ""СОТЕКОМ""",,,"ЗАО ""ГК АККОРД""",7709797580,507401001,llm_missing,llm_missing,mismatch
4280,36f59eb1-0e45-4bef-91a2-34ffcc77cc1b,tables,36f59eb1-0e45-4bef-91a2-34ffcc77cc1b.10KHS26043000009 от 30.04.2026 счет Вымпелком Хабаровск.pdf,"ООО ""Русс Аутдор""",7731196087,770601001,"ООО ""РУСС АУТДОР""",7731196087,771401001,match,mismatch,match
4283,787b5a0d-63b4-4676-a6c4-162877ac2929,tables,787b5a0d-63b4-4676-a6c4-162877ac2929.ВымпелКом ПАО (г. Красноярск)  1322 от 30.04.2026 Расчет арендной платы .pdf,"Общество с ограниченной ответственностью ""ПЛАНЕТАМОЛЛ-КРАСНОЯРСК""",660125000000,660101001,"ООО ""ПЛАНЕТАМОЛЛ-КРАСНОЯРСК""",2465158467,246501001,mismatch,mismatch,match
4293,ee14e79e-ce4e-4f3c-8601-33d5c43de8cb,tables,ee14e79e-ce4e-4f3c-8601-33d5c43de8cb.900900595809_CDTP_2_31.12.2025.pdf,ПАО «Ростелеком»,7707049388,645243001,"Нижегородский филиал ПАО ""Ростелеком"" (Волга)",7707049388,526043002,match,mismatch,match
4294,9414c473-b5d1-4ca1-bdc1-5578e8725327,tables,9414c473-b5d1-4ca1-bdc1-5578e8725327.УПД энергоснабжающей организации УПД №13549_4 от 31.05.26 Суриц АВ.pdf,ИП СУРИЦ А.В.,790100163781,,ИП Суриц Александр Владимирович,790100163781,,match,both_missing,mismatch
4295,eaccedda-f6b7-4ab4-9d45-21151cc3334a,tables,eaccedda-f6b7-4ab4-9d45-21151cc3334a.АктПриемки_WXX-5146734-1YAR3000KW.PDF,"ООО ""ТЕХСИТИСЕРВИС""",,,"ООО ""СТА Карго""",7810825228,781401001,llm_missing,llm_missing,mismatch
4303,4caa1243-23d1-4408-b9d9-d35bb1a4ec93,tables,4caa1243-23d1-4408-b9d9-d35bb1a4ec93.900900580689_CDTP_2_31.05.2026.pdf,ПАО «Ростелеком»,7707049388,732543001,"Нижегородский филиал ПАО ""Ростелеком"" (Волга)",7707049388,526043002,match,mismatch,match
4313,1b8b0a5a-ec28-43bd-8c15-c5ddef2bf318,tables,1b8b0a5a-ec28-43bd-8c15-c5ddef2bf318.ВЫМПЕЛ КОММУНИК Апрель 2026.pdf,"ООО ""Гарант-Инвест Недвижимость""",7707083893,770701001,"ООО ""ГАРАНТ-ИНВЕСТ НЕДВИЖИМОСТЬ""",7716199245,772401001,mismatch,mismatch,match
4318,115f8be4-5eff-441f-bbe8-33b86956d2bf,tables,115f8be4-5eff-441f-bbe8-33b86956d2bf.АктВыдачи_WXX-4804787-1YAR310KW.PDF,"ООО ""ДИНАТ""",,,"ООО ""СТА Карго""",7810825228,781401001,llm_missing,llm_missing,mismatch
4326,3c784aec-3897-42d4-a157-4b34fb71670b,tables,3c784aec-3897-42d4-a157-4b34fb71670b.ЗАК373-Д24442ВК-ЛКСП-24_204 PR_26163358 Копия документов 3х лиц № 260531-165 от 31.05.2026.pdf,Общество с ограниченной ответственностью «ЭмЭмЭс Коммьюникейшнз»,,,"ООО ""ЛАЙОН КОММЬЮНИКЕЙШНЗ""",7743068844,771401001,llm_missing,llm_missing,mismatch
4333,567a9da4-5d44-430e-b07a-42c1a4dd182d,tables,567a9da4-5d44-430e-b07a-42c1a4dd182d.КС-2 №201-1 от 05.03.2026.pdf,"ООО ""ФОРТ-КОНТРОЛЬ""",7725549895,772554989,"ООО ""ФОРТ-КОНТРОЛЬ""",5040125816,504001001,mismatch,mismatch,match
4335,e5d9c4f9-9893-423e-8b84-260475cb8eed,tables,e5d9c4f9-9893-423e-8b84-260475cb8eed.АктВыдачи_WXX-5095607-1YAR400KWZ.PDF,"ООО ""СЕРВИОНИКА""",,,"ООО ""СТА Карго""",7810825228,781401001,llm_missing,llm_missing,mismatch
4338,afc36484-830b-4d5b-8f25-87b931c8dfbd,tables,afc36484-830b-4d5b-8f25-87b931c8dfbd.900600793021_CDTP_2_31.05.2026.pdf,ПАО «Ростелеком»,7707049388,410143001,"Приморский филиал ПАО ""Ростелеком"" (Дальний Восток)",7707049388,253643002,match,mismatch,match
4340,3b1a9768-65cf-4c3d-9552-631af7a6dacb,tables,3b1a9768-65cf-4c3d-9552-631af7a6dacb.900900552601_CDTP_2_31.05.2026.pdf,ПАО «Ростелеком»,7707049388,583643001,"Нижегородский филиал ПАО ""Ростелеком"" (Волга)",7707049388,526043002,match,mismatch,match
4341,67be527d-9878-4b49-8278-5eb0a682a6ba,tables,67be527d-9878-4b49-8278-5eb0a682a6ba.Доп.акт 4.5_31.03.26_Вымпелком_1225.pdf,ПАО «Россети Ленэнерго»,,,"АО ""РОССЕТИ ЦИФРА""",7705307770,773401001,llm_missing,llm_missing,mismatch
4346,1d1c93ff-3cd7-4932-9db2-3fae1e88468a,tables,1d1c93ff-3cd7-4932-9db2-3fae1e88468a.900000793025_CDTP_2_31.12.2025.pdf,ПАО «Ростелеком»,7707049388,272143001,"Приморский филиал ПАО ""Ростелеком"" (Дальний Восток)",7707049388,253643002,match,mismatch,match
4348,e4ebb82a-cc2f-48bd-91c3-e928365d9d7a,tables,e4ebb82a-cc2f-48bd-91c3-e928365d9d7a.900000595885_CDTP_2_31.12.2025.pdf,ПАО «Ростелеком»,7707049388,631543001,"Нижегородский филиал ПАО ""Ростелеком"" (Волга)",7707049388,526043002,match,mismatch,match
4349,0151c45a-bb1e-4edd-83ed-f827901a288e,tables,0151c45a-bb1e-4edd-83ed-f827901a288e.Приложение №2.1 122040__2026.pdf,ООО «ФОРТ-КОНТРОЛЬ»,113504000572,,"ООО ""ФОРТ-КОНТРОЛЬ""",5040125816,504001001,mismatch,llm_missing,match
4351,b6101858-80f8-4116-972d-ccadfe1cdef3,tables,b6101858-80f8-4116-972d-ccadfe1cdef3.ON_SCHET_2401-2601RP347370.pdf,Филиал АО «Компания ТрансТелеКом» «Межрегиональный филиал Восток»,7709219099,246343002,"АО ""Компания ТрансТелеКом""",7709219099,775050001,match,mismatch,match
4367,bb89dc11-380d-4d7e-ad7a-5db8e2d39dea,tables,bb89dc11-380d-4d7e-ad7a-5db8e2d39dea.ON_BILL_2BM_2BM_20260401_722084601#9213757#I.pdf,"Северо-Западный филиал ПАО ""МегаФон""",7812014560,780143001,"Северо-Западный филиал ПАО ""МегаФон""",7812014560,784143001,match,mismatch,match
4368,49a67979-c8d0-49e9-8b59-3a0fd7370b0d,tables,49a67979-c8d0-49e9-8b59-3a0fd7370b0d.ON_SCHET___20260603_54c27313-146c-4b73-b224-42c560f62b32.pdf,"Общество с ограниченной ответственностью Профессиональная коллекторская организация ""Кредитэкспресс Финанс""",7707790885,785250001,"ООО ПКО ""КЭФ""",7707790885,785250001,match,match,mismatch
4371,4583e9ca-b29e-4e2e-b849-042fcc0d0e6a,tables,4583e9ca-b29e-4e2e-b849-042fcc0d0e6a.900600595847_CDTP_2_31.01.2026.pdf,ПАО «Ростелеком»,7707049388,583643001,"Нижегородский филиал ПАО ""Ростелеком"" (Волга)",7707049388,526043002,match,mismatch,match
4378,f062c768-949b-4804-8d2d-008ec301f64b,tables,f062c768-949b-4804-8d2d-008ec301f64b.ON_SCHET_2401-2604RP352075.pdf,Филиал АО «Компания ТрансТелеКом» «Межрегиональный филиал Восток»,7709219099,246343002,"АО ""Компания ТрансТелеКом""",7709219099,775050001,match,mismatch,match
4379,de2b27cb-6ef1-4afa-802b-704f8d91bbfb,tables,de2b27cb-6ef1-4afa-802b-704f8d91bbfb.ON_SCHET_2401-2604RP368406.pdf,Филиал АО «Компания ТрансТелеКом» «Межрегиональный филиал Восток»,7709219099,246343002,"АО ""Компания ТрансТелеКом""",7709219099,775050001,match,mismatch,match
4392,27bec843-486e-414b-807c-302d4998d815,tables,27bec843-486e-414b-807c-302d4998d815.Акт ВК Питер 2026_05.pdf,ООО «ТЕЛЕКОМ СЕРВИС»,,118470000,"ООО ""ТЕЛЕКОМ СЕРВИС""",9721081732,770801001,llm_missing,mismatch,match
4394,551c87f7-a7ca-4283-883c-8cc167bcd0c1,tables,551c87f7-a7ca-4283-883c-8cc167bcd0c1.Счет № 902697 - 1 от 28.02.2026.pdf,ПАО «Мобильные ТелеСистемы»,7740000076,997750001,"ПАО ""МТС""",7740000076,997750001,match,match,mismatch
4395,ea9b7e7d-9b4a-4b57-9164-f67f46a84a11,tables,ea9b7e7d-9b4a-4b57-9164-f67f46a84a11.Акт об оказании услуг № 5 от 28 февраля 2026 г.pdf,"ООО ""ОБЛАЧНЫЙ БАЗАР""",7715943567,771594356,"ООО ""Облачный базар""",7715943567,772501001,match,mismatch,match
4397,686f5243-c3ac-4ef7-897b-0069b14cf043,tables,686f5243-c3ac-4ef7-897b-0069b14cf043.Счет 2600289449.pdf,"АО ""ДПД РУС""",7713215523,997750001,"АО ""ДПД РУС""",7713215523,774850001,match,mismatch,match
4403,aea1253f-48d8-4ce7-b7c0-7cbed159d802,tables,aea1253f-48d8-4ce7-b7c0-7cbed159d802.Акт к заявке  PSK260310_1786_168.pdf,"ООО ""Северная Корона""",7707083893,770701001,"ООО ""Северная корона""",6027012340,602701001,mismatch,mismatch,match
4405,c7593ab5-d07a-4642-99b0-bf6f24128537,tables,c7593ab5-d07a-4642-99b0-bf6f24128537.Счет_11683fa5-204e-4f33-ac14-e3b0e5952f18.pdf,"ООО ""КОМУС""",7721793895,504145001,"ООО ""КОМУС""",7721793895,997350001,match,mismatch,match
4407,33ab48e9-4c6b-4aed-a236-db910c184fe1,tables,33ab48e9-4c6b-4aed-a236-db910c184fe1.Счет № 904504 - 1 от 31.05.2026.pdf,"Публичное акционерное общество ""Мобильные ТелеСистемы""",7740000076,997750001,"ПАО ""МТС""",7740000076,997750001,match,match,mismatch
4408,d5c52b84-0084-4a67-8acf-bb0cc4eb8fc6,tables,d5c52b84-0084-4a67-8acf-bb0cc4eb8fc6.ON_VEDOMOST_2BM-7713076301-2012052807251168061080000000000_2BM-1101301856-2012052807212867861080000000000_31032026 25.PDF,"Акционерное общество ""Коми энергосбытовая компания""",009113076001,009113076,"АО ""Коми энергосбытовая компания""",1101301856,785150001,mismatch,mismatch,match
4410,3e51ecf5-68ac-4888-a445-bbe2cda6af13,tables,3e51ecf5-68ac-4888-a445-bbe2cda6af13.900100797162_CDTP_2_31.12.2025.pdf,ПАО «Ростелеком»,7707049388,650143001,"Приморский филиал ПАО ""Ростелеком"" (Дальний Восток)",7707049388,253643002,match,mismatch,match
4414,a0230e44-fa9a-4e6f-b27b-e2427218fad4,tables,"a0230e44-fa9a-4e6f-b27b-e2427218fad4.Акт сверки на 31.03.2026, Вымпе.pdf","Общество с ограниченной ответственностью ""Управляющая компания ДЕЗ Восточного жилого района""",7713076301,,"ООО ""УК ДЕЗ ВЖР""",8602021147,860201001,mismatch,llm_missing,match
4415,bb16b514-b43f-4e05-a499-783cfc97e828,tables,bb16b514-b43f-4e05-a499-783cfc97e828.FIB25-SP1-395186 Акт КС-2 .pdf,ОБЩЕСТВО С,,,"ООО ""СК Спринт""",7814466033,781001001,llm_missing,llm_missing,mismatch
4417,639b7774-9d99-49a8-b022-653f06b9e164,tables,639b7774-9d99-49a8-b022-653f06b9e164.Акт сверки взаиморасчетов № 265 от 15 апреля 2026 г.pdf,ИП Копылова Г. Н.,222406911648,,Копылова Галина Никифоровна,222406911648,,match,both_missing,mismatch
4431,b16d4171-8907-427f-a154-62be162e5e06,tables,b16d4171-8907-427f-a154-62be162e5e06.Детализация № MB00-000631.pdf,"ООО ""Манхэттен Братеево""",1156122700,770701001,"ООО ""Манхэттен Братеево""",7724576232,772401001,mismatch,mismatch,match
4433,f8818724-e61f-463e-a17f-7b0f723246ee,tables,f8818724-e61f-463e-a17f-7b0f723246ee.26KMS26013100002  от 31.01.2026 счет ВымпелКом Кострома (переменная часть).pdf,ООО «АПР-Сити/ТВД»,7703225956,770601001,"ООО ""АПР-Сити/ТВД""",7703225956,771401001,match,mismatch,match
4459,91d16478-cd15-4a6e-a220-d9614978ac12,tables,91d16478-cd15-4a6e-a220-d9614978ac12.Счет № 906145 - 1 от 31.12.2025.pdf,"ПАО ""Мобильные ТелеСистемы""",7740000076,997750001,"ПАО ""МТС""",7740000076,997750001,match,match,mismatch
4473,3e32d544-cfdc-4383-b6a0-83fd3779f113,tables,3e32d544-cfdc-4383-b6a0-83fd3779f113.Счет_851b8e57-421e-4e0b-9015-e28f7d6a01fe.pdf,"ООО ""КОМУС""",7721793895,500945001,"ООО ""КОМУС""",7721793895,997350001,match,mismatch,match
4475,4cae37f8-2516-4929-b9e0-bfa8c6634258,tables,4cae37f8-2516-4929-b9e0-bfa8c6634258.Счет на оплату № 87 от 01 июля 2026 г.pdf,ИП Хамидуллина Е. Н.,540435298705,,ИП Хамидуллина Елена Назымовна,540435298705,,match,both_missing,mismatch
4476,f16d4c08-bcf4-4857-aea4-68a1aa87b00e,tables,f16d4c08-bcf4-4857-aea4-68a1aa87b00e.КС-2.pdf,"Общество с ограниченной ответственностью ""Ария ТВ""",,724944270,"ООО ""АРИЯ ТВ""",7838025743,783901001,llm_missing,mismatch,match
4486,675243be-519d-496a-9227-5b5ae91c74ae,tables,675243be-519d-496a-9227-5b5ae91c74ae.49 MOBILE_25314411 Акт № 260228-0037 от 28.02.2026.pdf,ООО «ЭхЭхЭк»,7707083893,770701001,"ООО ""ЛАЙОН КОММЬЮНИКЕЙШНЗ""",7743068844,771401001,mismatch,mismatch,mismatch
4487,40942d02-3f59-4869-9aaf-b0eb6a556b47,tables,40942d02-3f59-4869-9aaf-b0eb6a556b47.SF9100191395.pdf,Краснодарское отделение №8619 ПАО Сбербанк,7713076301,997750001,"Кавказский филиал ПАО ""МегаФон""",7812014560,230802001,mismatch,mismatch,mismatch
4488,8783682e-bbb6-41e0-b714-7f3e272ad53c,tables,8783682e-bbb6-41e0-b714-7f3e272ad53c.Счет_a21ea14a-ea61-464f-96ff-6197519441f0.pdf,"ООО ""КОМУС""",7721793895,781145001,"ООО ""КОМУС""",7721793895,997350001,match,mismatch,match
4489,9d0346e1-cfea-42c8-b4c2-b2cc5e167b79,tables,9d0346e1-cfea-42c8-b4c2-b2cc5e167b79.900600684527_CDTP_2_31.05.2026.pdf,ПАО «Ростелеком»,7707049388,143543001,"Приморский филиал ПАО ""Ростелеком"" (Дальний Восток)",7707049388,253643002,match,mismatch,match
4493,205918ce-a5c1-467b-ade7-8e2221c1ddd0,tables,205918ce-a5c1-467b-ade7-8e2221c1ddd0.Счет № 900454 - 1 от 30.04.2026.pdf,"Публичное акционерное общество ""Мобильные ТелеСистемы""",7740000076,997750001,"ПАО ""МТС""",7740000076,997750001,match,match,mismatch
4499,fe5956f0-0cb6-46ff-bdba-f7d33bea581b,tables,fe5956f0-0cb6-46ff-bdba-f7d33bea581b.Счет № 832148 - 1 от 31.03.2026.pdf,"ПАО ""МТС""",7740000076,781343001,"ПАО ""МТС""",7740000076,997750001,match,mismatch,match
4501,08a75227-3442-4c8f-8000-7597930e0906,tables,08a75227-3442-4c8f-8000-7597930e0906.Akt_sverki_vzaimoraschetov.pdf,"ООО ""ТРК ""ПРИМОРСКОЕ КОЛЬЦО""",2502053585,250205358,"ООО ""ТРК ""ПРИМОРСКОЕ КОЛЬЦО""",2502053585,250201001,match,mismatch,match
4504,3e9f45d3-6e90-4984-a36d-b334b32f9d3e,tables,3e9f45d3-6e90-4984-a36d-b334b32f9d3e.Акт сдачи май.pdf,Акционерное общество «Московский узел связи энергетики»,,,"АО ""МУС ЭНЕРГЕТИКИ""",7705039240,773101001,llm_missing,llm_missing,mismatch
4515,7f44c57b-850a-4521-84a0-494ac3460347,tables,7f44c57b-850a-4521-84a0-494ac3460347.Счет на оплату № 75 от 05 мая 2026 г Билайн.pdf,ИП Немцев Д. В.,220904716710,,ИП Немцев Дмитрий Валентинович,220904716710,,match,both_missing,mismatch
4520,5fbd06e9-8b63-4e0e-b97e-9bf7e49d3948,tables,5fbd06e9-8b63-4e0e-b97e-9bf7e49d3948.Акт выполненных работ № 1 от 31.01.2026.pdf,"ТСЖ ""Краском-32""",6663074689,666801001,"ТСЖ ""Краском-32""",6663074689,668601001,match,mismatch,match
4521,b512d20c-aa93-4fd3-99cb-c4b089f3bbd2,tables,b512d20c-aa93-4fd3-99cb-c4b089f3bbd2.СФ_Счет_124100592-0604_4027К66_2026.04_01.pdf,"Общество с ограниченной ответственностью ""ЕЭС-Гарант""",5024173259,667043001,"ООО ""ЕЭС-ГАРАНТ""",5024173259,775050001,match,mismatch,match
4522,92f8ee95-6b7e-43d3-a611-c31c235d3032,tables,92f8ee95-6b7e-43d3-a611-c31c235d3032.СФ_Счет_124100300-0604_4027К66_2026.02_01.pdf,"Общество с ограниченной ответственностью ""ЕЭС-Гарант""",5024173259,667043001,"ООО ""ЕЭС-ГАРАНТ""",5024173259,775050001,match,mismatch,match
4524,eaf973f1-9348-4744-89d4-74d0758b854c,tables,eaf973f1-9348-4744-89d4-74d0758b854c.Расчет компенсации расходов на электроэнергию Вымпелком 1806-февраль-2026.pdf,Краснодарский КРТПЦ,,,РТРС,7717127211,771701001,llm_missing,llm_missing,mismatch
4526,f3c59412-4d77-4d49-a159-31c500ecfc52,tables,f3c59412-4d77-4d49-a159-31c500ecfc52.900100717365_CDTP_2_28.02.2026.pdf,ПАО «Ростелеком»,7707049388,650143001,"Приморский филиал ПАО ""Ростелеком"" (Дальний Восток)",7707049388,253643002,match,mismatch,match
4528,6f1fff2a-db52-4be7-a19a-82ddfa0fb58e,tables,6f1fff2a-db52-4be7-a19a-82ddfa0fb58e.счет ЕКТ НС  Вымпелком КС 04.26.pdf,"ОАО ""РЖД""",7708503727,997650001,Центральная станция связи ОАО «РЖД»,7708503727,771843001,match,mismatch,mismatch
4529,00942f08-1304-4441-9343-3083deacb65c,tables,00942f08-1304-4441-9343-3083deacb65c.ON_BILL_2BM_2BM_20260401_735129903#9264952#I.pdf,"Северо-Западный филиал ПАО ""МегаФон""",7812014560,780143001,"Северо-Западный филиал ПАО ""МегаФон""",7812014560,784143001,match,mismatch,match
4530,6d2ca940-188c-4620-89e7-c5c57a953a27,tables,6d2ca940-188c-4620-89e7-c5c57a953a27.Schet_na_oplatu__1362_ot_04_iyunya_2026_g.pdf,ИП Вязенкин Е. А.,232008955265,,Вязенкин Евгений Александрович,232008955265,,match,both_missing,mismatch
4533,6a106207-1112-409f-b70b-1ffdf32c8035,tables,6a106207-1112-409f-b70b-1ffdf32c8035.УПД (статус 2) № 661 от 31 декабря 2025 г.pdf,"ПАО ""МЕГАФОН""",7812014560,,"ООО ""ТЕХВЫСОТА""",6311185926,631101001,mismatch,llm_missing,mismatch
4534,10ae2683-f243-4184-a3ef-e20b3c7f0a87,tables,10ae2683-f243-4184-a3ef-e20b3c7f0a87.900700733020_CDTP_2_31.05.2026.pdf,ПАО «Ростелеком»,7707049388,213043001,"Нижегородский филиал ПАО ""Ростелеком"" (Волга)",7707049388,526043002,match,mismatch,match
4535,02c006cc-5f6f-4c8f-8088-2a0cf4d9fcb0,tables,02c006cc-5f6f-4c8f-8088-2a0cf4d9fcb0.Счет № 904811 - 1 от 31.12.2025.pdf,"ПАО ""Мобильные ТелеСистемы""",7740000076,997750001,"ПАО ""МТС""",7740000076,997750001,match,match,mismatch
4536,0b0bd492-7b0e-426d-be70-7b7f4865eede,tables,0b0bd492-7b0e-426d-be70-7b7f4865eede.Schet_na_oplatu__331_ot_28_fevralya_2026_g.pdf,"МЕЖДУНАРОДНАЯ КОМПАНИЯ ОБЩЕСТВО С ОГРАНИЧЕННОЙ ОТВЕТСТВЕННОСТЬЮ ""БРАЙС ДЕВЕЛОПМЕНТ""",3900005350,771443001,"МКООО ""БРАЙС ДЕВЕЛОПМЕНТ""",3900005350,390001001,match,mismatch,match
4544,784de874-827b-4246-98bd-ebe0d58eb950,tables,784de874-827b-4246-98bd-ebe0d58eb950.ЮЛ_Счет_1.pdf,"Абаканский отдел Восточно-Сибирского филиала ООО ""РУСЭНЕРГОСБЫТ""",7706284124,380802001,"ООО ""РУСЭНЕРГОСБЫТ""",7706284124,770401001,match,mismatch,match
4547,a96e8d2c-4f46-429e-b7ef-463459516f18,tables,a96e8d2c-4f46-429e-b7ef-463459516f18.Акт демонтажа БС 25393.pdf,"ООО ""ПАРИТЕТ""",5029254550,502925455,"ООО ""ПАРИТЕТ""",5029254550,504401001,match,mismatch,match
4549,7fc0bc82-4aa4-4aba-8279-594278d17a8c,tables,7fc0bc82-4aa4-4aba-8279-594278d17a8c.Э_Счет-фактура № Э-10-027106 от 31.03.2026.pdf,"ООО ""ИТ Недвижимость""",7702587400,503601001,"ООО ""ПОБЕДА""",5036127673,503601001,mismatch,match,mismatch
4550,996549dc-a3aa-4b5b-8052-fabaf8d6f745,tables,996549dc-a3aa-4b5b-8052-fabaf8d6f745.расчетная 31.03.25.pdf,"ОБЩЕСТВО С ОГРАНИЧЕННОЙ ОТВЕТСТВЕННОСТЬЮ ""СБСВ-КЛЮЧАВТО ОЛИМП""",7842344848,236801001,"ООО ""СБСВ-КЛЮЧАВТО ОЛИМП""",7842344848,509950001,match,mismatch,match
4559,2ad423bd-3267-460d-a0b4-b16bf5d8a273,tables,2ad423bd-3267-460d-a0b4-b16bf5d8a273.900700549433_CDTP_2_31.12.2025.pdf,ПАО «Ростелеком»,7707049388,420543001,"Новосибирский филиал ПАО ""Ростелеком"" (Сибирь)",7707049388,540643001,match,mismatch,match
4564,db5be77c-b0bc-452b-a8be-42ad5f1bdba6,tables,db5be77c-b0bc-452b-a8be-42ad5f1bdba6.Счет_6942e594-7b94-4d18-a4dd-44186e645939.pdf,"ООО ""КОМУС""",7721793895,500945001,"ООО ""КОМУС""",7721793895,997350001,match,mismatch,match
4565,a2f0b119-5005-49c1-9088-4260d7c18b8f,tables,"a2f0b119-5005-49c1-9088-4260d7c18b8f.д.1319 ВымпелКом, ПАО^.pdf","ПАО ""Россети Ленэнерго""",,,"АО ""РОССЕТИ ЦИФРА""",7705307770,773401001,llm_missing,llm_missing,mismatch
4570,b17c8668-6c57-4783-906b-7a433a30866f,tables,b17c8668-6c57-4783-906b-7a433a30866f.Акт об оказании услуг № 2480 от 27 апреля 2026 г.pdf,"ООО ""ПРОТОН""",7802119050,780201001,"ООО ""Протон""",7802119050,780401001,match,mismatch,match
4573,fe4a8191-a0c0-41ee-9da2-e8ba26654005,tables,fe4a8191-a0c0-41ee-9da2-e8ba26654005.Акт № 297 от 31.03.2026.pdf,ИП Ежков А. Г.,165060974030,,Ежков Александр Григорьевич,165060974030,,match,both_missing,mismatch
4583,9c75e17c-94c8-49c9-8ec3-ad76333bbfca,tables,9c75e17c-94c8-49c9-8ec3-ad76333bbfca.02.2026 Акт снятия показаний с приборов учета расхода электроэнергии.pdf,ООО «ЛайтХаус»,1147790000,780101001,"ООО ""ЛайтХаус""",7813521852,780201001,mismatch,mismatch,match
4584,3e6258ea-2f54-4830-950d-edde3ee0467e,tables,3e6258ea-2f54-4830-950d-edde3ee0467e.Счет_757a09a6-7cda-4269-b666-9338c6d9b87b.pdf,"ООО ""КОМУС""",7721793895,541045001,"ООО ""КОМУС""",7721793895,997350001,match,mismatch,match
4589,814dc802-d283-4f3d-afec-34038c482d28,tables,814dc802-d283-4f3d-afec-34038c482d28.900900589724_CDTP_2_31.03.2026.pdf,ПАО «Ростелеком»,7707049388,631543001,"Нижегородский филиал ПАО ""Ростелеком"" (Волга)",7707049388,526043002,match,mismatch,match
4594,67ef2e90-b865-473b-a8b0-242c75cc83d0,tables,67ef2e90-b865-473b-a8b0-242c75cc83d0.Счёт №440 от 30 июня 2026.pdf,"ООО ""ГУОДОНГ""",9709124154,772801001,"ООО ""ГУОДОНГ""",9709124154,772501001,match,mismatch,match
4601,a595b396-be0f-4855-9839-2eb2fa8b6bbf,tables,a595b396-be0f-4855-9839-2eb2fa8b6bbf.Счет на оплату покупателю № 82 от 01 июня 2026 г..pdf,Акционерное общество «Системный оператор Единой энергетической системы»,7705454461,263202001,"АО ""СО ЕЭС""",7705454461,770501001,match,mismatch,match
4612,bee1242b-b6ee-4ab4-ba48-5d20e4875be6,tables,bee1242b-b6ee-4ab4-ba48-5d20e4875be6.Г_Счет-фактура № 9160 от 30.04.2026.pdf,"ООО ""ИТ Недвижимость""",7702587400,503601001,"ООО ""ПОБЕДА""",5036127673,503601001,mismatch,match,mismatch
4616,d8da8e47-fea9-4d5c-8e7f-e6271914ff10,tables,d8da8e47-fea9-4d5c-8e7f-e6271914ff10.ON_SCHET_6101-2605RP312505.pdf,Филиал АО «Компания ТрансТелеКом» «Межрегиональный филиал Запад»,7709219099,616443002,"АО ""Компания ТрансТелеКом""",7709219099,775050001,match,mismatch,match
4621,3c7b3367-05f7-4a0f-92b1-aea7ea00efa3,tables,3c7b3367-05f7-4a0f-92b1-aea7ea00efa3.raschet_Chkalova_yanvar.pdf,ИП Баландин К. Н.,,,Баландин Константин Николаевич,482412242220,,llm_missing,both_missing,mismatch
4623,c39fed84-b590-431b-8f39-dde8ead57973,tables,c39fed84-b590-431b-8f39-dde8ead57973.А20 УПД 31.03.26 № 12 ЭЭ.pdf,"ООО УК ""АЛЬФА-КАПИТАЛ Д.У. Закрытым паевым инвестиционным фондом недвижимости ""АКТИВО ДВАДЦАТЬ""",7728142469,785250001,"ООО УК ""Альфа-Капитал""",7728142469,770301001,match,mismatch,match
4629,c36bd4b7-9253-47f1-94ff-3c02b53c9ec0,tables,c36bd4b7-9253-47f1-94ff-3c02b53c9ec0.SF9100188059.pdf,"УРАЛЬСКИЙ ФИЛИАЛ ПАО ""МЕГАФОН""",7812014560,407028103,"Уральский филиал ПАО ""МегаФон"".",7812014560,667003001,match,mismatch,match
4630,dc443385-2d49-45c9-8788-f1d9d66d7278,tables,"dc443385-2d49-45c9-8788-f1d9d66d7278.АКТ  г. Гай, ул. Ленина, д. 48 АМДОКС C035006.pdf",ООО Сама РА,7707083893,770701001,"ООО ""САМА РА""",6315006543,631701001,mismatch,mismatch,match
4633,ca132a6e-83a2-444d-95c8-38444783c7d5,tables,ca132a6e-83a2-444d-95c8-38444783c7d5.Schet-faktura.pdf,ИП Толстых Д. В.,220400816200,220400816,Толстых Дмитрий Владимирович,220400816200,,match,edo_missing,mismatch
4637,152dd1e3-2df8-4971-b888-2120d839b618,tables,152dd1e3-2df8-4971-b888-2120d839b618.Счет пересчет Вымпелком.pdf,АО «АЛЬФА-БАНК»,,623443001,"АО ""РОССЕЛЬХОЗБАНК""",7725114488,997950001,llm_missing,mismatch,mismatch
4638,c01ccd20-de5f-41bd-8d05-c19488ce9cfd,tables,c01ccd20-de5f-41bd-8d05-c19488ce9cfd.СЧЕТ 2 Вымпелком  коммуналка   Апрель 2026.pdf,ИП Любарский Ф.В.,231900338286,,Любарский Феликс Вольфович,231900338286,,match,both_missing,mismatch
4641,f75ff4da-7c89-4052-aede-3d6d02945379,tables,f75ff4da-7c89-4052-aede-3d6d02945379.900000733058_CDTP_2_31.12.2025.pdf,ПАО «Ростелеком»,7707049388,631543001,"Нижегородский филиал ПАО ""Ростелеком"" (Волга)",7707049388,526043002,match,mismatch,match
4643,34cb8830-3641-47ba-ada5-91313af6370a,tables,34cb8830-3641-47ba-ada5-91313af6370a.Счет № 907508 - 1 от 28.02.2026.pdf,"Публичное акционерное общество ""Мобильные ТелеСистемы""",7740000076,997750001,"ПАО ""МТС""",7740000076,997750001,match,match,mismatch
4644,77d98cf1-70a6-41bb-be7a-254d05de8826,tables,77d98cf1-70a6-41bb-be7a-254d05de8826.Акт об оказании услуг № ГУ-228 от 31.01.2026.pdf,"КГА ПОУ ""Региональный технический колледж""",2537019320,253701001,"КГА ПОУ ""РТК""",2537019320,253701001,match,match,mismatch
4646,6b296b53-2502-4827-9386-73ba2c46a1c8,tables,6b296b53-2502-4827-9386-73ba2c46a1c8.КС-2 №129 от 21.02.2026.pdf,"ООО ""ФОРТ-КОНТРОЛЬ""",7722059006,772201001,"ООО ""ФОРТ-КОНТРОЛЬ""",5040125816,504001001,mismatch,mismatch,match
4647,0f7d6df5-f02f-487e-8370-5010b26007c9,tables,"0f7d6df5-f02f-487e-8370-5010b26007c9.30 счет вк лс 340787 сумма 179 803,60.pdf","ОАО ""РЖД""",7708503727,997650001,Центральная станция связи ОАО «РЖД»,7708503727,771843001,match,mismatch,mismatch
4657,ad0ef052-ae5c-4860-86e2-9c814b9d7cd0,tables,ad0ef052-ae5c-4860-86e2-9c814b9d7cd0.ФИНАЛ_АКТ к Приложению 10 Вымпелком (Догги) (1).pdf,Общество с ограниченной ответственностью «РВВ Филм»,7703095698,770301001,"ООО ""Рвв Филм""",7717775822,772801001,mismatch,mismatch,match
4664,9bcec5e1-8b1b-46b9-bdb3-b090b18369ae,tables,9bcec5e1-8b1b-46b9-bdb3-b090b18369ae.Счет на оплату № 44 от 31 марта 2026 г.pdf,"ООО ""ЛАДОГА""",7811611902,781101001,"ООО ""ЛАДОГА""",7811611902,780201001,match,mismatch,match
4665,fa6db542-d52a-46d7-aaf0-5fb69ebe9c0a,tables,fa6db542-d52a-46d7-aaf0-5fb69ebe9c0a.Акт сверки ПТ-2011-03-22.pdf,"ООО ""Новотелеком""",5406260827,540626082,"ООО ""Новотелеком""",5406260827,540601001,match,mismatch,match
4669,c675291e-a369-473c-b9b9-89da7c4c2ebf,tables,c675291e-a369-473c-b9b9-89da7c4c2ebf.Счет_График_15176165_20260401.pdf,"Публичное акционерное общество ""Пермская энергосбытовая компания""",5904123809,590401001,"ПАО ""ПЕРМЭНЕРГОСБЫТ""",5904123809,590401001,match,match,mismatch
4673,e529ad31-40b2-4973-9764-d977d109bfbd,tables,e529ad31-40b2-4973-9764-d977d109bfbd.Акт к заявке  PSK260601_1786_182.pdf,ООО «Северная Корона»,7707083893,770701001,"ООО ""Северная корона""",6027012340,602701001,mismatch,mismatch,match
4674,9bd05993-dfd7-4c64-b46c-2437585292c5,tables,9bd05993-dfd7-4c64-b46c-2437585292c5.Счет на оплату № 11 от 31 марта 2026 г..pdf,"ООО ""ГРАНД ВЭЙ""",2635219430,263401001,"ООО ""ГРАНД ВЭЙ""",2635219430,263501001,match,mismatch,match
4681,9e4c6a0f-9539-4977-b1a9-0db82703f77b,tables,9e4c6a0f-9539-4977-b1a9-0db82703f77b.ЗАК175-Д24442ВК-ЛКСП-24_106 PR_26099342 Копия документов 3х лиц № 260331-149 от 31.03.2026.pdf,Общество с ограниченной ответственностью «ЭмЭмЭс Коммьюникейшнз»,7714328921,,"ООО ""ЛАЙОН КОММЬЮНИКЕЙШНЗ""",7743068844,771401001,mismatch,llm_missing,mismatch
4683,ae7963e6-2873-4741-af71-863d724fccd2,tables,ae7963e6-2873-4741-af71-863d724fccd2.ON_SCHET_0010930000001788-9300350010_20260303_20260304_69A6A0A2-2563-CEF0-E100-80000A164040pdf.pdf,"Открытое акционерное общество ""Российские железные дороги""",7708503727,997650001,"Октябрьская железная дорога – филиал ОАО ""РЖД""",7708503727,784043001,match,mismatch,mismatch
4690,85c598dc-d71e-4b9f-9bf5-0d7e4e58c8ad,tables,85c598dc-d71e-4b9f-9bf5-0d7e4e58c8ad.Счет на оплату № 203 от 31 января 2026 г.pdf,"ООО ""Русский Мастер""",5404070958,772001001,"ООО ""РУССКИЙ МАСТЕР""",5404070958,772901001,match,mismatch,match
4691,4450f4d7-70af-4d43-93ed-f8678e5d1839,tables,4450f4d7-70af-4d43-93ed-f8678e5d1839.ON_SCHET_2401-2604RP312844.pdf,Филиал АО «Компания ТрансТелеКом» «Межрегиональный филиал Восток»,7709219099,246343002,"АО ""Компания ТрансТелеКом""",7709219099,775050001,match,mismatch,match
4696,02e4b1e0-8b81-4e12-807e-b1ee9d1a5202,tables,02e4b1e0-8b81-4e12-807e-b1ee9d1a5202.Акт №16857 от 31.12.25.pdf,"ООО ""Сибирские городки""",7708411586,770801001,Крамской Леонид Михайлович,246520170466,,mismatch,edo_missing,mismatch
4697,da5ec1fd-c438-4bd1-93e9-ee9c3a1afd98,tables,da5ec1fd-c438-4bd1-93e9-ee9c3a1afd98.Акт сверки взаиморасчетов № 244 от 31 декабря 2025 г (2).pdf,"ООО ""ВИНТЕО""",2312200249,231220024,"ООО ""ВИНТЕО""",2312200249,231201001,match,mismatch,match
4698,b9efce55-bbb5-47c3-b715-22b9ca3e0c3f,tables,b9efce55-bbb5-47c3-b715-22b9ca3e0c3f.Счет-фактура №65493 от 31.03.26.pdf,АО «Самарагорэнергосбыт»,6316138990,,Голованова Инна Анатольевна,631229607498,,mismatch,both_missing,mismatch
4702,45c7a37a-e0f2-4fdb-952b-bbb64bcd8616,tables,45c7a37a-e0f2-4fdb-952b-bbb64bcd8616.900100993152_CDTP_2_31.12.2025.pdf,ПАО «Ростелеком»,7707049388,213043001,"Нижегородский филиал ПАО ""Ростелеком"" (Волга)",7707049388,526043002,match,mismatch,match
4706,53b7d48d-079f-420d-9da1-5d368bfd76ad,tables,53b7d48d-079f-420d-9da1-5d368bfd76ad.Счет № 906939 - 1 от 28.02.2026.pdf,"Публичное акционерное общество ""Мобильные ТелеСистемы""",7740000076,997750001,"ПАО ""МТС""",7740000076,997750001,match,match,mismatch
4711,fc1e7214-3c92-4b5f-9c43-c14a0309b7d3,tables,fc1e7214-3c92-4b5f-9c43-c14a0309b7d3.Счет на оплату № 165 от 31 января 2026 г.pdf,"ООО ""Русский Мастер""",5404070958,772001001,"ООО ""РУССКИЙ МАСТЕР""",5404070958,772901001,match,mismatch,match
4723,0f770b23-eacd-4cea-abe6-3a32a5762136,tables,0f770b23-eacd-4cea-abe6-3a32a5762136.АктВыдачи_WXX-5133002-1YAR310KW.PDF,"ООО ""ТЕХСИТИСЕРВИС""",7707083893,770701001,"ООО ""СТА Карго""",7810825228,781401001,mismatch,mismatch,mismatch
4728,35b46d8d-31f8-456b-b4b7-0b5afa37f1da,tables,35b46d8d-31f8-456b-b4b7-0b5afa37f1da.900500580502_CDTP_2_31.05.2026.pdf,ПАО «Ростелеком»,7707049388,246643001,"Новосибирский филиал ПАО ""Ростелеком"" (Сибирь)",7707049388,540643001,match,mismatch,match
4734,7cf01fd3-ff1c-4882-b942-b042995a5035,tables,7cf01fd3-ff1c-4882-b942-b042995a5035.Счет № 52 от 31.01.2026.pdf,"ООО ""РТК ТрансЛайн""",2225155247,770145001,"ООО ""РТК ТРАНСЛАЙН""",2225155247,222101001,match,mismatch,match
4739,9e57e2a7-890d-4c62-9952-f61da837e9e7,tables,9e57e2a7-890d-4c62-9952-f61da837e9e7.Счет_43eae5a4-48af-45ce-8d64-a958e227990a.pdf,"ООО ""КОМУС""",7721793895,500945005,"ООО ""КОМУС""",7721793895,997350001,match,mismatch,match
4742,97252ee6-63d2-42ee-9e2f-adbc81f5fd10,tables,97252ee6-63d2-42ee-9e2f-adbc81f5fd10.12_2025_Акт оказанных услуг ПАО ВымпелКом (инкассация) .docx.pdf,АО «Российский Сельскохозяйственный банк»,7707083893,770701001,"АО ""РОССЕЛЬХОЗБАНК""",7725114488,997950001,mismatch,mismatch,match
4746,45c6da43-9d50-4b02-8550-618acfabdddb,tables,45c6da43-9d50-4b02-8550-618acfabdddb.900201195176_CDTP_2_31.05.2026.pdf,ПАО «Ростелеком»,7707049388,561243001,"Нижегородский филиал ПАО ""Ростелеком"" (Волга)",7707049388,526043002,match,mismatch,match
4761,b6e10b54-1e24-45b4-b900-f6bc5eda3c9e,tables,b6e10b54-1e24-45b4-b900-f6bc5eda3c9e.Счет 2600273484.pdf,"АО ""ДПД РУС""",7713215523,997750001,"АО ""ДПД РУС""",7713215523,774850001,match,mismatch,match
4770,04beabe5-9686-428c-9d62-2e2b4dce5ca0,tables,04beabe5-9686-428c-9d62-2e2b4dce5ca0.Schet_na_oplatu__456_ot_31_marta_2026_g.pdf,"МЕЖДУНАРОДНАЯ КОМПАНИЯ ОБЩЕСТВО С ОГРАНИЧЕННОЙ ОТВЕТСТВЕННОСТЬЮ ""БРАЙС ДЕВЕЛОПМЕНТ""",3900005350,771443001,"МКООО ""БРАЙС ДЕВЕЛОПМЕНТ""",3900005350,390001001,match,mismatch,match
4775,a7b68084-6590-4427-a925-f0de8ef0c0c1,tables,a7b68084-6590-4427-a925-f0de8ef0c0c1.Schet_pokupatelyu_(svodnyy_po_uslugam).pdf,ИП Семенов В. С.,026826442951,,Семенов Владлен Сергеевич,026826442951,,match,both_missing,mismatch
4778,cd03a66a-b033-45b2-a402-f0b15cb050af,tables,cd03a66a-b033-45b2-a402-f0b15cb050af.АКТ ДС 72 от 15.05.2026.pdf,ООО «РТК-Сервис»,7707019877,,"ООО ""РТК-СЕРВИС""",7704356630,771701001,mismatch,llm_missing,match
4790,5acddf61-e590-4faa-8f12-8460861c0082,tables,5acddf61-e590-4faa-8f12-8460861c0082.Аванс №4 по договору 3391 (ЛС 9100).pdf,"АО ""Барнаульская горэлектросеть""",2221008019,222101001,Муравьева Людмила Васильевна,222101289341,,mismatch,edo_missing,mismatch
4792,fa37395f-0975-46ac-af10-716b5c8a0f17,tables,fa37395f-0975-46ac-af10-716b5c8a0f17.900100596970_CDTP_2_31.05.2026.pdf,ПАО «Ростелеком»,7707049388,631543001,"Нижегородский филиал ПАО ""Ростелеком"" (Волга)",7707049388,526043002,match,mismatch,match
4801,9a6a47f7-bcee-4f34-bf11-ff41b28f9b78,tables,9a6a47f7-bcee-4f34-bf11-ff41b28f9b78.Счет на оплату № 2289 от 11 июня 2026 г.pdf,"ООО ""УК ""ПЕРСПЕКТИВА - УПРАВЛЕНИЕ НЕДВИЖИМОСТЬЮ""",5902244773,590301001,"ООО ""УК ""ПУН""",5902244773,590301001,match,match,mismatch
4806,8f46aacf-baf5-48e3-a552-ada686782b4e,tables,8f46aacf-baf5-48e3-a552-ada686782b4e.Акт об оказании услуг № 299 от 31 мая 2026 г.pdf,"ООО ""АК СОЛЮШНЗ""",7724933808,772701001,"ООО ""Ак Солюшнз""",7724933808,773601001,match,mismatch,match
4810,e7ab1081-52b6-498e-9fdf-b0b4779b671c,tables,e7ab1081-52b6-498e-9fdf-b0b4779b671c.Расшифровка к СчФ итоговой_01.12.2025_31.12.2025_ИННРСО5406993045_КППРСО540601001_ИНН7713076301_КПП540503001_ID04122_507_122591559.pdf,ООО «НТСК»,7707083893,770701001,ООО «СИБИРСКАЯ ТЕПЛОСБЫТОВАЯ КОМПАНИЯ»,2462222097,772501001,mismatch,mismatch,mismatch
4815,2e7b8d05-4351-4a3c-9a27-28c188247bc0,tables,2e7b8d05-4351-4a3c-9a27-28c188247bc0.Счет_e45752c9-c317-4735-b993-6bd15d0901e1.pdf,"ООО ""КОМУС""",7721793895,781145001,"ООО ""КОМУС""",7721793895,997350001,match,mismatch,match
4816,97ef8f28-fb39-4bd4-be8f-a5e65d6630a1,tables,97ef8f28-fb39-4bd4-be8f-a5e65d6630a1.ON_SCHET_6101-2601RP326431.pdf,Филиал АО «Компания ТрансТелеКом» «Межрегиональный филиал Запад»,7709219099,616443002,"АО ""Компания ТрансТелеКом""",7709219099,775050001,match,mismatch,match
4818,ac0b254b-e3f1-44b1-805e-b7d2e7d80a18,tables,ac0b254b-e3f1-44b1-805e-b7d2e7d80a18.ЭМ_40-40 Билайн_офисы. ОП Благовещенск. Февраль 2026 - Акт.pdf,"ООО ""ЭКОМАКС""",,,"ООО ""ЭМ""",5404083146,540401001,llm_missing,llm_missing,mismatch
4821,ca4feb8d-0cbe-47f8-a85f-b6f2fe4bffed,tables,ca4feb8d-0cbe-47f8-a85f-b6f2fe4bffed.А20 Счет на оплату № 143 от 05 мая 2026 г ССК.pdf,"ООО ""ССК-ЦЕНТР""",7327071267,732701001,"ООО УК ""Альфа-Капитал""",7728142469,770301001,mismatch,mismatch,mismatch
4828,7c2ef45f-1f9c-45ec-89b4-34518d19e2f5,tables,7c2ef45f-1f9c-45ec-89b4-34518d19e2f5.ЗАК297-Д24442ВК-ЛКСП-24_118 PR_26145996 Копия документов 3х лиц № 260430-124 от 30.04.2026.pdf,Общество с ограниченной ответственностью «ЭмЭмЭс Коммьюникейшнз»,7714328921,,"ООО ""ЛАЙОН КОММЬЮНИКЕЙШНЗ""",7743068844,771401001,mismatch,llm_missing,mismatch
4830,62c9e459-bc5a-438f-9010-a130e20ebb38,tables,62c9e459-bc5a-438f-9010-a130e20ebb38.!Utilities December 2025 Вымпел-коммуникации.pdf,"ЧООО ""Лотте Еуроп Инвестмент Б. В.""",,,"Филиал частного общества с ограниченной отвественностью ""ЛОТТЕ Еуроп Инвестмент Б. В.""",9909290737,774751001,llm_missing,llm_missing,mismatch
4831,e10e281f-f70b-408c-b114-875cb466c605,tables,e10e281f-f70b-408c-b114-875cb466c605.Счет на оплату № 91 от 31 января 2026 г.pdf,"ООО ""Русский Мастер""",5404070958,772001001,"ООО ""РУССКИЙ МАСТЕР""",5404070958,772901001,match,mismatch,match
4833,7f443dd8-0b14-49ba-9e6f-cf8fbf5c31cf,tables,7f443dd8-0b14-49ba-9e6f-cf8fbf5c31cf.Детализация № MD00-001987.pdf,"ООО ""Манхэттен Девелопмент""",115612200000,115612200,"ООО ""МАНХЭТТЕН ДЕВЕЛОПМЕНТ""",6319107260,772401001,mismatch,mismatch,match
4835,26ae2b99-7f0c-450c-84d4-4bda2ae5d23c,tables,26ae2b99-7f0c-450c-84d4-4bda2ae5d23c.ON_SCHET_2401-2512RP368439.pdf,Филиал АО «Компания ТрансТелеКом» «Межрегиональный филиал Восток»,7709219099,770701001,"АО ""Компания ТрансТелеКом""",7709219099,775050001,match,mismatch,match
4837,03bab81b-3f80-485e-9a24-15fb8404304d,tables,03bab81b-3f80-485e-9a24-15fb8404304d.900000684553_CDTP_2_31.05.2026.pdf,ПАО «Ростелеком»,7707049388,280143001,"Приморский филиал ПАО ""Ростелеком"" (Дальний Восток)",7707049388,253643002,match,mismatch,match
4841,e1449284-894a-4ad1-bef0-cfc2b721d008,tables,e1449284-894a-4ad1-bef0-cfc2b721d008.АПП Стриж Плюс-СтройСтандарт_Вологда.docx.pdf,ООО «Стройстандарт»,,,"ООО ""СТРИЖ ПЛЮС""",3528251618,501801001,llm_missing,llm_missing,mismatch
4848,b1acf977-9c89-4302-bf8f-9582ccd60f83,tables,b1acf977-9c89-4302-bf8f-9582ccd60f83.Счет_c85061ed-54a2-40c7-a0a0-d34a1fb48526.pdf,"ООО ""КОМУС""",7721793895,541045001,"ООО ""КОМУС""",7721793895,997350001,match,mismatch,match
4853,33b49cc3-54da-43c7-904b-71742a9f6931,tables,33b49cc3-54da-43c7-904b-71742a9f6931.Счет № 904261 - 1 от 31.01.2026.pdf,"Публичное акционерное общество ""Мобильные ТелеСистемы""",7740000076,997750001,"ПАО ""МТС""",7740000076,997750001,match,match,mismatch
4854,2d67fd6e-e095-40b5-8711-88a1590c1f3a,tables,2d67fd6e-e095-40b5-8711-88a1590c1f3a.Счет № 11 П.xlsx.pdf,"Челябинский РФ АО ""Россельхозбанк""",7725114488,772511448,"АО ""РОССЕЛЬХОЗБАНК""",7725114488,997950001,match,mismatch,match
4869,daa97aa1-c5c3-48a9-ba84-573db53e6a95,tables,daa97aa1-c5c3-48a9-ba84-573db53e6a95.НВ_СчетНаОплату_по_Договору№4264_Документ№22059725.PDF,"Общество с ограниченной ответственностью ""БАРНАУЛЬСКИЙ ВОДОКАНАЛ""",2221064060,222401001,Муравьева Людмила Васильевна,222101289341,,mismatch,edo_missing,mismatch
4870,e3b04604-760b-4f4e-9205-69303980070f,tables,e3b04604-760b-4f4e-9205-69303980070f.900300724688_CDTP_2_31.01.2026.pdf,ПАО «Ростелеком»,7707049388,434543001,"Нижегородский филиал ПАО ""Ростелеком"" (Волга)",7707049388,526043002,match,mismatch,match
4879,0531e6c4-86ae-4cbd-a32c-90db5c307d12,tables,0531e6c4-86ae-4cbd-a32c-90db5c307d12.ЗАК300-Д24442ВК-ЛКСП-24_156 PR_26145974 Копия документов 3х лиц № 260430-155 от 30.04.2026.pdf,Общество с ограниченной ответственностью «ЭмЭмЭс Коммьюникейшнз»,,,"ООО ""ЛАЙОН КОММЬЮНИКЕЙШНЗ""",7743068844,771401001,llm_missing,llm_missing,mismatch
4883,7ccb3bd8-af69-487d-bdad-58e961e892a7,tables,7ccb3bd8-af69-487d-bdad-58e961e892a7.КС-2 №351 от 01.04.2026.pdf,"ООО ""ФОРТ-КОНТРОЛЬ""",7725549895,772554989,"ООО ""ФОРТ-КОНТРОЛЬ""",5040125816,504001001,mismatch,mismatch,match
4885,5ef33587-d00d-4dbb-8499-5ac97fedefbd,tables,5ef33587-d00d-4dbb-8499-5ac97fedefbd.Счет на оплату покупателю № 68 от 04 мая 2026 г..pdf,Акционерное общество «Системный оператор Единой энергетической системы»,7705454461,263202001,"АО ""СО ЕЭС""",7705454461,770501001,match,mismatch,match
4886,29bc6cf6-b94a-4013-a7ad-377ef05be6f7,tables,29bc6cf6-b94a-4013-a7ad-377ef05be6f7.900000534318_CDTP_2_30.04.2026.pdf,ПАО «Ростелеком»,7707049388,583643001,"Нижегородский филиал ПАО ""Ростелеком"" (Волга)",7707049388,526043002,match,mismatch,match
4891,55042327-aceb-4708-b03d-e64fd9cab16d,tables,55042327-aceb-4708-b03d-e64fd9cab16d.АктВыдачи_1C-2062947.PDF,"ООО ""СЕРВИС ТЕЛЕКОМ""",,,"ООО ""СТА Карго""",7810825228,781401001,llm_missing,llm_missing,mismatch
4894,a7abf6d1-e8bb-43ec-87da-9a6b7facb141,tables,a7abf6d1-e8bb-43ec-87da-9a6b7facb141.Счет 2600214884.pdf,"АО ""ДПД РУС""",7713215523,997750001,"АО ""ДПД РУС""",7713215523,774850001,match,mismatch,match
4895,39f91e19-8674-4b9c-af31-2e1929ee26ca,tables,39f91e19-8674-4b9c-af31-2e1929ee26ca.Счет на оплату № 15 от 28 февраля 2026 г.pdf,"Володарский филиал Акционерное общество ""Нижегородская областная коммунальная компания""",5260267654,524943001,"АО ""НОКК""",5260267654,526001001,match,mismatch,match
4900,c1edc739-c9f9-403e-8dc3-b7545c2668c4,tables,c1edc739-c9f9-403e-8dc3-b7545c2668c4.900700918407_CDTP_2_31.01.2026.pdf,ПАО «Ростелеком»,7707049388,246643001,"Новосибирский филиал ПАО ""Ростелеком"" (Сибирь)",7707049388,540643001,match,mismatch,match
4902,4f5cd312-3275-49b2-b0f1-f19b0fdbeb2e,tables,4f5cd312-3275-49b2-b0f1-f19b0fdbeb2e.ON_SCHET_2401-2604XJ310723.pdf,Филиал АО «Компания ТрансТелеКом» «Межрегиональный филиал Восток»,7709219099,246343002,"АО ""Компания ТрансТелеКом""",7709219099,775050001,match,mismatch,match
4907,f0a8df3f-2b1f-430b-8f6c-d65564eefea6,tables,f0a8df3f-2b1f-430b-8f6c-d65564eefea6.Счет 2600100381.pdf,"АО ""ДПД РУС""",7713215523,997750001,"АО ""ДПД РУС""",7713215523,774850001,match,mismatch,match
4911,5f0d4223-8399-49df-971e-bc4f81cad942,tables,5f0d4223-8399-49df-971e-bc4f81cad942.900800607596_CDTP_2_28.02.2026.pdf,ПАО «Ростелеком»,7707049388,272143001,"Приморский филиал ПАО ""Ростелеком"" (Дальний Восток)",7707049388,253643002,match,mismatch,match
4913,63d72629-bafb-406b-8bb2-0fbd425b12c9,tables,63d72629-bafb-406b-8bb2-0fbd425b12c9.ВВР ДС 81-ФЕМТО (МОНТАЖ).pdf,"ООО ""Альфа""",,,"ООО ""ПРО-СТ""",7726469807,772601001,llm_missing,llm_missing,mismatch
4919,0194a007-822e-47ce-93b3-c11939283f6a,tables,0194a007-822e-47ce-93b3-c11939283f6a.ЗАК133-Д24442ВК-ЛКСП-24_37 PR_26075272 Акт № 260228-0105 от 28.02.2026.pdf,ООО «ЭхаЭхаЭк Доводчик»,7721000000,772100000,"ООО ""ЛАЙОН КОММЬЮНИКЕЙШНЗ""",7743068844,771401001,mismatch,mismatch,mismatch
4923,84ffd1c6-668c-4197-9acd-8044914b3d14,tables,84ffd1c6-668c-4197-9acd-8044914b3d14.ЗАК72-Д24442ВК-ЛКСП-24_40 PR_26073077 Акт № 260228-0108 от 28.02.2026.pdf,ООО «ЭхЭхЭк Доводчик»,7721000000,772101001,"ООО ""ЛАЙОН КОММЬЮНИКЕЙШНЗ""",7743068844,771401001,mismatch,mismatch,mismatch
4924,992c007f-704e-4417-82c7-133b01706daa,tables,992c007f-704e-4417-82c7-133b01706daa.УПД №6033 от 31.01.26.pdf,"ООО ""НЭСКО""",8603109926,860301001,"ООО УК ""ЕВРОПА-СИТИ""",8603179320,860301001,mismatch,match,mismatch
4926,5f22c195-7dcc-4b1c-abbc-9a048071c70a,tables,5f22c195-7dcc-4b1c-abbc-9a048071c70a.КС-2 №500 от 06.05.2026.pdf,"ООО ""ФОРТ-КОНТРОЛЬ""",7726059001,772601001,"ООО ""ФОРТ-КОНТРОЛЬ""",5040125816,504001001,mismatch,mismatch,match
4929,cd51e476-c549-4a89-83a9-5c82c9ee8736,tables,cd51e476-c549-4a89-83a9-5c82c9ee8736.900300684788_CDTP_2_31.01.2026.pdf,ПАО «Ростелеком»,7707049388,490943001,"Приморский филиал ПАО ""Ростелеком"" (Дальний Восток)",7707049388,253643002,match,mismatch,match
4931,f98f6299-aeda-4a0c-a456-a35b5df9044b,tables,"f98f6299-aeda-4a0c-a456-a35b5df9044b.Соглашениеи 425 ЛКС ТК 676-411, Остаповский общ.pdf",АО «МТС»,7713010011,771301001,ПАО МГТС,7710016640,997750001,mismatch,mismatch,match
4944,3988e761-c5b8-4fa4-bc36-939fa6041d22,tables,3988e761-c5b8-4fa4-bc36-939fa6041d22.900200717164_CDTP_2_31.03.2026.pdf,ПАО «Ростелеком»,7707049388,519043001,"Макрорегиональный филиал ""Северо-Запад"" ПАО ""Ростелеком""",7707049388,784243002,match,mismatch,match
4947,4823aabb-03ef-4303-a36d-0e9d75fdf446,tables,4823aabb-03ef-4303-a36d-0e9d75fdf446.Vympelkom_Baza_PCh_04.2026.pdf,"ООО ""КР-КЭПИТАЛ""",500902384704,500901001,"ООО ""КР-КЭПИТАЛ""",5032310050,503201001,mismatch,mismatch,match
4949,f0f321fe-1021-41f2-96fb-06a61bdae418,tables,f0f321fe-1021-41f2-96fb-06a61bdae418.ON_BILL_2BM_2BM_20260302_735042386#9144580#I.pdf,"Северо-Западный филиал ПАО ""МегаФон""",7812014560,780143001,"Северо-Западный филиал ПАО ""МегаФон""",7812014560,784143001,match,mismatch,match
4950,ab54da31-a5d0-4f82-bef5-78b9e610f106,tables,ab54da31-a5d0-4f82-bef5-78b9e610f106.АДО MRB00RULEN016599.pdf,"ЗАО ""ГК ""ЛогЛаб""""",,,"ООО ""ЗСИ""",3906191631,772301001,llm_missing,llm_missing,mismatch
4956,0ebb8f12-4843-4ca2-9304-89d403a0bf54,tables,0ebb8f12-4843-4ca2-9304-89d403a0bf54.Счет № 903764 - 1 от 28.02.2026.pdf,"Публичное акционерное общество ""Мобильные ТелеСистемы""",7740000076,997750001,"ПАО ""МТС""",7740000076,997750001,match,match,mismatch
4969,1fe59364-d432-4f35-a9c3-0c78463f75b1,tables,1fe59364-d432-4f35-a9c3-0c78463f75b1.ЭМ_105-105 Билайн_офисы. ОП Иркутск (отд. Братск). Апрель 2026 - Акт.pdf,"ООО ""ЭКОМАКС""",,,"ООО ""ЭМ""",5404083146,540401001,llm_missing,llm_missing,mismatch
4980,68e19bde-569e-48b9-81fd-3b3b5b3f53b7,tables,68e19bde-569e-48b9-81fd-3b3b5b3f53b7.Счет_33f93314-525a-4c0b-8d7b-76087acc6f75.pdf,"ООО ""КОМУС""",7721793895,500945001,"ООО ""КОМУС""",7721793895,997350001,match,mismatch,match
4984,d335ea7a-64be-4d5b-8ad2-f299f4376d3c,tables,d335ea7a-64be-4d5b-8ad2-f299f4376d3c.invoice-qr-611.pdf,"ООО ""ПРОЕКТ СЕРВИС""",,656001001,"ООО ""ПРОЕКТ СЕРВИС""",2222835082,222201001,llm_missing,mismatch,match
4993,3b8e698d-a0fe-4f33-8eb7-e5e90b162150,tables,3b8e698d-a0fe-4f33-8eb7-e5e90b162150.Акт № 43  по дог_3444_ ВымпелКом.pdf,ПАО «Россети Северный Кавказ»,7707083893,770701001,"АО ""РОССЕТИ ЦИФРА""",7705307770,773401001,mismatch,mismatch,mismatch
4996,bd62bf86-9169-4703-89b0-58841c2978d4,tables,bd62bf86-9169-4703-89b0-58841c2978d4.ON_SCHET_2401-2604XJ367464.pdf,Филиал АО «Компания ТрансТелеКом» «Межрегиональный филиал Восток»,7709219099,246343002,"АО ""Компания ТрансТелеКом""",7709219099,775050001,match,mismatch,match
4999,c1cc195d-20cf-486b-8576-c1c2aadeb5e1,tables,c1cc195d-20cf-486b-8576-c1c2aadeb5e1.2 MOBILE_26015899 Копия документов 3х лиц № 260228-027 от 28.02.2026.pdf,Общество с ограниченной ответственностью «ЭмЭмЭс Коммьюникейшнз»,7714328921,771401001,"ООО ""ЛАЙОН КОММЬЮНИКЕЙШНЗ""",7743068844,771401001,mismatch,match,mismatch
5003,60b3849f-fef9-4953-975f-d4c794be99be,tables,60b3849f-fef9-4953-975f-d4c794be99be.УПД (статус 2) № 116 от 30 апреля 2026 г.pdf,ИП Пигур А. Я.,860325230208,,ИП Пигур Аркадий Яковлевич,860325230208,,match,both_missing,mismatch
5009,f9020bfb-71c5-4b91-baab-0067699849e3,tables,f9020bfb-71c5-4b91-baab-0067699849e3.8756209-0110 торг-2.pdf,"ООО ""КОМЛИНК СПБ""",,,"ЗАО ""ГК АККОРД""",7709797580,507401001,llm_missing,llm_missing,mismatch
5010,7e0bdbdd-ed61-49a1-9e2e-69dcaf56b3f2,tables,7e0bdbdd-ed61-49a1-9e2e-69dcaf56b3f2.АД БС 65762 — ГР_56 Участок.pdf,"ЗАО ""ГК ""ЛогЛаб""""",,,"ООО ""ТЕЛЕКОМРАЗВИТИЕ""",5261113826,526101001,llm_missing,llm_missing,mismatch
5011,97b2907a-9985-4e7c-881a-e9f78e946830,tables,97b2907a-9985-4e7c-881a-e9f78e946830.Счет на оплату № 1 от 01 января 2026 г.pdf,ИП Чеснокова Е. С.,482409847994,,Чеснокова Елена Семеновна,482409847994,,match,both_missing,mismatch
5016,f3760905-4ba7-4ec4-82a2-abac57d8a203,tables,f3760905-4ba7-4ec4-82a2-abac57d8a203.ON_SCHET_6101-2604RP321608.pdf,Филиал АО «Компания ТрансТелеКом» «Межрегиональный филиал Запад»,7709219099,616443002,"АО ""Компания ТрансТелеКом""",7709219099,775050001,match,mismatch,match
5029,3ec481c9-147a-481d-8036-800cb81cdbf0,tables,3ec481c9-147a-481d-8036-800cb81cdbf0.900800507129_CDTP_2_31.05.2026.pdf,ПАО «Ростелеком»,7707049388,352543001,"Макрорегиональный филиал ""Северо-Запад"" ПАО ""Ростелеком""",7707049388,784243002,match,mismatch,match
5033,6ea01e6f-0f32-4694-a0e6-4e4bfe085ca9,tables,6ea01e6f-0f32-4694-a0e6-4e4bfe085ca9.Расшифровка_№_70044989_от_30.04.2026.pdf,"ООО ""ТОМСКВОДОКАНАЛ""",,,"ООО ""Спектр""",7017262134,701701001,llm_missing,llm_missing,mismatch
5036,8ef1bc5b-916d-4ce9-aed7-6b1ddadc287d,tables,8ef1bc5b-916d-4ce9-aed7-6b1ddadc287d.Акт 214-21ТД  -Апрель.pdf,"Общество с ограниченной ответственностью ""ТАУЭР""",7707083893,770701001,"ООО ""ТАУЭР""",6140029850,502901001,mismatch,mismatch,match
5041,04b7daa7-7dbf-4a13-bb35-1104d78b73aa,tables,04b7daa7-7dbf-4a13-bb35-1104d78b73aa.КС-2 №234-7 от 15.03.2026.pdf,"ООО ""ФОРТ-КОНТРОЛЬ""",7722059020,772201001,"ООО ""ФОРТ-КОНТРОЛЬ""",5040125816,504001001,mismatch,mismatch,match
5046,66aca498-0fc6-49f8-a8b7-0d1f8c1125c5,tables,66aca498-0fc6-49f8-a8b7-0d1f8c1125c5.счёт 5254 от 03.03.26 ЛК 12881.pdf,"ГОСУДАРСТВЕННОЕ БЮДЖЕТНОЕ УЧРЕЖДЕНИЕ ГОРОДА МОСКВЫ ""МОСКОВСКИЙ ГОРОДСКОЙ ТРЕСТ ГЕОЛОГО-ГЕОДЕЗИЧЕСКИ",,,ПАО МГТС,7710016640,997750001,llm_missing,llm_missing,mismatch
5049,1fb8bd61-4629-47fa-8c93-b809ad5c65d4,tables,1fb8bd61-4629-47fa-8c93-b809ad5c65d4.ON_SCHET_2401-2512RP352075.pdf,Филиал АО «Компания ТрансТелеКом» «Межрегиональный филиал Восток»,7709219099,246343002,"АО ""Компания ТрансТелеКом""",7709219099,775050001,match,mismatch,match
5050,b9b75a5c-0f65-4571-ba80-a75ca92d06bb,tables,b9b75a5c-0f65-4571-ba80-a75ca92d06bb.Счет № 901900 - 1 от 30.04.2026.pdf,"ПАО ""Мобильные ТелеСистемы""",7740000076,997750001,"ПАО ""МТС""",7740000076,997750001,match,match,mismatch
5062,daaf6141-531a-4f70-95bf-33198a5951e9,tables,daaf6141-531a-4f70-95bf-33198a5951e9.HN806 АКТ ЗАЧЕТА ВОЗНАГРАЖДЕНИЯ от 28.02.2026.pdf,"ООО ""УГМК-Телеком""",7702011227,770201001,"ООО ""УГМК-Телеком""",6606022606,668601001,mismatch,mismatch,match
5075,43c3947e-a147-4ea8-9400-e8d4a9a47f21,tables,43c3947e-a147-4ea8-9400-e8d4a9a47f21.Акт118210_31.01.2026.pdf,АО «ЭнергосбыТ Плюс»,7707083893,770701001,"Свердловский филиал АО ""ЭНЕРГОСБЫТ ПЛЮС"" ",5612042824,667043001,mismatch,mismatch,match
5076,63eb7915-f638-4d1c-a53b-8d167413eeee,tables,63eb7915-f638-4d1c-a53b-8d167413eeee.Счет на оплату № 228 от 31 марта 2026 г.pdf,"ООО ""ТЕЛЕКОМ СЕРВИС""",9721081732,772501001,"ООО ""ТЕЛЕКОМ СЕРВИС""",9721081732,770801001,match,mismatch,match
5078,a05f8bdc-7871-411c-924e-b0d3b609235f,tables,a05f8bdc-7871-411c-924e-b0d3b609235f.Расчетная ведомость (тепло) 2013_7713076301_202601_21538798.pdf,"СП ""Комсомольские тепловые сети"" АО ""ДГК""",,,"АО ""ДГК""",1434031363,272101001,llm_missing,llm_missing,mismatch
5081,f7e58fec-b2e9-43e3-921f-3edf659fbfb3,tables,f7e58fec-b2e9-43e3-921f-3edf659fbfb3.900900492562_CDTP_2_30.04.2026.pdf,ПАО «Ростелеком»,7707049388,550343001,"Новосибирский филиал ПАО ""Ростелеком"" (Сибирь)",7707049388,540643001,match,mismatch,match
5084,007bd7a7-1f4b-4fcb-8c62-2b44f76d8e42,tables,007bd7a7-1f4b-4fcb-8c62-2b44f76d8e42.900900499829_CDTP_2_31.03.2026.pdf,ПАО «Ростелеком»,7707049388,222443001,"Новосибирский филиал ПАО ""Ростелеком"" (Сибирь)",7707049388,540643001,match,mismatch,match
5085,ead67244-0f70-4a06-a88f-eb4aec9b3ab4,tables,ead67244-0f70-4a06-a88f-eb4aec9b3ab4.4400_6400036418_30-04-2026.PDF,"АО ""Авантел""",7713076301,860245007,"АО ""АВАНТЕЛ""",5408185212,771501001,mismatch,mismatch,match
5099,dde2d566-eb35-426e-a6d5-6e43771c98c5,tables,dde2d566-eb35-426e-a6d5-6e43771c98c5.АктПриемаПередачиЗаявка28076.pdf,АО «Сахаэнерго»,678400000000,678400000,"АО ""Сахаэнерго""",1435117944,140601001,mismatch,mismatch,match
5112,0e8670be-6746-4c63-a31f-b85506a6ff94,tables,0e8670be-6746-4c63-a31f-b85506a6ff94.ЧАТП БС 92314 СОЧ_Верхнениколаевское-Мостовая 110.pdf,Потопяк Н.В.,,,"ООО ""ПРОМСВЯЗЬМОНТАЖ""",2801227222,280101001,llm_missing,llm_missing,mismatch
5113,56df6e8e-24cf-4684-86b8-f2dd0c29accf,tables,56df6e8e-24cf-4684-86b8-f2dd0c29accf.900600733048_CDTP_2_30.04.2026.pdf,ПАО «Ростелеком»,7707049388,631543001,"Нижегородский филиал ПАО ""Ростелеком"" (Волга)",7707049388,526043002,match,mismatch,match
5116,b842900c-9d17-48e2-ba8b-727cb6ad931f,tables,b842900c-9d17-48e2-ba8b-727cb6ad931f.акт.pdf,"АО ""Донэнерго"" СМЭС",6163089292,615343001,АО Донэнерго,6163089292,616301001,match,mismatch,match
5121,1ceef5c5-19c9-4de2-ab14-09b5204c62be,tables,1ceef5c5-19c9-4de2-ab14-09b5204c62be.Вымпел (РТРС) расчет январь 2026 дог 23-4 - Кудымкар.pdf,"ООО ""Алми""",,,РТРС,7717127211,771701001,llm_missing,llm_missing,mismatch
5122,bd21dce2-439f-4bb4-9ea9-b3c7d9ff68df,tables,bd21dce2-439f-4bb4-9ea9-b3c7d9ff68df.Счет № 908495 - 1 от 31.05.2026.pdf,"Публичное акционерное общество ""Мобильные ТелеСистемы""",7740000076,997750001,"ПАО ""МТС""",7740000076,997750001,match,match,mismatch
5136,92f8c80b-8162-4e6b-8328-be332fe33227,tables,"92f8c80b-8162-4e6b-8328-be332fe33227.АКТ №28838 демонтажа, экспертизы и возврата оборудования и материалов 1.pdf","ЗАО ""ГК ""ЛогЛаб""",,,"ООО ""ПАРИТЕТ""",5029254550,504401001,llm_missing,llm_missing,mismatch
5141,54d5dd24-5f92-4f7e-aa4d-cbfffb1f62a7,tables,54d5dd24-5f92-4f7e-aa4d-cbfffb1f62a7.2200_6400000435_31-05-2026.PDF,"ООО ""Новые телесистемы""",634041770708,770701001,"ООО ""НТС""",7017016869,701701001,mismatch,mismatch,match
5146,cfb54c51-b6d1-4b6e-8324-91014e31c240,tables,cfb54c51-b6d1-4b6e-8324-91014e31c240.02.2026 Подтверждающие документы от ресурсоснабжающих организаций(v1).pdf,"Акционерное общество ""Мосводоканал""",7701984274,770101001,"ООО ""ДЖИНТЕК""",7702378847,770201001,mismatch,mismatch,mismatch
5148,67253a9e-48da-4d07-ac01-04e38f44d07e,tables,67253a9e-48da-4d07-ac01-04e38f44d07e.Счёт №79 от 31 января 2026.pdf,"ООО ""ГУОДОНГ""",9709124154,772801001,"ООО ""ГУОДОНГ""",9709124154,772501001,match,mismatch,match
5149,a5d24e32-9f53-4ec9-a15b-7b2dccc9fe30,tables,a5d24e32-9f53-4ec9-a15b-7b2dccc9fe30.ON_SCHET_2401-2605RP312844.pdf,Филиал АО «Компания ТрансТелеКом» «Межрегиональный филиал Восток»,7709219099,246343002,"АО ""Компания ТрансТелеКом""",7709219099,775050001,match,mismatch,match
5151,19cc47db-88c8-4ebe-8202-a74b683d3a93,tables,19cc47db-88c8-4ebe-8202-a74b683d3a93.ЗАК192-Д24442ВК-ЛКСП-24_75 PR_26099343 Акт № 260331-0209 от 31.03.2026.pdf,ООО «Четырехугольник»,7707083893,770701001,"ООО ""ЛАЙОН КОММЬЮНИКЕЙШНЗ""",7743068844,771401001,mismatch,mismatch,mismatch
5154,9bb5edda-d87b-4b5d-a82e-ec458fc66cef,tables,9bb5edda-d87b-4b5d-a82e-ec458fc66cef.Счет на оплату № 66 от 30 апреля 2026 г.pdf,"ООО ""МОБАЙЛ ГРУПП""",0275912530,027501001,"ООО ""ПАРИТЕТ-ТЕЛЕКОМ""",0275912530,027501001,match,match,mismatch
5157,88f0fbe0-5544-4588-936c-cc66258483ef,tables,88f0fbe0-5544-4588-936c-cc66258483ef.Приложение Алтайский край.pdf,Индивидуальный предприниматель Соловьева А.В.,,,Оганесян Петрос Леваович,502712700987,,llm_missing,both_missing,mismatch
5161,27944b16-f99c-4a1b-af7b-2dd93138ddaa,tables,27944b16-f99c-4a1b-af7b-2dd93138ddaa.Приложение № 6 АВР КТСЗ ДВ 1 квартал 2026г..pdf,"ООО ""ФОРТ-КОНТРОЛЬ""",1108020000,110801001,"ООО ""ФОРТ-КОНТРОЛЬ""",5040125816,504001001,mismatch,mismatch,match
5162,76ac5483-ef00-4d5f-98da-a52ee38be617,tables,76ac5483-ef00-4d5f-98da-a52ee38be617.Счет на оплату № 711 от 31 января 2026 г.pdf,ИП Факиев А. Ф.,026402832309,,Факиев Артур Фельгатович,026402832309,,match,both_missing,mismatch
5166,1bf4f0f6-54dd-4810-9860-744534dc9a6d,tables,1bf4f0f6-54dd-4810-9860-744534dc9a6d.ON_SCHET_2401-2603RP312845.pdf,Филиал АО «Компания ТрансТелеКом» «Межрегиональный филиал Восток»,7709219099,246343002,"АО ""Компания ТрансТелеКом""",7709219099,775050001,match,mismatch,match
5172,df326162-e8c6-4ccd-8601-34ae1596cee0,tables,df326162-e8c6-4ccd-8601-34ae1596cee0.Акт 2 от 30.04.2026_РЦ-ДогДКП12-0782-25_Вымпелком_Ростов.pdf,АО «Россети Юг»,,,"АО ""РОССЕТИ ЦИФРА""",7705307770,773401001,llm_missing,llm_missing,mismatch
5176,9de5fd05-c28c-4472-ad9c-0d9fc959f727,tables,9de5fd05-c28c-4472-ad9c-0d9fc959f727.SF9100187551.pdf,СЕВЕРО-ЗАПАДНЫЙ БАНК ПАО,,,"Северо-Западный филиал ПАО ""МегаФон""",7812014560,784143001,llm_missing,llm_missing,mismatch
5187,ab60e686-6d47-4546-a9fe-53c43a387d03,tables,ab60e686-6d47-4546-a9fe-53c43a387d03._РСО.pdf,"АО ""Мосводоканал""",7702395696,770201001,"АО ""АБ КАПИТАЛ""",9703163301,770301001,mismatch,mismatch,mismatch
5188,0be4640a-7d8e-4c22-9440-19cf4fca839d,tables,0be4640a-7d8e-4c22-9440-19cf4fca839d.900900745470_CDTP_2_31.05.2026.pdf,ПАО «Ростелеком»,7707049388,143543001,"Приморский филиал ПАО ""Ростелеком"" (Дальний Восток)",7707049388,253643002,match,mismatch,match
5192,b08c5a23-3852-468e-bd8a-4edba51e59af,tables,b08c5a23-3852-468e-bd8a-4edba51e59af.Акт сверки взаиморасчетов № 3 от 04 февраля 2026 г.pdf,ИП Великов А. В.,784390021233,,Великов Александр Викторович,784390021233,,match,both_missing,mismatch
5195,de68285a-97ce-48d6-a54d-56ea96c1994c,tables,de68285a-97ce-48d6-a54d-56ea96c1994c.акт 36 от 30.04.2025.pdf,"ООО ""УТСК""",6658521444,665852100,"ООО ""УТСК""",6658521444,665801001,match,mismatch,match
5199,3e5a6a24-f608-40ea-9261-e84238a8fab1,tables,3e5a6a24-f608-40ea-9261-e84238a8fab1.Счет на оплату № 295 от 28 февраля 2026 г.pdf,"ООО ""Русский Мастер""",5404070958,772001001,"ООО ""РУССКИЙ МАСТЕР""",5404070958,772901001,match,mismatch,match
5202,3ec4bc81-c4b1-47e6-9f1b-dc7285fd51a1,tables,3ec4bc81-c4b1-47e6-9f1b-dc7285fd51a1.Акт МХ-1 №АП-1930807-2RND334OLW от 26.06.26.pdf,"ООО ""ЭМИЛИНК МСК""",,,"АО ""ГК ""ЛОГЛАБ""",7736506800,771501001,llm_missing,llm_missing,mismatch
5211,e09d49f1-5abb-43d3-b9ee-ec856ee2d9a8,tables,e09d49f1-5abb-43d3-b9ee-ec856ee2d9a8.Счет_3970dd43-de18-4956-b789-ad3cdc75404a.pdf,"ООО ""КОМУС""",7721793895,504145001,"ООО ""КОМУС""",7721793895,997350001,match,mismatch,match
5212,cc1242e3-20e7-43ab-9825-40723e95dc51,tables,cc1242e3-20e7-43ab-9825-40723e95dc51.УС СО РО SF16000 г. Первоуральск ул. Трубников д. 52А - орг..pdf,ПОДРЯД,,,"ООО ""Тера""",6674184764,667901001,llm_missing,llm_missing,mismatch
5218,44211641-da41-46b4-bcd4-ab643ab59336,tables,44211641-da41-46b4-bcd4-ab643ab59336.900900589730_CDTP_2_31.05.2026.pdf,ПАО «Ростелеком»,7707049388,631543001,"Нижегородский филиал ПАО ""Ростелеком"" (Волга)",7707049388,526043002,match,mismatch,match
5222,ae960dcc-e6f5-42cc-87c4-9f711ec52a94,tables,ae960dcc-e6f5-42cc-87c4-9f711ec52a94.900400589698_CDTP_2_28.02.2026.pdf,ПАО «Ростелеком»,7707049388,645243001,"Нижегородский филиал ПАО ""Ростелеком"" (Волга)",7707049388,526043002,match,mismatch,match
5230,fca312c9-ff3b-450e-9fb9-db4374d1b90f,tables,fca312c9-ff3b-450e-9fb9-db4374d1b90f.Счет_41655c30-2400-4556-8449-e9852b2d4335.pdf,"ООО ""КОМУС""",7721793895,500945001,"ООО ""КОМУС""",7721793895,997350001,match,mismatch,match
5234,7cf670b9-0c99-47e7-86e2-24489b124b0a,tables,7cf670b9-0c99-47e7-86e2-24489b124b0a.ON_SOPL_2BM2BM-7713076301-2012052807251168061080000000000_2ВМ-2013010901254377097670000000000_20260228_2e8f4cdf-29f1-4e54-8505-3396b5a64f14_0_0_0_0_0_00.pdf,"Акционерное общество ""Томская энергосбытовая компания""",7017114680,701701001,"АО ""ТОМСКЭНЕРГОСБЫТ""",7017114680,785150001,match,mismatch,match
5236,e2e12417-ee1d-49d8-8105-57c0ab0c3e4d,tables,e2e12417-ee1d-49d8-8105-57c0ab0c3e4d.ЗАК266-Д24442ВК-ЛКСП-24_130 PR_26138786 Копия документов 3х лиц № 260430-133 от 30.04.2026.pdf,Общество с ограниченной ответственностью «ЭмЭмЭс Коммьюникейшнз»,7714328921,,"ООО ""ЛАЙОН КОММЬЮНИКЕЙШНЗ""",7743068844,771401001,mismatch,llm_missing,mismatch
5245,66845ab6-78d4-4e2f-82bf-1bc99380c775,tables,66845ab6-78d4-4e2f-82bf-1bc99380c775.АктВыдачи_WXX-4962162-1YAR333KW.PDF,"ООО ""КИПРЕСУРС""",,,"ООО ""СТА Карго""",7810825228,781401001,llm_missing,llm_missing,mismatch
5247,cc904f01-d2d0-4e06-8520-94b9cb02d595,tables,cc904f01-d2d0-4e06-8520-94b9cb02d595.Счет на оплату № 404 от 30 июня 2026 г.pdf,"ООО ""ТЕЛЕКОМ СЕРВИС""",9721081732,772501001,"ООО ""ТЕЛЕКОМ СЕРВИС""",9721081732,770801001,match,mismatch,match
5248,6bc44f98-2179-4988-b609-efca71a22aad,tables,6bc44f98-2179-4988-b609-efca71a22aad.Счет на оплату № 1373 от 19 февраля 2026 г.pdf,"ООО ""ПрофСервисТрейд""",7707820378,774301001,"ООО ""ПРОФСЕРВИСТРЕЙД""",7707820378,771401001,match,mismatch,match
5254,0bd08942-beaa-45a6-825e-3117536046e2,tables,0bd08942-beaa-45a6-825e-3117536046e2.Приложение №2.1 121666__2026.pdf,ООО «ФОРТ-КОНТРОЛЬ»,113504000572,,"ООО ""ФОРТ-КОНТРОЛЬ""",5040125816,504001001,mismatch,llm_missing,match
5257,1f0cbe8b-05c7-4009-9464-9c97c25fa282,tables,1f0cbe8b-05c7-4009-9464-9c97c25fa282.2026 92451).pdf,УФПС Г. САНКТ-ПЕТЕРБУРГА И ЛЕНИНГРАДСКОЙ ОБЛАСТИ,7724490000,783843001,"АО ""ПОЧТА РОССИИ""",7724490000,997650001,match,mismatch,mismatch
5258,ceeb3ac6-fc86-4423-8482-3ec086b5c3f4,tables,ceeb3ac6-fc86-4423-8482-3ec086b5c3f4.KIR260409_2138_3 Счёт_№49_от_13.04.2026.pdf,"ООО ""Банк Точка""",662329562361,,Закиров Тимур Ирфанович,662329562361,,match,both_missing,mismatch
5266,b8dd3907-b2ad-4e93-9983-d88501646d16,tables,b8dd3907-b2ad-4e93-9983-d88501646d16.1700_6400093129_30-04-2026.PDF,"ООО ""Новотелеком""",630099771307,771301001,"ООО ""Новотелеком""",5406260827,540601001,mismatch,mismatch,match
5267,7f669fa4-983b-4fe2-b4c8-78da455ff1f9,tables,7f669fa4-983b-4fe2-b4c8-78da455ff1f9.Счет на оплату № 136 от 03 февраля 2026 г.pdf,ИП Гребенникова Н. А.,344310571100,,Гребенникова Наталья Александровна,344310571100,,match,both_missing,mismatch
5268,1a7bf004-c992-4bc1-aaac-e87ff8eb8e6a,tables,1a7bf004-c992-4bc1-aaac-e87ff8eb8e6a.ON_SCHET_2401-2601RP352144.pdf,Филиал АО «Компания ТрансТелеКом» «Межрегиональный филиал Восток»,7709219099,246343002,"АО ""Компания ТрансТелеКом""",7709219099,775050001,match,mismatch,match
5273,f52bb4a7-8cac-4f3f-839b-c05a564b4a7c,tables,f52bb4a7-8cac-4f3f-839b-c05a564b4a7c.ON_SCHET___20260629_9aeed7ea-4070-448a-bc42-a55d228d2418.pdf,"Общество с ограниченной ответственностью ""Сервис-Партнер""",7707700289,773101001,"ООО ""Сервис-Партнер""",7707700289,771401001,match,mismatch,match
5275,a0ccd847-6002-4de2-aa51-8fa892de1102,tables,a0ccd847-6002-4de2-aa51-8fa892de1102.Счет-фактура №43598 от 28.02.26.pdf,АО «Самарагорэнергосбыт»,6316138990,631601001,Бирюкова Вера Васильевна,631208428843,,mismatch,edo_missing,mismatch
5276,afb341f9-b4f5-4602-8e62-e8491e8bdfaa,tables,afb341f9-b4f5-4602-8e62-e8491e8bdfaa.900900894842_CDTP_2_31.12.2025.pdf,ПАО «Ростелеком»,7707049388,280143001,"Приморский филиал ПАО ""Ростелеком"" (Дальний Восток)",7707049388,253643002,match,mismatch,match
5277,b6d58ac0-bf6a-41b6-b3d3-fa019f6ab260,tables,b6d58ac0-bf6a-41b6-b3d3-fa019f6ab260.Приложение №5 ФК_106666.pdf,ООО «ФОРТ-КОНТРОЛЬ»,7707083893,770701001,"ООО ""ФОРТ-КОНТРОЛЬ""",5040125816,504001001,mismatch,mismatch,match
5280,9796786d-747f-4adf-965b-4a95323819a2,tables,9796786d-747f-4adf-965b-4a95323819a2.Счет на оплату основной задолженности_01.05.2026_31.05.2026_ИННРСО2466114215_КППРСО246601001_ИНН7713076301_КПП246303001_ID02023_509_228971979.pdf,"Общество с ограниченной ответственностью ""Красноярский жилищно-коммунальный комплекс""",2466114215,246601001,ООО «СИБИРСКАЯ ТЕПЛОСБЫТОВАЯ КОМПАНИЯ»,2462222097,772501001,mismatch,mismatch,mismatch
5283,11e223a4-1cbd-4df7-a1a6-bef98abcae96,tables,11e223a4-1cbd-4df7-a1a6-bef98abcae96.Счет на оплату № 45 11 от 12.01.2026.pdf,"Филиал акционерного общества ""Московская областная энергосетевая компания"" Домодедовские электрические сети",5032137342,500943001,"АО ""МОСОБЛЭНЕРГО""",5032137342,502401001,match,mismatch,match
5292,a5f37908-0f24-47b7-a499-dca5de007955,tables,a5f37908-0f24-47b7-a499-dca5de007955.Счет_2cfe5bb4-a0dc-412c-896e-0aecd826d934.pdf,"ООО ""КОМУС""",7721793895,500945001,"ООО ""КОМУС""",7721793895,997350001,match,mismatch,match
5294,c08bf6a4-2bd9-4d01-b7f5-666e6303a2b2,tables,c08bf6a4-2bd9-4d01-b7f5-666e6303a2b2.900200580496_CDTP_2_28.02.2026.pdf,ПАО «Ростелеком»,7707049388,222443001,"Новосибирский филиал ПАО ""Ростелеком"" (Сибирь)",7707049388,540643001,match,mismatch,match
5300,a3b251bc-67f2-4249-8523-c365d6316533,tables,a3b251bc-67f2-4249-8523-c365d6316533.Приложение №2.1 106136__2026.pdf,ООО «ФОРТ-КОНТРОЛЬ»,113504000572,113504000,"ООО ""ФОРТ-КОНТРОЛЬ""",5040125816,504001001,mismatch,mismatch,match
5303,4afb5d4e-ec33-46c5-91a2-b25308b1543a,tables,4afb5d4e-ec33-46c5-91a2-b25308b1543a.900200564539_CDTP_2_31.12.2025.pdf,ПАО «Ростелеком»,7707049388,121543001,"Нижегородский филиал ПАО ""Ростелеком"" (Волга)",7707049388,526043002,match,mismatch,match
5304,72da741e-554d-4bb9-b191-7720067dc701,tables,72da741e-554d-4bb9-b191-7720067dc701.900800595947_CDTP_2_31.05.2026.pdf,ПАО «Ростелеком»,7707049388,183143001,"Нижегородский филиал ПАО ""Ростелеком"" (Волга)",7707049388,526043002,match,mismatch,match
5305,3a7404c2-f65f-411b-82ac-06cdc288b3d9,tables,3a7404c2-f65f-411b-82ac-06cdc288b3d9.Электроэнергия 30.04.2026.pdf,"ООО ""ФИРМА О. ЛАРЕС""",7723012240,772301001,"ООО ""Бизнес Сервис""",7723741797,772301001,mismatch,match,mismatch
5330,78dc2bf3-b30b-4764-9a47-76e54380b253,tables,78dc2bf3-b30b-4764-9a47-76e54380b253.Итоговый счет_7713076301_202605_29731441.pdf,"СП ""Хабаровские тепловые сети"" АО ""ДГК""",1434031363,272145005,"АО ""ДГК""",1434031363,272101001,match,mismatch,mismatch
5333,30e0a671-1290-4d4d-8e99-f4f02fd00333,tables,30e0a671-1290-4d4d-8e99-f4f02fd00333.Акт 11_ юэс _30.06.26_Вымпелком_0979.pdf,ПАО «Россети Ленэнерго»,,,"АО ""РОССЕТИ ЦИФРА""",7705307770,773401001,llm_missing,llm_missing,mismatch
5342,c7eb9858-3417-4de1-bf5b-3f9fd23f974f,tables,c7eb9858-3417-4de1-bf5b-3f9fd23f974f.Счет на оплату ZIN00375346 от 30.04.2026.pdf,"Общество с ограниченной ответственностью ""ДВ НЕВАДА""",2723205733,272345008,"ООО ""ДВ НЕВАДА""",2723205733,272301001,match,mismatch,match
5348,a05d0aa8-894e-424b-b2b3-e32fce2926d9,tables,a05d0aa8-894e-424b-b2b3-e32fce2926d9.Акт сверки взаиморасчетов № 29 от 21 апреля 2026 г.pdf,"ООО ""КМДЦ-ИНЖЕНЕРИНГ""",4443001515,444300151,"ООО ""КМДЦ-инженеринг""",4443001515,440101001,match,mismatch,match
5356,30c15693-73ee-47c5-9a97-fc60609e3a90,tables,30c15693-73ee-47c5-9a97-fc60609e3a90.Счет на оплату № РТ-2 от 05.03.2026 (2).pdf,ИП Иванов Е.Г.,240302007902,,Иванов Евгений Георгиевич,240302007902,,match,both_missing,mismatch
5360,77a4eeb1-0d31-4fbc-9774-234d1ece7556,tables,77a4eeb1-0d31-4fbc-9774-234d1ece7556.Счет на оплату № 4 от 28 февраля 2026 г.pdf,ТСЖ Восток,6662090790,667201001,"ТСЖ ""ВОСТОК""",6662090790,668501001,match,mismatch,match
5383,5c2d4f39-6239-484e-bb84-ef5512ca3669,tables,5c2d4f39-6239-484e-bb84-ef5512ca3669.Счёт № 8604_000058_26 от 31.01.2026.pdf,"АО ""Авантел""",7713076301,997750001,"АО ""АВАНТЕЛ""",5408185212,771501001,mismatch,mismatch,match
5384,70971529-b8b3-49d0-8ca5-96a1c1656a6e,tables,70971529-b8b3-49d0-8ca5-96a1c1656a6e.Расчетная ведомость (тепло) 2013_7713076301_202604_21784082.pdf,"СП ""Комсомольские тепловые сети"" АО ""ДГК""",,,"АО ""ДГК""",1434031363,272101001,llm_missing,llm_missing,mismatch
5385,0e1a8c83-02b8-4b2f-a211-75ed97f18600,tables,0e1a8c83-02b8-4b2f-a211-75ed97f18600.акт январь 2026 - 29700.pdf,ГКУ Государственно-общественно-политический архив Нижегородской области,,,ГКУ ГОПАНО,5260251904,526001001,llm_missing,llm_missing,mismatch
5387,18fd4a87-b911-446f-a44a-fda30a6f7090,tables,18fd4a87-b911-446f-a44a-fda30a6f7090.Вымпелком счет инкасс.pdf,АО «Россельхозбанк»,7725114488,623443001,"АО ""РОССЕЛЬХОЗБАНК""",7725114488,997950001,match,mismatch,match
5389,3ddf2548-e0cf-4ec9-9dba-3197f22cbd15,tables,3ddf2548-e0cf-4ec9-9dba-3197f22cbd15.900400793029_CDTP_2_31.01.2026.pdf,ПАО «Ростелеком»,7707049388,650143001,"Приморский филиал ПАО ""Ростелеком"" (Дальний Восток)",7707049388,253643002,match,mismatch,match
5390,0ae6d7c7-1614-4668-a519-0e5ec864ad37,tables,0ae6d7c7-1614-4668-a519-0e5ec864ad37.счет № 63 от 01.06.2026г..pdf,ИП Чумак А. Н.,760600466792,,Чумак Андрей Николаевич,760600466792,,match,both_missing,mismatch
5394,bb702f55-8589-455d-896d-cfeaed80134c,tables,bb702f55-8589-455d-896d-cfeaed80134c.[54В] 64456413 - Авансовый счет 1_084d6fac-e080-4643-84d0-7304d9056bd1.pdf,"Публичное акционерное общество энергетики и электрификации ""Камчатскэнерго""",4100000668,775050001,"ПАО ""ДЭК""",2723088770,997650001,mismatch,mismatch,mismatch
5395,6c069c4d-a828-4dd7-936f-18b3f6054654,tables,6c069c4d-a828-4dd7-936f-18b3f6054654.900900580691_CDTP_2_31.01.2026.pdf,ПАО «Ростелеком»,7707049388,732543001,"Нижегородский филиал ПАО ""Ростелеком"" (Волга)",7707049388,526043002,match,mismatch,match
5399,e149e67c-911c-425a-bae9-4dbd93219cc7,tables,e149e67c-911c-425a-bae9-4dbd93219cc7.900700798979_CDTP_2_30.04.2026.pdf,ПАО «Ростелеком»,7707049388,352543001,"Макрорегиональный филиал ""Северо-Запад"" ПАО ""Ростелеком""",7707049388,784243002,match,mismatch,match
5404,2146554e-ff74-4917-abd9-1b0a5fe60b45,tables,2146554e-ff74-4917-abd9-1b0a5fe60b45.900000580512_CDTP_2_28.02.2026.pdf,ПАО «Ростелеком»,7707049388,380843001,"Новосибирский филиал ПАО ""Ростелеком"" (Сибирь)",7707049388,540643001,match,mismatch,match
5415,760d43cc-a847-41c3-b600-0d12371d51da,tables,760d43cc-a847-41c3-b600-0d12371d51da.900700732897_CDTP_2_30.04.2026.pdf,ПАО «Ростелеком»,7707049388,583643001,"Нижегородский филиал ПАО ""Ростелеком"" (Волга)",7707049388,526043002,match,mismatch,match
5422,bf67087a-c47c-4e5a-92a4-d760d05c64e2,tables,bf67087a-c47c-4e5a-92a4-d760d05c64e2.900500595879_CDTP_2_31.01.2026.pdf,ПАО «Ростелеком»,7707049388,631543001,"Нижегородский филиал ПАО ""Ростелеком"" (Волга)",7707049388,526043002,match,mismatch,match
5424,0970a730-1fb5-4aa0-b631-f7fd2a0e8d21,tables,0970a730-1fb5-4aa0-b631-f7fd2a0e8d21.ЗАК141-Д24442ВК-ЛКСП-24_16_ООН_GH_26088445 Копия документов 3х лиц № 260430-020 от 30.04.2026.pdf,ООО «Эмэмэмэ Коммьюникейшнз»,7707083893,770701001,"ООО ""ЛАЙОН КОММЬЮНИКЕЙШНЗ""",7743068844,771401001,mismatch,mismatch,mismatch
5426,ec98010e-fde3-48be-8462-77a7437516e5,tables,ec98010e-fde3-48be-8462-77a7437516e5.ЗАК205-Д24442_ВК-ЛКСП-24_1_SPTV_26110494 Копия документов 3х лиц № 260422-002 от 22.04.2026.pdf,"ООО ""Глобал Медиа Солюшенс""",7709762467,772501001,"ООО ""ЛАЙОН КОММЬЮНИКЕЙШНЗ""",7743068844,771401001,mismatch,mismatch,mismatch
5430,4ca71f28-1473-4bee-bb9d-c65c2d714989,tables,4ca71f28-1473-4bee-bb9d-c65c2d714989.UFA260525_2154_3  Счёт_№115_от_03.06.2026.pdf,"ООО ""Банк Точка""",662329562361,,Закиров Тимур Ирфанович,662329562361,,match,both_missing,mismatch
5432,0f261806-c6e3-4474-b636-9ae496ff0d70,tables,0f261806-c6e3-4474-b636-9ae496ff0d70.Счет № 902040 - 1 от 31.01.2026.pdf,"ПАО ""Мобильные ТелеСистемы""",7740000076,997750001,"ПАО ""МТС""",7740000076,997750001,match,match,mismatch
5434,9d17dbf9-243d-4bcb-ad41-138cb8f0775d,tables,9d17dbf9-243d-4bcb-ad41-138cb8f0775d.Счет на оплату № 3950 от 17 июня 2026 г.pdf,"ООО ""ПрофСервисТрейд""",7707820378,774301001,"ООО ""ПРОФСЕРВИСТРЕЙД""",7707820378,771401001,match,mismatch,match
5436,96b00fb8-29d3-4f10-8fee-544c69495084,tables,96b00fb8-29d3-4f10-8fee-544c69495084.Вода янв 26 сф.pdf,"МЕЖДУНАРОДНАЯ КОМПАНИЯ ОБЩЕСТВО С ОГРАНИЧЕННОЙ ОТВЕТСТВЕННОСТЬЮ ""ВЕЙКЛИН ПРОМОУШНЗ""",2540283702,771544001,"МК ООО ""ВЕЙКЛИН ПРОМОУШНЗ""",2540283702,254001001,match,mismatch,match
5445,0504134d-53e8-46f2-9dc4-c482d653568b,tables,0504134d-53e8-46f2-9dc4-c482d653568b.900000499831_CDTP_2_31.05.2026.pdf,ПАО «Ростелеком»,7707049388,246643001,"Новосибирский филиал ПАО ""Ростелеком"" (Сибирь)",7707049388,540643001,match,mismatch,match
5450,de791530-1d6d-4c81-a2ca-8200d43ec126,tables,de791530-1d6d-4c81-a2ca-8200d43ec126.900400752577_CDTP_2_30.04.2026.pdf,ПАО «Ростелеком»,7707049388,650143001,"Приморский филиал ПАО ""Ростелеком"" (Дальний Восток)",7707049388,253643002,match,mismatch,match
5451,916afd77-1ab3-4585-bec2-bd3edd7265a3,tables,916afd77-1ab3-4585-bec2-bd3edd7265a3.УПД КЭС 600897 №92837_602 от 30.04.26.pdf,"Акционерное общество ""Железнодорожная торговая компания""",7708639622,770801001,"Сибирский филиал АО ""ЖТК""",7708639622,540743001,match,mismatch,mismatch
5455,c61ffd8b-4d6a-4bb9-bad1-f6f87f75fb10,tables,c61ffd8b-4d6a-4bb9-bad1-f6f87f75fb10.Счет № 905263 - 1 от 31.03.2026.pdf,"Публичное акционерное общество ""Мобильные ТелеСистемы""",7740000076,997750001,"ПАО ""МТС""",7740000076,997750001,match,match,mismatch
5458,f045c466-3766-4d8e-bed3-b034b5531979,tables,f045c466-3766-4d8e-bed3-b034b5531979.Счет.pdf,"Ростовская дирекция связи - структурное подразделение Центральной станции связи - филиала ОАО ""РЖД""",7708503727,616731022,Центральная станция связи ОАО «РЖД»,7708503727,771843001,match,mismatch,mismatch
5467,db9809c0-e12d-45a4-8143-5dfabbb78dcb,tables,db9809c0-e12d-45a4-8143-5dfabbb78dcb.e-schet_3244_E75348E8-D529-42D4-BD6A-EA6837B5BAE5.pdf,"Открытое Акционерное Общество ""Костромская городская телефонная сеть""",4401006871,,ОАО КГТС,4401006871,440101001,match,llm_missing,mismatch
5469,9122d29e-37ae-49f9-8fa5-31c9a37b124d,tables,9122d29e-37ae-49f9-8fa5-31c9a37b124d.FI362  счет февраль 26.pdf,АО Райффайзенбанк,,,"ООО ""АГ ТЕЛЕКОМ""",7704195341,770401001,llm_missing,llm_missing,mismatch
5473,af7f09e2-0eea-4429-a4a4-4751b26f67b6,tables,af7f09e2-0eea-4429-a4a4-4751b26f67b6.Счет_139b9ac4-c5cb-4645-aa94-93ec4475f163.pdf,"ООО ""КОМУС""",7721793895,781145001,"ООО ""КОМУС""",7721793895,997350001,match,mismatch,match
5476,9ec23cf8-3eaa-45d5-adc4-96a579b022e0,tables,9ec23cf8-3eaa-45d5-adc4-96a579b022e0.Счет № 835529 - 1 от 31.05.2026.pdf,"ПАО ""МТС""",7740000076,781343001,"ПАО ""МТС""",7740000076,997750001,match,mismatch,match
5480,71cde35d-7a46-4c22-b011-20309ae7eb4a,tables,71cde35d-7a46-4c22-b011-20309ae7eb4a.900800793023_CDTP_2_31.03.2026.pdf,ПАО «Ростелеком»,7707049388,143543001,"Приморский филиал ПАО ""Ростелеком"" (Дальний Восток)",7707049388,253643002,match,mismatch,match
5498,5cac55a2-3a91-44b8-bcc3-5e880a94aa57,tables,5cac55a2-3a91-44b8-bcc3-5e880a94aa57.900100993152_CDTP_2_31.01.2026.pdf,ПАО «Ростелеком»,7707049388,213043001,"Нижегородский филиал ПАО ""Ростелеком"" (Волга)",7707049388,526043002,match,mismatch,match
5509,c624c382-743f-46ff-9a88-ceea08488b2f,tables,c624c382-743f-46ff-9a88-ceea08488b2f.Счет_3de35e4c-2018-4a9d-bbe7-1fe78db33edc.pdf,"ООО ""КОМУС""",7721793895,781145001,"ООО ""КОМУС""",7721793895,997350001,match,mismatch,match
5515,c8a86a43-d011-41a5-be64-3545ea9dea22,tables,c8a86a43-d011-41a5-be64-3545ea9dea22.Счет на оплату № 65 от 10 марта 2026 г.pdf,"ООО ""АМЕТИСТ""",9717142044,773301001,"ООО ""АМЕТИСТ""",9717142044,770401001,match,mismatch,match
5519,1e704b73-6104-4801-ab99-41b17d5bcad1,tables,1e704b73-6104-4801-ab99-41b17d5bcad1.Вымпелком 449228РКО 9533.pdf,Новосибирская дирекция связи – структурное подразделение Центральной станции связи - филиала ОАО «Российские железные дороги»,7708503727,540731041,Центральная станция связи ОАО «РЖД»,7708503727,771843001,match,mismatch,mismatch
5536,220423c6-89bb-4d46-b1fe-881f141cfb8f,tables,220423c6-89bb-4d46-b1fe-881f141cfb8f.[646Е] 64926171 - Авансовый счет 2_f8a7bf54-1a3d-4614-b619-abeedbe585c3.pdf,"Публичное акционерное общество энергетики и электрификации ""Камчатскэнерго""",4100000668,775050001,"ПАО ""ДЭК""",2723088770,997650001,mismatch,mismatch,mismatch
5537,593914df-598e-4f8e-84dd-5aad3d404880,tables,593914df-598e-4f8e-84dd-5aad3d404880.КС-2 №353 от 01.04.2026.pdf,"ООО ""ФОРТ-КОНТРОЛЬ""",7720000000,772000000,"ООО ""ФОРТ-КОНТРОЛЬ""",5040125816,504001001,mismatch,mismatch,match
5540,3aca4f9d-d0ca-4550-adb5-6bbf6bd538f6,tables,3aca4f9d-d0ca-4550-adb5-6bbf6bd538f6.3921 Счет-договор ПК .pdf,ООО ЦОТ «СВЯЗЬ»,,997750001,"ООО ЦОТ ""СВЯЗЬ""",7719200121,771901001,llm_missing,mismatch,match
5547,e82994a8-a29f-45ce-98c8-f7ad7e11f511,tables,e82994a8-a29f-45ce-98c8-f7ad7e11f511.УПД №4219980219 от 31.03.26.pdf,"ГУП ""Водоканал Санкт-Петербурга""",7830000426,784201001,"АО ""ЛК ""ЛИКОСТРОЙ""",7710468910,781001001,mismatch,mismatch,mismatch
5552,398f2bbc-64aa-4d92-b74d-1f6cdd3a19be,tables,398f2bbc-64aa-4d92-b74d-1f6cdd3a19be.ОС-1 (Акт о приеме-передаче ОС) № 5 от 30 марта 2026 г.pdf,"АО ""СМАРТС""",110013790000,110013790,"АО ""СМАРТС""",6311008571,631501001,mismatch,mismatch,match
5553,89ec2f3c-80af-471b-9a9f-6c0e7aa59073,tables,89ec2f3c-80af-471b-9a9f-6c0e7aa59073.Детализация № MB00-000212.pdf,"ООО ""Манхэттен Братеево""",115612200000,770001001,"ООО ""Манхэттен Братеево""",7724576232,772401001,mismatch,mismatch,match
5555,73298e09-bef2-43d0-a86a-d3e7f1ed8073,tables,73298e09-bef2-43d0-a86a-d3e7f1ed8073.900400580498_CDTP_2_31.12.2025.pdf,ПАО «Ростелеком»,7707049388,222443001,"Новосибирский филиал ПАО ""Ростелеком"" (Сибирь)",7707049388,540643001,match,mismatch,match
5557,62eb1083-d8e8-417b-b60a-d928f344dd91,tables,62eb1083-d8e8-417b-b60a-d928f344dd91.Счёт №288 от 30 апреля 2026.pdf,"ООО ""ГУОДОНГ""",9709124154,772801001,"ООО ""ГУОДОНГ""",9709124154,772501001,match,mismatch,match
5558,92d4d139-aaf4-4bc3-821a-7661fc3ee624,tables,92d4d139-aaf4-4bc3-821a-7661fc3ee624.Счет_d6c5ae28-6320-42ea-9c3f-f10fbdc7e4fa.pdf,"ООО ""КОМУС""",7721793895,500945001,"ООО ""КОМУС""",7721793895,997350001,match,mismatch,match
5560,8ecb0376-2303-419a-b5ab-a1a912b713cb,tables,8ecb0376-2303-419a-b5ab-a1a912b713cb.Итоговый счет_7713076301_202602_15374756.pdf,"Акционерное Общество ""Дальневосточная Генерирующая Компания""",1434031363,790145001,"АО ""ДГК""",1434031363,272101001,match,mismatch,match
5561,f0b45d98-c714-492f-868a-cf4d8485ef1e,tables,f0b45d98-c714-492f-868a-cf4d8485ef1e.900000684553_CDTP_2_31.01.2026.pdf,ПАО «Ростелеком»,7707049388,280143001,"Приморский филиал ПАО ""Ростелеком"" (Дальний Восток)",7707049388,253643002,match,mismatch,match
5571,0a8abf4a-1903-45f7-835b-514440cb5c05,tables,0a8abf4a-1903-45f7-835b-514440cb5c05.УПД 31.05.26 № А0014760 = 421 426.68 в т.ч. НДС 75 994.98 (1).pdf,"Общество с ограниченной ответственностью ""ТПК-Лагуна""",1326147018,132601001,"ООО ""ТПК -ЛАГУНА""",1326147018,132801001,match,mismatch,match
5575,7f678c6d-9250-46e4-ab78-65ce484e3a40,tables,7f678c6d-9250-46e4-ab78-65ce484e3a40.ON_SOPL_2BM2BM-7713076301-2012052807251168061080000000000_2ВМ-2013010901254377097670000000000_20260131_b5de65e4-4b30-443c-9348-2d9d6c8d81e8_0_0_0_0_0_00.pdf,"Акционерное общество ""Томская энергосбытовая компания""",7017114680,701701001,"АО ""ТОМСКЭНЕРГОСБЫТ""",7017114680,785150001,match,mismatch,match
5579,9b1e687c-1b67-4411-a5a1-634e339c5c10,tables,9b1e687c-1b67-4411-a5a1-634e339c5c10.Счет на оплату ЭР-2360 от 28.02.2026 .pdf,"Общество с ограниченной ответственностью ""ЭкоЦентр""",3444177534,614943001,"ООО ""ЭкоЦентр""",3444177534,770301001,match,mismatch,match
5581,21bc4993-f960-4f6a-85dc-9d90b593e450,tables,21bc4993-f960-4f6a-85dc-9d90b593e450.ON_SCHET_2BM-7713076301-2012052807251168061080000000000_2BEb3a11426ba21487bb94eb837c2df5238_20260105_C72598E7-3079-47ED-A2B3-0802A531D73B.pdf,ПАО «Камчатскэнерго»,4100000668,775050001,"ПАО ""ДЭК""",2723088770,997650001,mismatch,mismatch,mismatch
5584,0cefbb59-9eea-4d7a-a055-b4b21b5b912d,tables,0cefbb59-9eea-4d7a-a055-b4b21b5b912d.Счет № 825507 - 1 от 31.01.2026.pdf,"ПАО ""МТС""",7740000076,781343001,"ПАО ""МТС""",7740000076,997750001,match,mismatch,match
5588,89a151fa-d3a4-48a7-9765-95f39842331d,tables,89a151fa-d3a4-48a7-9765-95f39842331d.Счет на оплату № 47 от 31 марта 2026 г.pdf,"ООО ""МОБАЙЛ ГРУПП""",0275912530,027501001,"ООО ""ПАРИТЕТ-ТЕЛЕКОМ""",0275912530,027501001,match,match,mismatch
5605,f73907ee-8f95-4629-b156-ec47b969fd1f,tables,f73907ee-8f95-4629-b156-ec47b969fd1f.Счет № 906144 - 1 от 31.12.2025.pdf,"ПАО ""Мобильные ТелеСистемы""",7740000076,997750001,"ПАО ""МТС""",7740000076,997750001,match,match,mismatch
5608,a766ac31-dda3-48a4-a86e-fb21935ffca6,tables,a766ac31-dda3-48a4-a86e-fb21935ffca6.Счет № 907324 - 1 от 31.03.2026.pdf,"Публичное акционерное общество ""Мобильные ТелеСистемы""",7740000076,997750001,"ПАО ""МТС""",7740000076,997750001,match,match,mismatch
5629,01bba157-fe35-4f91-a142-40d1c43718ec,tables,01bba157-fe35-4f91-a142-40d1c43718ec.Счёт №258 от 30 апреля 2026.pdf,"ООО ""ГУОДОНГ""",9709124154,772801001,"ООО ""ГУОДОНГ""",9709124154,772501001,match,mismatch,match
5634,ede720f3-2bc3-4728-95ef-e9dc4651f9ec,tables,ede720f3-2bc3-4728-95ef-e9dc4651f9ec.ВЫМПЕКЛКОМ Счет на оплату №2272 от 01.06.2026.pdf,"Акционерное общество ""Центр управления непрофильными активами""",1901069225,503845001,"АО ""ЦУНА""",1901069225,773401001,match,mismatch,match
5641,ad7eb0f4-e33f-46ac-9480-211d0f90ff3f,tables,ad7eb0f4-e33f-46ac-9480-211d0f90ff3f.raschet_Pirogovo_fevral.pdf,Баландин К. Н.,,,Баландин Константин Николаевич,482412242220,,llm_missing,both_missing,mismatch
5642,4af93904-51cc-4732-8861-75e4d86072d8,tables,4af93904-51cc-4732-8861-75e4d86072d8.Счет на оплату № 20260622055 от 22 июня 2026 г.pdf,"ООО ""СТРОЙ ИНВЕСТ""",9705083115,772001001,"ООО ""СТРОЙ ИНВЕСТ""",9705083115,772201001,match,mismatch,match
5650,5bab8490-58e7-48f0-b78f-366e7ac39ca1,tables,5bab8490-58e7-48f0-b78f-366e7ac39ca1.ON_BILL_2BM_2BM_20260401_735176753#9280485#I.pdf,"Северо-Западный филиал ПАО ""МегаФон""",7812014560,780143001,"Северо-Западный филиал ПАО ""МегаФон""",7812014560,784143001,match,mismatch,match
5651,fdc6670c-daf7-4939-8dc1-eaa6af21e9b3,tables,fdc6670c-daf7-4939-8dc1-eaa6af21e9b3.Счет № 831961 - 1 от 30.04.2026.pdf,"ПАО ""Мобильные ТелеСистемы""",7740000076,781343001,"ПАО ""МТС""",7740000076,997750001,match,mismatch,mismatch
5666,3499c682-a4d5-4738-a6d6-e4ea84190d4d,tables,3499c682-a4d5-4738-a6d6-e4ea84190d4d.ЮЛ_ИнтегральныйАкт_3.pdf,"ООО ""ЭНЕРГОСБЫТХОЛДИНГ""",7707083893,770701001,"ООО ""ЭНЕРГОСБЫТХОЛДИНГ""",7703599239,770401001,mismatch,mismatch,match
5674,69bd116f-2ef0-494a-9068-181f9fa1b566,tables,69bd116f-2ef0-494a-9068-181f9fa1b566.Счет на оплату № 33 от 30 апреля 2026 г.pdf,ИП Чилоянц А. А.,230112500648,,Чилоянц Азгануш Антраниковна,230112500648,,match,both_missing,mismatch
5678,133dfc2e-0b50-4a2b-9aea-d05317c98860,tables,133dfc2e-0b50-4a2b-9aea-d05317c98860.VYMPELKOM_PAO_za_mart_2026_g..pdf,"ООО ""Нево-Центр""",1149010012,770701001,"ООО ""Нево-Центр""",7801382805,780401001,mismatch,mismatch,match
5680,c3de512e-dd2c-4975-8db3-78397466eab8,tables,c3de512e-dd2c-4975-8db3-78397466eab8.Акт сверки 18-02_14.pdf,"ООО ""Новотелеком""",5406260827,540626082,"ООО ""Новотелеком""",5406260827,540601001,match,mismatch,match
5687,1f2fe830-96df-4108-9172-b2dd14da0513,tables,1f2fe830-96df-4108-9172-b2dd14da0513.ТНС ДЕЛЬТА декабрь.pdf,"Общество с ограниченной ответственностью ""Дельта""",5243024556,524301001,Забебенина Ирина Сергеевна,524301325976,,mismatch,edo_missing,mismatch
5690,1144ac14-1755-43ac-9a26-c557606dac04,tables,1144ac14-1755-43ac-9a26-c557606dac04.ЗАК178-Д24442ВК-ЛКСП-24_103 PR_26099331 Копия документов 3х лиц № 260331-152 от 31.03.2026.pdf,Общество с ограниченной ответственностью «ЭмЭмЭс Коммьюникейшнз»,7714328921,,"ООО ""ЛАЙОН КОММЬЮНИКЕЙШНЗ""",7743068844,771401001,mismatch,llm_missing,mismatch
5696,590792cb-ed45-4436-8318-01336b55a594,tables,590792cb-ed45-4436-8318-01336b55a594.900300717207_CDTP_2_31.12.2025.pdf,ПАО «Ростелеком»,7707049388,110143001,"Макрорегиональный филиал ""Северо-Запад"" ПАО ""Ростелеком""",7707049388,784243002,match,mismatch,match
5701,533a6978-902c-41f4-8532-33bbed5cf824,tables,533a6978-902c-41f4-8532-33bbed5cf824.ON_SCHET_2BM-7713076301-2012052807251168061080000000000_2BEb3a11426ba21487bb94eb837c2df5238_20260306_E0ECDB47-061A-40E5-AD0D-762ACFB0732F.pdf,"Публичное акционерное общество ""Камчатскэнерго""",4100000668,775050001,"ПАО ""ДЭК""",2723088770,997650001,mismatch,mismatch,mismatch
5704,f77ac830-dd84-4c04-ae20-72f3cd1347c5,tables,f77ac830-dd84-4c04-ae20-72f3cd1347c5.900700993156_CDTP_2_31.12.2025.pdf,ПАО «Ростелеком»,7707049388,645243001,"Нижегородский филиал ПАО ""Ростелеком"" (Волга)",7707049388,526043002,match,mismatch,match
5720,6527b370-73b7-424e-9378-a337fd0431e5,tables,6527b370-73b7-424e-9378-a337fd0431e5.Счет на оплату № 89 от 16 февраля 2026 г.pdf,ИП Исхаков А. Я.,230803583403,,Исхаков Артем Яковлевич,230803583403,,match,both_missing,mismatch
5721,41a63fbc-ca9a-4c13-a3e1-03ea50c21e05,tables,41a63fbc-ca9a-4c13-a3e1-03ea50c21e05.А20 Счет в валюте документа № 93 от 19 мая 2026 г..pdf,ООО УК «Альфа-Капитал» Д.У. ЗПИФ недвижимости «АКТИВО ДВАДЦАТЬ»,7728142469,772814246,"ООО УК ""Альфа-Капитал""",7728142469,770301001,match,mismatch,match
5725,a22e858c-9e0d-4662-862c-27bd8835d2ba,tables,a22e858c-9e0d-4662-862c-27bd8835d2ba.Счет на оплату № 129 от 31 января 2026 г.pdf,"ООО ""Русский Мастер""",5404070958,772001001,"ООО ""РУССКИЙ МАСТЕР""",5404070958,772901001,match,mismatch,match
5731,f291c5df-fe0c-41c3-8e21-4a069c2f27b1,tables,f291c5df-fe0c-41c3-8e21-4a069c2f27b1.900700776257_CDTP_2_31.03.2026.pdf,ПАО «Ростелеком»,7707049388,143543001,"Приморский филиал ПАО ""Ростелеком"" (Дальний Восток)",7707049388,253643002,match,mismatch,match
5734,9cb86ee1-02c9-40da-978f-1a356be7126c,tables,"9cb86ee1-02c9-40da-978f-1a356be7126c.Приложение №5 ФК_123544 г. Магнитогорск, Правобережный район,.pdf",ООО «ФОРТ-КОНТРОЛЬ»,7707083893,770701001,"ООО ""ФОРТ-КОНТРОЛЬ""",5040125816,504001001,mismatch,mismatch,match
5741,d80362de-9b4c-49a1-ae2c-3456be693519,tables,d80362de-9b4c-49a1-ae2c-3456be693519.Аванс №4 по договору 3391 (ЛС 9100).pdf,"АО ""Барнаульская горэлектросеть""",2221008019,222101001,Муравьева Людмила Васильевна,222101289341,,mismatch,edo_missing,mismatch
5742,b7d9a04a-1763-4b32-ab4f-f89c7f0e0312,tables,b7d9a04a-1763-4b32-ab4f-f89c7f0e0312.Счет на оплату № 440088 от 31 марта 2026 г.PDF,"Открытое Акционерное Общество ""Костромская городская телефонная сеть""",4401006871,440101001,ОАО КГТС,4401006871,440101001,match,match,mismatch
5748,86266acb-5c47-4807-81ba-36cc697006e8,tables,86266acb-5c47-4807-81ba-36cc697006e8.СЧЁТ 00-26-00-FR025852.pdf,"Акционерное общество ""Страховое общество газовой промышленности""",7736035485,997950001,"АО ""СОГАЗ""",7736035485,770801001,match,mismatch,mismatch
5767,26c83790-2bec-4717-ba9a-a28ecbb2762e,tables,26c83790-2bec-4717-ba9a-a28ecbb2762e.Счет № 10 И.pdf,"Челябинский РФ АО ""Россельхозбанк""",7725114488,745143001,"АО ""РОССЕЛЬХОЗБАНК""",7725114488,997950001,match,mismatch,match
5768,2b200a62-92be-474a-9f76-bab96eb621e6,tables,2b200a62-92be-474a-9f76-bab96eb621e6.Счет на оплату № 244 от 19 февраля 2026 г.pdf,"ООО ""Русский Мастер""",5404070958,772001001,"ООО ""РУССКИЙ МАСТЕР""",5404070958,772901001,match,mismatch,match
5769,a88ee5b9-b0cc-46dd-86fe-e4d85d6628e5,tables,a88ee5b9-b0cc-46dd-86fe-e4d85d6628e5.Счет № 901933 - 1 от 30.04.2026.pdf,"Публичное акционерное общество ""Мобильные ТелеСистемы""",7740000076,997750001,"ПАО ""МТС""",7740000076,997750001,match,match,mismatch
5776,770bfeb1-3621-45fc-abc0-7b714b789840,tables,770bfeb1-3621-45fc-abc0-7b714b789840.1000_6400620538_38_27-04-2026.PDF,"АО ""ЭР-Телеком Холдинг""",,997750001,"АО ""ЭР-ТЕЛЕКОМ ХОЛДИНГ""",5902202276,590501001,llm_missing,mismatch,match
5779,66d33203-4772-424f-82ab-d471cf3204cd,tables,66d33203-4772-424f-82ab-d471cf3204cd.SF9100184963.pdf,"СИБИРСКИЙ ФИЛИАЛ ПАО ""МЕГАФОН""",7812014560,407028108,"Сибирский филиал ПАО ""МегаФон""",7812014560,540643001,match,mismatch,match
5808,e5077892-7be5-4439-9cf3-ae343ffd921a,tables,e5077892-7be5-4439-9cf3-ae343ffd921a.Акт_7713076301_165543001_114307_2026.05.31_00.pdf,"ПАО ""ТАТТЕЛЕКОМ""",1681000024,162732002,"ПАО ""ТАТТЕЛЕКОМ""",1681000024,166001001,match,mismatch,match
5810,9b533718-aa0e-4f23-92ac-ac222c103c95,tables,9b533718-aa0e-4f23-92ac-ac222c103c95.900500558281_CDTP_2_31.03.2026.pdf,ПАО «Ростелеком»,7707049388,773443001,"Приморский филиал ПАО ""Ростелеком"" (Дальний Восток)",7707049388,253643002,match,mismatch,match
5811,c2dee165-1083-4e7f-aadd-6eeda4cda433,tables,c2dee165-1083-4e7f-aadd-6eeda4cda433.акт_сверки_202604_71dbedf6-1abf-45ac-9a3f-fab641cd661d.pdf,"ООО ""КЭС""",7707083893,770701001,"ООО ""КЭС""",2308138781,230801001,mismatch,mismatch,match
5813,1bf436a4-8d21-4a7d-8301-726d34fbe643,tables,1bf436a4-8d21-4a7d-8301-726d34fbe643.1000_6400216439_21_25-02-2026.PDF,"АО ""ЭР-Телеком Холдинг""",7713076301,997750001,"АО ""ЭР-ТЕЛЕКОМ ХОЛДИНГ""",5902202276,590501001,mismatch,mismatch,match
5825,a8c138d3-298b-41b2-9ad5-924930b28abf,tables,a8c138d3-298b-41b2-9ad5-924930b28abf.12_2025_Акт оказанных услуг ПАО ВымпелКом (пересчет).pdf,АО «Российский Сельскохозяйственный банк»,7707083893,770701001,"АО ""РОССЕЛЬХОЗБАНК""",7725114488,997950001,mismatch,mismatch,match
5826,a08bf61c-e4d0-4c94-ae05-3cb94f771236,tables,a08bf61c-e4d0-4c94-ae05-3cb94f771236.Сч 101 от 31.03.26.pdf,"ООО ""Классик Транзит Телеком""",194156783940,780201001,"ООО ""КТТ""",7839404279,780201001,mismatch,match,match
5827,6038ce06-51e4-4d36-aa50-168f488f6cd7,tables,6038ce06-51e4-4d36-aa50-168f488f6cd7.900401077774_CDTP_2_31.01.2026.pdf,ПАО «Ростелеком»,7707049388,246643001,"Новосибирский филиал ПАО ""Ростелеком"" (Сибирь)",7707049388,540643001,match,mismatch,match
5835,f714980f-f8df-469e-84e6-4689fb26f426,tables,f714980f-f8df-469e-84e6-4689fb26f426.10KHS26013100002 от 31.01.2026 счет Вымпелком Хабаровск.pdf,"ООО ""Русс Аутдор""",7731196087,770601001,"ООО ""РУСС АУТДОР""",7731196087,771401001,match,mismatch,match
5843,cdfadd2c-0565-49ed-b0c4-014c0b9f6d29,tables,cdfadd2c-0565-49ed-b0c4-014c0b9f6d29.900600595847_CDTP_2_28.02.2026.pdf,ПАО «Ростелеком»,7707049388,583643001,"Нижегородский филиал ПАО ""Ростелеком"" (Волга)",7707049388,526043002,match,mismatch,match
5849,fd628489-b8db-4087-9b1f-e02934ccd9b7,tables,fd628489-b8db-4087-9b1f-e02934ccd9b7.Вымпелком к СФ 1402 № КП-374 от 18.06.2026.pdf,"ООО ""Комплекс Парадная""",7826711272,785150001,"ООО ""КОМПЛЕКС ПАРАДНАЯ""",7826711272,784001001,match,mismatch,match
5857,e249d847-6a21-42c4-a3d0-f45be7043287,tables,e249d847-6a21-42c4-a3d0-f45be7043287.Счет_ed65fc7f-ee07-41c8-9115-4cbe15a67390.pdf,"ООО ""КОМУС""",7721793895,500945001,"ООО ""КОМУС""",7721793895,997350001,match,mismatch,match
5858,7e5ebebc-5ad2-47cd-8503-94d4d4fe509b,tables,7e5ebebc-5ad2-47cd-8503-94d4d4fe509b.ЗАК166-Д24442ВК-ЛКСП-24_99 PR_26099345 Копия документов 3х лиц № 260331-114 от 31.03.2026.pdf,Общество с ограниченной ответственностью «ЭмЭмЭс Коммьюникейшнз»,7714328921,,"ООО ""ЛАЙОН КОММЬЮНИКЕЙШНЗ""",7743068844,771401001,mismatch,llm_missing,mismatch
5866,4dccff4f-9d03-4d97-96e4-052c6445616e,tables,4dccff4f-9d03-4d97-96e4-052c6445616e.счет вымпелком ТО от 07.05.2026.pdf,"ЗАО ""Стройтехносеть""",5405252510,540601001,"ЗАО ""СТРОЙТЕХНОСЕТЬ""",5405252510,540501001,match,mismatch,match
5871,fd11671b-7367-414c-bcbc-521971b97ee8,tables,fd11671b-7367-414c-bcbc-521971b97ee8.Счет на оплату № 7 от 31 января 2026 г.pdf,ИП Чилоянц А. А.,230112500648,,Чилоянц Азгануш Антраниковна,230112500648,,match,both_missing,mismatch
5874,bca7abfa-c491-4a85-96eb-04e597497269,tables,bca7abfa-c491-4a85-96eb-04e597497269.ON_SCHET_0010930000001788-9300349191_20260205_20260205_6977CD5C-DCB6-83B0-E100-80000A164040pdf.pdf,"Открытое акционерное общество ""Российские железные дороги""",7708503727,997650001,"Октябрьская железная дорога – филиал ОАО ""РЖД""",7708503727,784043001,match,mismatch,mismatch
5879,e9ae2122-8199-4f5a-83bd-e68b877f0783,tables,e9ae2122-8199-4f5a-83bd-e68b877f0783.1000_6400547142_31_31-03-2026.PDF,"АО ""ЭР-Телеком Холдинг""",7713076301,997750001,"АО ""ЭР-ТЕЛЕКОМ ХОЛДИНГ""",5902202276,590501001,mismatch,mismatch,match
5881,c6c19c57-ba2d-46a2-a7df-67f838470bb1,tables,c6c19c57-ba2d-46a2-a7df-67f838470bb1.под. докум. эскб февраль 2026г..pdf,"ООО ""ЭСКБ""",0275038496,997650001,Наумов Алексей Викторович,024202852576,,mismatch,edo_missing,mismatch
5896,94706408-8207-49e4-85fd-049f30748079,tables,94706408-8207-49e4-85fd-049f30748079.Счет на оплату № 21 от 31 марта 2026 г.pdf,ИП Чилоянц А. А.,230112500648,,Чилоянц Азгануш Антраниковна,230112500648,,match,both_missing,mismatch
5897,4fbebb72-b9b5-48e1-905c-8f5d8db8742b,tables,4fbebb72-b9b5-48e1-905c-8f5d8db8742b.900600504452_CDTP_2_31.12.2025.pdf,ПАО «Ростелеком»,7707049388,032343001,"Новосибирский филиал ПАО ""Ростелеком"" (Сибирь)",7707049388,540643001,match,mismatch,match
5902,e1b8376e-6384-4a0f-b589-71b7ea6c1ee9,tables,e1b8376e-6384-4a0f-b589-71b7ea6c1ee9.Счет № 902434 - 1 от 28.02.2026.pdf,ПАО «Мобильные ТелеСистемы»,7740000076,997750001,"ПАО ""МТС""",7740000076,997750001,match,match,mismatch
5905,12694b7a-7d74-40b3-8b88-d8a139b2bb31,tables,12694b7a-7d74-40b3-8b88-d8a139b2bb31.Акт_18-гтэс _31.03.26_Вымпелком_1319.pdf,ПАО «Россети Ленэнерго»,,,"АО ""РОССЕТИ ЦИФРА""",7705307770,773401001,llm_missing,llm_missing,mismatch
5908,13042e3f-b7fa-4df4-b197-f80872f309e3,tables,13042e3f-b7fa-4df4-b197-f80872f309e3.1200_6400000902_31-03-2026.PDF,"ООО ""АЙХОУМ""",,222545027,"ООО ""АЙХОУМ""",7708740453,770501001,llm_missing,mismatch,match
5910,d9a13638-bd94-4c1f-8dcf-c515aae08ce9,tables,d9a13638-bd94-4c1f-8dcf-c515aae08ce9.1000_6400095637_31-01-2026.PDF,"АО ""ЭР-Телеком Холдинг",7713076301,540503001,"АО ""ЭР-ТЕЛЕКОМ ХОЛДИНГ""",5902202276,590501001,mismatch,mismatch,match
5913,d9920da7-95d4-43c1-be05-799ae069bf77,tables,d9920da7-95d4-43c1-be05-799ae069bf77.Счет_38106a52-7e0b-4bef-a3e2-29b8c8df7d40.pdf,"ООО ""КОМУС""",7721793895,500945001,"ООО ""КОМУС""",7721793895,997350001,match,mismatch,match
5921,fe7611d9-5cfb-46f2-ab56-effbd66cedef,tables,fe7611d9-5cfb-46f2-ab56-effbd66cedef.счет 65.pdf,АО «Донэнерго» ЗМЭС,6163089292,615143002,АО Донэнерго,6163089292,616301001,match,mismatch,match
5928,159b4011-c59d-4e9a-9074-6fee3c0b59e6,tables,159b4011-c59d-4e9a-9074-6fee3c0b59e6.Счет на оплату № 691 от 17 марта 2026 г.pdf,ИП Маркарьян Е. Л.,231705731599,,Маркарьян Елена Леонтьевна,231705731599,,match,both_missing,mismatch
5931,5f358353-61d9-4788-ab86-66f70b4e1a76,tables,5f358353-61d9-4788-ab86-66f70b4e1a76.7713076301_997750001_ВЫМПЕЛКОМ ПАО_01.10.2025_31.12.2025.pdf,"ООО ""РЦ""",1646047037,,"ООО ""ТАБЫШ""",1646041050,164601001,mismatch,llm_missing,mismatch
5932,393fc1e1-5f5a-436d-ac7f-63b53f9d079f,tables,393fc1e1-5f5a-436d-ac7f-63b53f9d079f.КС-2 №551 от 22.05.2026.pdf,"ООО ""ФОРТ-КОНТРОЛЬ""",140180000000,,"ООО ""ФОРТ-КОНТРОЛЬ""",5040125816,504001001,mismatch,llm_missing,match
5939,700f9c21-0c94-4b3e-9d7d-b5288339b094,tables,700f9c21-0c94-4b3e-9d7d-b5288339b094.Счет № 9 П.pdf,"Челябинский РФ АО ""Россельхозбанк""",7725114488,745143001,"АО ""РОССЕЛЬХОЗБАНК""",7725114488,997950001,match,mismatch,match
5966,6bff6b64-397f-4032-8ed6-9829858418bc,tables,6bff6b64-397f-4032-8ed6-9829858418bc.8 MOBILE_26044784 Копия документов 3х лиц № 260531-073 от 31.05.2026.pdf,"ООО ""РОРЕ МЕДИА""",7734440400,771401001,"ООО ""ЛАЙОН КОММЬЮНИКЕЙШНЗ""",7743068844,771401001,mismatch,match,mismatch
5967,897d7101-6f84-4084-9080-d284ae9eff9c,tables,897d7101-6f84-4084-9080-d284ae9eff9c.акт_сверки_202603_7d193497-e098-447d-93a4-8cfc2afee096.pdf,"ООО ""ЕЭС-ЭНЕРГОСБЫТ""",7707083893,770701001,"ООО ""ЕЭС-ЭНЕРГОСБЫТ""",2308285539,230801001,mismatch,mismatch,match
5970,5d30c6a8-0dc7-4acd-9a8a-f0e6925fef14,tables,5d30c6a8-0dc7-4acd-9a8a-f0e6925fef14.СЧЕТ Вымпелком 7700019_3150Д.pdf,"АО ""Оренбургнефть""",7713076301,997750001,"АО ""Оренбургнефть""",5612002469,997250001,mismatch,mismatch,match
5971,48949c66-3293-40b9-bbef-510276f37775,tables,48949c66-3293-40b9-bbef-510276f37775.Счет_8c75e2e1-6b0d-4aa5-834e-5316eb0d6c42.pdf,"ООО ""КОМУС""",7721793895,500945001,"ООО ""КОМУС""",7721793895,997350001,match,mismatch,match
5974,eb862812-0a5c-40b7-bb85-b6f6465fe3cb,tables,eb862812-0a5c-40b7-bb85-b6f6465fe3cb.Счет для юридических лиц - 2026-02-05T130658.999.pdf,"АО ""Электросвязь"" в ЧР",7713076301,201402001,"АО ""ЭЛЕКТРОСВЯЗЬ"" В ЧР",2014016741,201401001,mismatch,mismatch,match
5975,e2bdc134-d852-4afd-a9c8-08952268c537,tables,e2bdc134-d852-4afd-a9c8-08952268c537.SF9100188143.pdf,ПАО МЕГАФОН,7812014560,407028108,"ПАО ""МЕГАФОН""",7812014560,997750001,match,mismatch,match
5983,43346156-67ca-425a-a2c5-6b00c69f6aff,tables,43346156-67ca-425a-a2c5-6b00c69f6aff.Счет-фактура №26013100407-14-14-876831 от 31.01.26.pdf,"Публичное акционерное общество энергетики и электрификации ""Самараэнерго""",6315222985,637732002,Винокурова Наталья Сергеевна,631225082112,,mismatch,edo_missing,mismatch
5988,a6599abc-387e-4c7c-9067-5a251cf5e857,tables,a6599abc-387e-4c7c-9067-5a251cf5e857.2_25459784 Копия документов 3х лиц № 260128-002 от 28.01.2026.pdf,"ООО ""РОРЕ МЕДИА""",7734440400,771401001,"ООО ""ЛАЙОН КОММЬЮНИКЕЙШНЗ""",7743068844,771401001,mismatch,match,mismatch
5991,bcce8592-e1eb-406c-8441-2246929d41b8,tables,bcce8592-e1eb-406c-8441-2246929d41b8.АКТ № 10427 демонтажа экспертизы и возврата оборудования и материалов.pdf,"ЗАО ""ГК ""ЛогЛаб""",,,"ООО ""Ветекс""",7806433771,780601001,llm_missing,llm_missing,mismatch
5993,e5959ffc-7c1c-4ba0-a9b0-f435adab3eb2,tables,e5959ffc-7c1c-4ba0-a9b0-f435adab3eb2.Счет_37353cae-1f01-41f6-86f6-6395d5b1b576.pdf,"ООО ""КОМУС""",7721793895,504145001,"ООО ""КОМУС""",7721793895,997350001,match,mismatch,match
5994,5a580b73-ac8a-49c8-9833-c2951ff43ff9,tables,5a580b73-ac8a-49c8-9833-c2951ff43ff9.Аванс2_19.05.2026_31.05.2026_ИННРСО5406993045_КППРСО540601001_ИНН7713076301_КПП540503001_ID04122_515_130389219.pdf,ООО «НТСК»,5406993045,540601001,ООО «СИБИРСКАЯ ТЕПЛОСБЫТОВАЯ КОМПАНИЯ»,2462222097,772501001,mismatch,mismatch,mismatch
6001,169ed9e7-f4f7-437f-966f-b4403a6487dd,tables,169ed9e7-f4f7-437f-966f-b4403a6487dd.Детализация № MT00-000584.pdf,"ООО ""МД-Тольятти""",445004000000,445000000,"ООО ""МД-ТОЛЬЯТТИ""",6319132605,632401001,mismatch,mismatch,match
6007,9be951fb-b5e3-4e87-8326-6a4b5252a72e,tables,9be951fb-b5e3-4e87-8326-6a4b5252a72e.900400777300_CDTP_2_31.03.2026.pdf,ПАО «Ростелеком»,7707049388,773443001,"Приморский филиал ПАО ""Ростелеком"" (Дальний Восток)",7707049388,253643002,match,mismatch,match
6017,e4d3ff7d-4dd8-4c81-8863-b840bb6ed82f,tables,e4d3ff7d-4dd8-4c81-8863-b840bb6ed82f.Счет_a30565a2-7341-4c17-a65d-7e825ebd6bd7.pdf,"ООО ""КОМУС""",7721793895,541045001,"ООО ""КОМУС""",7721793895,997350001,match,mismatch,match
6021,4518dcf0-d851-47c0-a001-cabb3ade5fba,tables,4518dcf0-d851-47c0-a001-cabb3ade5fba.Акт № 18 по дог_0167 Вымпелком_КЧР.pdf,ПАО «Россети Северный Кавказ»,7707083893,770701001,"АО ""РОССЕТИ ЦИФРА""",7705307770,773401001,mismatch,mismatch,mismatch
6022,3b4de9d9-4f7c-47c3-b0fd-9d431d931f61,tables,3b4de9d9-4f7c-47c3-b0fd-9d431d931f61.Акт об оказании услуг № 40 от 30 апреля 2026 г.pdf,"ООО ""ПРОФИНТЕР ИНВЕСТ""",5003050111,500305011,"ООО ""ПРОФИНТЕР ИНВЕСТ""",5003050111,500301001,match,mismatch,match
6025,4226a2fd-df39-4723-9a0a-e8a583f37a68,tables,4226a2fd-df39-4723-9a0a-e8a583f37a68.Приложение № 6 АВР КТСЗ Сибирь 1 квартал 2026г..pdf,"ООО ""ФОРТ-КОНТРОЛЬ""",770701001000,770701001,"ООО ""ФОРТ-КОНТРОЛЬ""",5040125816,504001001,mismatch,mismatch,match
6027,75d0cd62-9a4d-48ea-98d5-518be2ce539a,tables,75d0cd62-9a4d-48ea-98d5-518be2ce539a.Счет на оплату № 101 от 03 июня 2026 г.pdf,ИП ГРОШЕВ Ю. А.,280117643803,,Грошев Юрий Александрович,280117643803,,match,both_missing,mismatch
6029,6031e716-1539-4f74-9a5f-012b44d1c534,tables,6031e716-1539-4f74-9a5f-012b44d1c534.Счет на оплату № 31 от 28 февраля 2026 г.pdf,ИП ПУГИН С. В.,590607155704,,Пугин Станислав Васильевич,590607155704,,match,both_missing,mismatch
6031,a8162369-d052-4d37-a922-3a753de3276b,tables,a8162369-d052-4d37-a922-3a753de3276b.СЕНИК счет за открытие салона.docx.pdf,ИП Сеник А.А.,231007594310,,Сеник Александр Алексеевич,231007594310,,match,both_missing,mismatch
6036,4eb52839-de11-4bee-a25a-38d49182926f,tables,4eb52839-de11-4bee-a25a-38d49182926f.Счет-фактура №15632 от 31.01.26.pdf,АО «Самарагорэнергосбыт»,6316138990,631601001,Голованов Константин Петрович,631215130712,,mismatch,edo_missing,mismatch
6037,dcb36f63-7d65-4b7c-aa70-16fe8b7463a3,tables,dcb36f63-7d65-4b7c-aa70-16fe8b7463a3.900100684826_CDTP_2_31.12.2025.pdf,ПАО «Ростелеком»,7707049388,272143001,"Приморский филиал ПАО ""Ростелеком"" (Дальний Восток)",7707049388,253643002,match,mismatch,match
6038,6ee23ac3-da53-462f-8713-a197b6b1bbb7,tables,6ee23ac3-da53-462f-8713-a197b6b1bbb7.900900589730_CDTP_2_30.04.2026.pdf,ПАО «Ростелеком»,7707049388,631543001,"Нижегородский филиал ПАО ""Ростелеком"" (Волга)",7707049388,526043002,match,mismatch,match
6040,27bbd02d-e5e2-4782-94ae-7e887b1748cc,tables,27bbd02d-e5e2-4782-94ae-7e887b1748cc.ВымпелКом_ счет_договор № KF240 от 01.06.2013г. за Апрель 2026 г.pdf,"Филиал РТРС ""Калининградский ОРТПЦ""",7717127211,390602001,РТРС,7717127211,771701001,match,mismatch,match
6044,90e478fa-fd85-4f4f-9333-87370861c327,tables,90e478fa-fd85-4f4f-9333-87370861c327.raschet_Michurina_fevral.pdf,ИП Полубоярцев Г.С.,,,Полубоярцев Геннадий Сергеевич,482424666400,,llm_missing,both_missing,mismatch
6046,b82eb1fb-6cf0-47ac-aa5a-a121cb515b20,tables,b82eb1fb-6cf0-47ac-aa5a-a121cb515b20.УПД (статус 1) № 1 от 31 января 2026 г (2).pdf,ИП Пигур А. Я.,307860333100,860325230,ИП Пигур Аркадий Яковлевич,860325230208,,mismatch,edo_missing,mismatch
6048,15c94553-bbe0-4f28-b641-e50ed39d5dd0,tables,15c94553-bbe0-4f28-b641-e50ed39d5dd0.Акт об оказании услуг № 183 от 31 января 2026 г.pdf,ИП Гольц Семён Михайлович,616484400018,,Гольц Ольга Григорьевна,616405652569,,mismatch,both_missing,mismatch
6051,746a13f4-e09e-484a-a7bd-80f7a40792a7,tables,"746a13f4-e09e-484a-a7bd-80f7a40792a7.АКТ №28144 демонтажа, экспертизы и возврата оборудования и материалов 1.pdf","ЗАО ""ГК ""ЛогЛаб""",,,"ООО ""ПАРИТЕТ""",5029254550,504401001,llm_missing,llm_missing,mismatch
6055,af11283d-18cb-4ff5-adcf-676f19a282d7,tables,af11283d-18cb-4ff5-adcf-676f19a282d7.АД БС_2879 подписан.pdf,"ЗАО ""ГК ""ЛогЛаб""",,,"ООО ""ПАРИТЕТ""",5029254550,504401001,llm_missing,llm_missing,mismatch
6062,945d5679-b51f-4d97-b3e3-72b843d9e847,tables,945d5679-b51f-4d97-b3e3-72b843d9e847.Счет_7713076301_165543001_3082964_2026.05.31_3422793.pdf,ПАО ТАТТЕЛЕКОМ,1681000024,165043001,"ПАО ""ТАТТЕЛЕКОМ""",1681000024,166001001,match,mismatch,match
6068,9eff5113-63ce-49ef-9d71-2d8976df9af2,tables,"9eff5113-63ce-49ef-9d71-2d8976df9af2.Вымпелком счёт январь,26.pdf",ИП Лосев Д. Н.,032307839222,,Лосев Давид Николаевич,032307839222,,match,both_missing,mismatch
6080,87b7007c-00af-4960-94b0-f2927a0bd5cc,tables,87b7007c-00af-4960-94b0-f2927a0bd5cc.АДО БС_26025 подписан.pdf,"ЗАО ""ГК ""ЛогЛаб""""",,,"ООО ""ПАРИТЕТ""",5029254550,504401001,llm_missing,llm_missing,mismatch
6083,83a3dbd0-79d6-4849-9d40-30eb256d9105,tables,83a3dbd0-79d6-4849-9d40-30eb256d9105.SF9100183109.pdf,"ДАЛЬНЕВОСТОЧНЫЙ ФИЛИАЛ ПАО ""МЕГАФОН""",7812014560,407028101,"Дальневосточный филиал ПАО ""МегаФон""",7812014560,272143001,match,mismatch,match
6085,c78b9992-a385-4c59-ab6c-5cf34e5c0fba,tables,c78b9992-a385-4c59-ab6c-5cf34e5c0fba.ON_SCHET_2401-2603RP368491.pdf,Филиал АО «Компания ТрансТелеКом» «Межрегиональный филиал Восток»,7709219099,246343002,"АО ""Компания ТрансТелеКом""",7709219099,775050001,match,mismatch,match
6089,f5291966-839d-4198-9acb-9dee8fc91dd3,tables,f5291966-839d-4198-9acb-9dee8fc91dd3.Расчетная ведомость (тепло) 2013_7713076301_202603_21693975.pdf,"СП ""Комсомольские тепловые сети"" АО ""ДГК""",,,"АО ""ДГК""",1434031363,272101001,llm_missing,llm_missing,mismatch
6093,8cf39359-309c-498d-a3ad-7231cc3a2a15,tables,8cf39359-309c-498d-a3ad-7231cc3a2a15.1дог.1295 Акт ЧАА.pdf,Акционерное общество «Независимая энергосбытовая компания Краснодарского края»,2308091759,230843001,Черная Анна Александровна,231103702819,,mismatch,edo_missing,mismatch
6098,2710e76f-c11f-47d0-a0b1-1745f45e64e4,tables,2710e76f-c11f-47d0-a0b1-1745f45e64e4.Акт 10_юэс _31.05.26_Вымпелком_0979.pdf,ПАО «Россети Ленэнерго»,,,"АО ""РОССЕТИ ЦИФРА""",7705307770,773401001,llm_missing,llm_missing,mismatch
6112,de89a725-34bd-4f2d-ae07-f0ad8d29e89e,tables,de89a725-34bd-4f2d-ae07-f0ad8d29e89e.ON_SCHET_2BM-7713076301-2012052807251168061080000000000_2BEb3a11426ba21487bb94eb837c2df5238_20260105_21F4F3A6-6938-4B05-BB6B-A55FB002E997.pdf,ПАО «Камчатскэнерго»,4100000668,775050001,"ПАО ""ДЭК""",2723088770,997650001,mismatch,mismatch,mismatch
6113,2d486d39-e6b9-4f56-baa1-a8eb51f431b5,tables,2d486d39-e6b9-4f56-baa1-a8eb51f431b5.АктСверкиВзаиморасчетов_68280000025352.pdf,"Филиал ""Свердловский"" ПАО ""Т Плюс""",7707083893,770701001,"Свердловский филиал АО ""ЭНЕРГОСБЫТ ПЛЮС"" ",5612042824,667043001,mismatch,mismatch,mismatch
6122,d90b6708-b8f5-41b2-a0bc-d59656a907bf,tables,d90b6708-b8f5-41b2-a0bc-d59656a907bf.Счет_74f61a92-1fff-4287-bddf-c4d1da134ef4.pdf,"ООО ""КОМУС""",7721793895,744845001,"ООО ""КОМУС""",7721793895,997350001,match,mismatch,match
6124,744d6a24-78d0-457b-af67-9883c3f173c7,tables,744d6a24-78d0-457b-af67-9883c3f173c7.Приложение №6 ТО КТСЗ Запад Июнь 2026.pdf,"ООО ""ФОРТ-КОНТРОЛЬ""",7707083893,770701001,"ООО ""ФОРТ-КОНТРОЛЬ""",5040125816,504001001,mismatch,mismatch,match
6127,61ca8657-8edb-467e-90e9-89444df7c1df,tables,61ca8657-8edb-467e-90e9-89444df7c1df.1000_6402206398_41_31-12-2025.PDF,"АО ""ЭР-Телеком Холдинг""",7713076301,230845023,"АО ""ЭР-ТЕЛЕКОМ ХОЛДИНГ""",5902202276,590501001,mismatch,mismatch,match
6143,ecd3f406-0504-49ac-bdb1-696f45a5e5c2,tables,ecd3f406-0504-49ac-bdb1-696f45a5e5c2.ON_SCHET_2401-2604RP399799.pdf,Филиал АО «Компания ТрансТелеКом» «Межрегиональный филиал Восток»,7709219099,246343002,"АО ""Компания ТрансТелеКом""",7709219099,775050001,match,mismatch,match
6145,4dd91907-ae4b-4465-9fbb-1d00fa480259,tables,4dd91907-ae4b-4465-9fbb-1d00fa480259.900200595887_CDTP_2_31.12.2025.pdf,ПАО «Ростелеком»,7707049388,631543001,"Нижегородский филиал ПАО ""Ростелеком"" (Волга)",7707049388,526043002,match,mismatch,match
6149,c8c98c6f-16e2-4313-a381-4ebdc428e049,tables,c8c98c6f-16e2-4313-a381-4ebdc428e049.Счет_bcd338f0-79e2-410c-88a5-93255e38d3c8.pdf,"ООО ""КОМУС""",7721793895,500945005,"ООО ""КОМУС""",7721793895,997350001,match,mismatch,match
6151,c3e3e9f1-1579-427f-a118-e704480d73cb,tables,c3e3e9f1-1579-427f-a118-e704480d73cb.KS2_BILAYN_Tver.pdf,"ООО ""Северный Модерн""",7810817869,781001001,"ООО ""Северный Модерн""",7810817869,781601001,match,mismatch,match
6152,db4caaa4-79b5-46cd-b4a5-cf81ac866d09,tables,db4caaa4-79b5-46cd-b4a5-cf81ac866d09.№ 450 от 31 января 2026 г.pdf,"АО ""ЛК СДМ""",7733521494,504745001,"АО ""ЛК СДМ""",7733521494,773301001,match,mismatch,match
6156,fe100373-b9fb-43df-91d8-f896f2f0100b,tables,fe100373-b9fb-43df-91d8-f896f2f0100b.ЭМ_82-82 Билайн_офисы. ОП Хабаровск. Март 2026 - Акт.pdf,"ООО ""ЭКОМАКС""",,,"ООО ""ЭМ""",5404083146,540401001,llm_missing,llm_missing,mismatch
6158,b27473b7-4219-474c-a37d-2f6c577689ff,tables,b27473b7-4219-474c-a37d-2f6c577689ff.Счет № 562648 - 1 от 31.12.2025.pdf,"ПАО ""Мобильные ТелеСистемы""",7740000076,997750001,"ПАО ""МТС""",7740000076,997750001,match,match,mismatch
6166,22b924df-fd8b-4547-bbdd-265c5e137b9d,tables,22b924df-fd8b-4547-bbdd-265c5e137b9d.Счет на оплату № 1334 от 20 февраля 2026 г.pdf,"ООО ""Техновикинг"" Д.У. АО ""АЛЬФА-БАНК""",5001148746,421745001,"ООО ""ТЕХНОВИКИНГ""",5001148746,772001001,match,mismatch,match
6169,e24a06b3-ec63-4f19-8b77-d284274eb397,tables,e24a06b3-ec63-4f19-8b77-d284274eb397.Счет_fb2763b0-f5e6-4da8-aa8d-d369dbaa6691.pdf,"ООО ""КОМУС""",7721793895,744845001,"ООО ""КОМУС""",7721793895,997350001,match,mismatch,match
6180,79fa36b4-e312-4f58-a097-7d60f68fb3f0,tables,79fa36b4-e312-4f58-a097-7d60f68fb3f0.900900684573_CDTP_2_31.01.2026.pdf,ПАО «Ростелеком»,7707049388,143543001,"Приморский филиал ПАО ""Ростелеком"" (Дальний Восток)",7707049388,253643002,match,mismatch,match
6183,f42bc742-eb32-4a62-915f-e5b5976966b7,tables,f42bc742-eb32-4a62-915f-e5b5976966b7.Счет № 908495 - 1 от 28.02.2026.pdf,"Публичное акционерное общество ""Мобильные ТелеСистемы""",7740000076,997750001,"ПАО ""МТС""",7740000076,997750001,match,match,mismatch
6184,04d9beb8-95a9-4082-bc64-b567f474f3b0,tables,04d9beb8-95a9-4082-bc64-b567f474f3b0.Акт об оказании услуг № 2362 от 21 апреля 2026 г.pdf,"ООО ""ПРОТОН""",7802119050,780201001,"ООО ""Протон""",7802119050,780401001,match,mismatch,match
6188,992140e8-522d-46fb-b006-b3cc1b6bcbbd,tables,992140e8-522d-46fb-b006-b3cc1b6bcbbd.1000_6400645547_20_30-04-2026.PDF,"АО ""ЭР-Телеком Холдинг""",,780201001,"АО ""ЭР-ТЕЛЕКОМ ХОЛДИНГ""",5902202276,590501001,llm_missing,mismatch,match
6190,cca47d72-08cb-4dd8-9183-ae7465592028,tables,cca47d72-08cb-4dd8-9183-ae7465592028.Счёт №394 от 31 мая 2026.pdf,"ООО ""ГУОДОНГ""",9709124154,772801001,"ООО ""ГУОДОНГ""",9709124154,772501001,match,mismatch,match
6196,e3ee67e4-039b-45bb-84b7-767876bb3777,tables,e3ee67e4-039b-45bb-84b7-767876bb3777.РАО.pdf,"АО ""ДГК""",1434031363,272102001,"АО ""ДГК""",1434031363,272101001,match,mismatch,match
6199,1d67ef82-3bf2-468d-b261-f488f920215c,tables,1d67ef82-3bf2-468d-b261-f488f920215c.900701220702_CDTP_2_31.03.2026.pdf,ПАО «Ростелеком»,7707049388,213043001,"Нижегородский филиал ПАО ""Ростелеком"" (Волга)",7707049388,526043002,match,mismatch,match
6201,4bec906e-e274-40f4-be4e-ead7d55c56a7,tables,4bec906e-e274-40f4-be4e-ead7d55c56a7.SF9100187200.pdf,ПАО МЕГАФОН,7812014560,407028108,"ПАО ""МЕГАФОН""",7812014560,997750001,match,mismatch,match
6208,cd60d263-e4c8-414d-9f84-8b243c16781d,tables,cd60d263-e4c8-414d-9f84-8b243c16781d.Акт об оказании услуг № 222 от 30 апреля 2026 г.pdf,ИП Исхаков А. Я.,230803583403,,Исхаков Артем Яковлевич,230803583403,,match,both_missing,mismatch
6209,b76ea3b9-6af5-4f46-9f67-9c866ecd0ab6,tables,b76ea3b9-6af5-4f46-9f67-9c866ecd0ab6.Акт об оказании услуг № 2418 от 24 апреля 2026 г.pdf,"ООО ""ПРОТОН""",7802119050,780201001,"ООО ""Протон""",7802119050,780401001,match,mismatch,match
6216,b43dde61-375e-4bd9-982d-d16e588f68f5,tables,b43dde61-375e-4bd9-982d-d16e588f68f5.Счет на оплату № 4163 от 18 июня 2026 г.pdf,"ООО ""ПрофСервисТрейд""",7707820378,774301001,"ООО ""ПРОФСЕРВИСТРЕЙД""",7707820378,771401001,match,mismatch,match
6221,06faae30-c9f3-4f5b-800f-d0ce4d29ec38,tables,06faae30-c9f3-4f5b-800f-d0ce4d29ec38.900100489433_CDTP_2_31.03.2026.pdf,ПАО «Ростелеком»,7707049388,532143002,"Макрорегиональный филиал ""Северо-Запад"" ПАО ""Ростелеком""",7707049388,784243002,match,mismatch,match
6228,9fad2c2e-9973-43ec-aae8-068d36b17b47,tables,9fad2c2e-9973-43ec-aae8-068d36b17b47.900000595863_CDTP_2_31.12.2025.pdf,ПАО «Ростелеком»,7707049388,631543001,"Нижегородский филиал ПАО ""Ростелеком"" (Волга)",7707049388,526043002,match,mismatch,match
6237,3fefe730-7751-462f-8afb-8b5f7a0be013,tables,3fefe730-7751-462f-8afb-8b5f7a0be013.900800494368_CDTP_2_30.04.2026.pdf,ПАО «Ростелеком»,7707049388,143543001,"Приморский филиал ПАО ""Ростелеком"" (Дальний Восток)",7707049388,253643002,match,mismatch,match
6241,aedc3f81-b2f6-43c5-b9a5-41578b520d64,tables,aedc3f81-b2f6-43c5-b9a5-41578b520d64.900300684960_CDTP_2_30.04.2026.pdf,ПАО «Ростелеком»,7707049388,650143001,"Приморский филиал ПАО ""Ростелеком"" (Дальний Восток)",7707049388,253643002,match,mismatch,match
6246,1a790559-298d-48ff-b257-73e8546ac232,tables,1a790559-298d-48ff-b257-73e8546ac232.УПД №Э_12_006186 от 28.02.26 дог.3412.pdf,"Акционерное общество ""Мосэнергосбыт""",7736520080,997650001,ИП Перфильева Татьяна Евгеньевна,501100175384,,mismatch,edo_missing,mismatch
6251,b444970e-df23-4d96-a131-e4827c894b05,tables,b444970e-df23-4d96-a131-e4827c894b05.Schet_pokupatelyu.pdf,ИП Кравцова А. В.,343803828009,,Кравцова Алена Владимировна,343803828009,,match,both_missing,mismatch
6253,5eb26a50-825d-4d51-a5d0-a6834dadd5ca,tables,5eb26a50-825d-4d51-a5d0-a6834dadd5ca.Счет_d3066874-b8a5-4cd8-9cab-7bf73985eab6.pdf,"ООО ""КОМУС""",7721793895,781145001,"ООО ""КОМУС""",7721793895,997350001,match,mismatch,match
6254,08445e09-8e07-49c5-a18b-8926a3c7a6fe,tables,08445e09-8e07-49c5-a18b-8926a3c7a6fe.Акт_поданной_принятой_ТЭ_Вн_Д_04_ГВ_Вн_Д_13_820900000000022033.pdf,Публичное акционерное общество «Т Плюс»,6315376946,631543004,"Самарский филиал АО ""ЭнергосбыТ Плюс""",5612042824,631543001,mismatch,mismatch,match
6255,6af59894-b8af-4262-8839-2f075073b3c4,tables,6af59894-b8af-4262-8839-2f075073b3c4.Акт_7713076301_165543001_4421_2026.03.31_00.pdf,"Общество с ограниченной ответственностью ""Твои мобильные технологии""",1655327859,165501001,"ПАО ""ТАТТЕЛЕКОМ""",1681000024,166001001,mismatch,mismatch,mismatch
6256,6e808cc2-6976-4abb-9e02-8f817b43529a,tables,6e808cc2-6976-4abb-9e02-8f817b43529a.900900895634_CDTP_2_30.04.2026.pdf,ПАО «Ростелеком»,7707049388,290143001,"Макрорегиональный филиал ""Северо-Запад"" ПАО ""Ростелеком""",7707049388,784243002,match,mismatch,match
6259,ac3684e9-4ad2-467e-bb9a-747f73cec669,tables,ac3684e9-4ad2-467e-bb9a-747f73cec669.Акт об оказании услуг № 186 от 31 августа 2025 г.PDF,"ООО ""УК ""КБС""",4703121341,,"ООО ""УК Комфортбытсервис""",4703121341,470301001,match,llm_missing,mismatch
6262,0b72dfd4-ef0f-41b6-9c45-526f1435f81f,tables,0b72dfd4-ef0f-41b6-9c45-526f1435f81f.ВЫМПЕЛКОМ_Расчет.pdf,,7713076301,,"АО ""НИПИГАЗ""",2310004087,720301001,mismatch,llm_missing,llm_missing
6265,5215aa3f-8a8b-4b46-9046-2b334416d4b5,tables,5215aa3f-8a8b-4b46-9046-2b334416d4b5.2026 104712).pdf,УФПС КАЛИНИНГРАДСКОЙ ОБЛАСТИ,7724490000,390643001,"АО ""ПОЧТА РОССИИ""",7724490000,997650001,match,mismatch,mismatch
6267,4f5aab0f-fc49-4606-8c9d-f397c6e813a6,tables,4f5aab0f-fc49-4606-8c9d-f397c6e813a6.Счет_b743053b-e05b-4792-8de2-b24bb1413527.pdf,"ООО ""КОМУС""",7721793895,231145002,"ООО ""КОМУС""",7721793895,997350001,match,mismatch,match
6271,35972429-5eb9-494b-b42b-73ed91073fd3,tables,35972429-5eb9-494b-b42b-73ed91073fd3.Вымпелком - счет пересч.pdf,АО «АЛЬФА-БАНК»,,771301001,"АО ""РОССЕЛЬХОЗБАНК""",7725114488,997950001,llm_missing,mismatch,mismatch
6280,2039b1bf-2c7c-4001-a990-75e6c9e5f661,tables,2039b1bf-2c7c-4001-a990-75e6c9e5f661.4400_6400000411_31-01-2026.PDF,"АО ""Авантел""",7713076301,860245007,"АО ""АВАНТЕЛ""",5408185212,771501001,mismatch,mismatch,match
6281,c2f5c745-5852-472d-9a21-837d57c99016,tables,c2f5c745-5852-472d-9a21-837d57c99016.ЮЛ_ИнтегральныйАкт_3.pdf,"ООО ""РУСЭНЕРГОСБЫТ""",7707083893,770701001,"ООО ""РУСЭНЕРГОСБЫТ""",7706284124,770401001,mismatch,mismatch,match
6283,6e8ebe20-50f2-43c5-af89-6cb03a9ca9ba,tables,6e8ebe20-50f2-43c5-af89-6cb03a9ca9ba.02010031294296-2026-02-020102032478_1_INVOICE_2_FCSML_GQDWZ99SY4.pdf,"Общество с ограниченной ответственностью Компания ""Позвони""",0276117020,027301001,Цыплинов Сергей Владимирович,027720767849,,mismatch,edo_missing,mismatch
6289,7284d049-8438-4a9c-98e2-d04ce85a2cc2,tables,7284d049-8438-4a9c-98e2-d04ce85a2cc2.raschet_Universalnyy_proezd_fevral.pdf,ИП Баландина Л.Ф.,,,Баландина Любовь Федоровна,482406591960,,llm_missing,both_missing,mismatch
6293,0e71dc40-a0ef-4b7e-ac04-5a24fe229eab,tables,0e71dc40-a0ef-4b7e-ac04-5a24fe229eab.Счет_3950ff51-c42a-4db2-b4b8-c3c6df4b3f30.pdf,"ООО ""КОМУС""",7721793895,500945005,"ООО ""КОМУС""",7721793895,997350001,match,mismatch,match
6297,45dbd1a1-d324-40d7-a0aa-aea8fc6ab282,tables,45dbd1a1-d324-40d7-a0aa-aea8fc6ab282.расчетПДК_7713076301_001452_0СБП-012535_31.03.2026.pdf,"ООО ""Концессии водоснабжения""",7713076301,346001906,"ООО ""Концессии Водоснабжения""",3460019060,344401001,mismatch,mismatch,match
6302,6e1fbb97-d8c4-4f41-841e-73d3093946d4,tables,6e1fbb97-d8c4-4f41-841e-73d3093946d4.Akt_sverki_dog._872.pdf,"Муниципальное бюджетное учреждение ""Тюменьгормост""",7707083893,770701001,"МБУ ""ТЮМЕНЬГОРМОСТ""",7204149900,720301001,mismatch,mismatch,match
6306,e91cb426-7317-4434-a996-40a118aa5d1d,tables,e91cb426-7317-4434-a996-40a118aa5d1d.Счет на оплату № 270 от 19 декабря 2025 г.pdf,ИП Лысов А. С.,370259634920,370259634,Лысов Александр Сергеевич,370259634920,,match,edo_missing,mismatch
6315,643430af-5f72-44ad-a928-d752b626c705,tables,643430af-5f72-44ad-a928-d752b626c705.ON_SCHET_6101-2602RP327948.pdf,Филиал АО «Компания ТрансТелеКом» «Межрегиональный филиал Запад»,7709219099,616443002,"АО ""Компания ТрансТелеКом""",7709219099,775050001,match,mismatch,match
6318,b2a3b79f-04fc-4f2f-a0dc-e469d7cc70cf,tables,b2a3b79f-04fc-4f2f-a0dc-e469d7cc70cf.ON_SCHET_2BM-7713076301-2012052807251168061080000000000_2BM-7736520080-2012112806114018023400000000000_20251204_c9c26439-5181-4669-b9f2-ef3ae2b210b2.PDF,"ГБУ ""Жилищник района Нагатинский Затон""",,,"АО ""Мосэнергосбыт""",7736520080,997650001,llm_missing,llm_missing,mismatch
6319,16db874a-74d0-49af-b0c0-7e802189977b,tables,16db874a-74d0-49af-b0c0-7e802189977b.1000_6400066906_41_31-01-2026.PDF,"АО ""ЭР-Телеком Холдинг""",,616502001,"АО ""ЭР-ТЕЛЕКОМ ХОЛДИНГ""",5902202276,590501001,llm_missing,mismatch,match
6322,0fbdcf38-24ba-468b-8172-628df5580e66,tables,0fbdcf38-24ba-468b-8172-628df5580e66.ЮЛ_Счет_5.pdf,"Горьковский отдел Горьковского филиала ООО ""РУСЭНЕРГОСБЫТ""",7706284124,525732001,"ООО ""РУСЭНЕРГОСБЫТ""",7706284124,770401001,match,mismatch,match
6329,bfb96c98-0199-4753-861b-19afafec8f7a,tables,bfb96c98-0199-4753-861b-19afafec8f7a.ON_SCHET___20260303_3dd7682d-9dee-43b0-a6b4-eed68bef086f.pdf,"Общество с ограниченной ответственностью ""САНТЕЛ""",7714569853,771401001,"ООО ""СанТел""",7714569853,773401001,match,mismatch,match
6335,4527eafa-0a4a-4731-9ff5-af5d5e2f1834,tables,4527eafa-0a4a-4731-9ff5-af5d5e2f1834.ПАО ВымпелКом 02.2026.pdf,"АО ""МДМ""",1101970000,770701001,"АО ""МДМ""",7704082997,772101001,mismatch,mismatch,match
6336,9135a602-5f8c-442c-be08-8434491ec46a,tables,9135a602-5f8c-442c-be08-8434491ec46a.900100798552_CDTP_2_31.03.2026.pdf,ПАО «Ростелеком»,7707049388,645243001,"Нижегородский филиал ПАО ""Ростелеком"" (Волга)",7707049388,526043002,match,mismatch,match
6356,ced2fa42-d340-45d3-93fd-cc234171731d,tables,ced2fa42-d340-45d3-93fd-cc234171731d.ЗАК375-Д24442ВК-ЛКСП-24_165 PR_26163355 Копия документов 3х лиц № 260531-162 от 31.05.2026.pdf,Общество с ограниченной ответственностью «ЭмЭмЭс Коммьюникейшнз»,7714328921,,"ООО ""ЛАЙОН КОММЬЮНИКЕЙШНЗ""",7743068844,771401001,mismatch,llm_missing,mismatch
6367,9b70abe6-b752-4b79-b0d3-84423a3d7444,tables,9b70abe6-b752-4b79-b0d3-84423a3d7444..Счет на оплату №25 от 31 марта 2026 г_1.pdf,"ООО ""ГРАНД ВЭЙ""",2635219430,263401001,"ООО ""ГРАНД ВЭЙ""",2635219430,263501001,match,mismatch,match
6373,c121d813-bb07-4601-929a-3f90cf184f86,tables,c121d813-bb07-4601-929a-3f90cf184f86.Счет_bba57dc0-215d-4f46-98fe-4045abfe39d1.pdf,"ООО ""КОМУС""",7721793895,500945001,"ООО ""КОМУС""",7721793895,997350001,match,mismatch,match
6376,e06e01c9-07c3-453a-968d-96d718bbc4be,tables,e06e01c9-07c3-453a-968d-96d718bbc4be.1700_6400018140_31-01-2026.PDF,"ООО ""Новотелеком""",630099770001,630099770,"ООО ""Новотелеком""",5406260827,540601001,mismatch,mismatch,match
6378,3cdb6c05-10e6-4c5f-9b48-5401d9b43c6d,tables,3cdb6c05-10e6-4c5f-9b48-5401d9b43c6d.216_2115373_4711004_Act.pdf,"Государственная компания ""Российские автомобильные дороги""",7717151380,770701001,"ООО ""АВТОДОР- ПЛАТНЫЕ ДОРОГИ""",7710965662,770701001,mismatch,match,mismatch
6392,ad1fb5ae-b339-44f0-a766-ae49b93cdba4,tables,ad1fb5ae-b339-44f0-a766-ae49b93cdba4.Акт демонтажа БС 20708.pdf,"ЗАО ""ГК ""ЛогЛаб""",,,"ООО ""ЭкспаГрупп""",7716668031,770901001,llm_missing,llm_missing,mismatch
6405,c18197f4-74d9-45a5-9ae4-d79858ac2873,tables,c18197f4-74d9-45a5-9ae4-d79858ac2873.900100489433_CDTP_2_31.01.2026.pdf,ПАО «Ростелеком»,7707049388,532143002,"Макрорегиональный филиал ""Северо-Запад"" ПАО ""Ростелеком""",7707049388,784243002,match,mismatch,match
6408,2b99b3b6-34c2-436d-87ea-5299ebeae212,tables,2b99b3b6-34c2-436d-87ea-5299ebeae212.Счет на оплату № 46 от 31 мая 2026 г.pdf,ИП Макаров Г. Г.,100117914954,,Макаров Григорий Геннадьевич,100117914954,,match,both_missing,mismatch
6413,997f0470-272c-4a8f-b25c-99119a9f4411,tables,997f0470-272c-4a8f-b25c-99119a9f4411.Счет №26022800404_89_ЯМ19 от 28.02.2026.pdf,"Акционерное общество ""ЯМАЛКОММУНЭНЕРГО""",8901025421,890101001,"АО ""ЕРИЦ ЯНАО""",8901025439,890101001,mismatch,match,mismatch
6433,6e58da74-1605-40ac-b52a-8d79a5a7edfe,tables,6e58da74-1605-40ac-b52a-8d79a5a7edfe.900300733018_CDTP_2_31.01.2026.pdf,ПАО «Ростелеком»,7707049388,732543001,"Нижегородский филиал ПАО ""Ростелеком"" (Волга)",7707049388,526043002,match,mismatch,match
6438,db0d53b3-5636-4e2f-a677-0545c3f85983,tables,db0d53b3-5636-4e2f-a677-0545c3f85983.ЭМ_44-44 Билайн_офисы. ОП Улан-Удэ. Февраль 2026 - Акт.pdf,"ООО ""ЭКОМАКС""",,,"ООО ""ЭМ""",5404083146,540401001,llm_missing,llm_missing,mismatch
6443,54f4259a-08fd-4aad-a19e-dd3a7dca6392,tables,54f4259a-08fd-4aad-a19e-dd3a7dca6392.ON_BILL_2BM_2BM_20260202_707849401#9113046#I.pdf,"Северо-Западный филиал ПАО ""МегаФон""",7812014560,780143001,"Северо-Западный филиал ПАО ""МегаФон""",7812014560,784143001,match,mismatch,match
6448,84c39094-c428-4f35-b6c3-cb8a57025d47,tables,84c39094-c428-4f35-b6c3-cb8a57025d47.Счет на оплату № УУ-851 от 10.04.2026.pdf,"Улан-Удэнский ЛВРЗ АО ""Желдорреммаш""",7715729877,032643001,АО «Желдорреммаш»,7715729877,997650001,match,mismatch,match
6455,90d69017-0ff9-4d5d-a66f-ec8d6d1abae1,tables,90d69017-0ff9-4d5d-a66f-ec8d6d1abae1.АктОбОказанииУслуг № ГУ-181 от 31.01.2026.pdf,МГТУ им. Баумана,7722000820,772201001,МТУСИ,7722000820,772201001,match,match,mismatch
6469,3366fe1c-2fa0-4134-a2ea-d7d1a6ec0b02,tables,3366fe1c-2fa0-4134-a2ea-d7d1a6ec0b02.ЗАК279-Д24442ВК-ЛКСП-24_114 PR_26138780 Акт № 260430-0153 от 30.04.2026.pdf,ООО «Эхахаха Эхахаха»,7707083893,770701001,"ООО ""ЛАЙОН КОММЬЮНИКЕЙШНЗ""",7743068844,771401001,mismatch,mismatch,mismatch
6471,659dd219-848c-4c7d-b6e8-3ac649ae2a8f,tables,659dd219-848c-4c7d-b6e8-3ac649ae2a8f.Счет № 903963 - 1 от 30.04.2026.pdf,"Публичное акционерное общество ""Мобильные ТелеСистемы""",7740000076,997750001,"ПАО ""МТС""",7740000076,997750001,match,match,mismatch
6483,94fc74e9-84a8-4e28-a53d-bd2ec2caa36c,tables,94fc74e9-84a8-4e28-a53d-bd2ec2caa36c.Счет-фактура № 4 от 31 января 2026 г.pdf,"Акционерное общество ""Чувашская энергосбытовая компания""",2128700232,213001001,"ООО ""ПРЕМЬЕР-ДЕВЕЛОПМЕНТ""",1659209302,165901001,mismatch,mismatch,mismatch
6497,7cb8dfdf-c08a-4432-82a0-7cb44ec2c113,tables,7cb8dfdf-c08a-4432-82a0-7cb44ec2c113.900401107819_CDTP_2_31.12.2025.pdf,ПАО «Ростелеком»,7707049388,121543001,"Нижегородский филиал ПАО ""Ростелеком"" (Волга)",7707049388,526043002,match,mismatch,match
6505,c2a0a071-5a08-4df0-84a9-debcb86d20a4,tables,c2a0a071-5a08-4df0-84a9-debcb86d20a4.ЭМ_52-52 Билайн_офисы. ОП Кемерово. Февраль 2026 - Акт.pdf,"ООО ""ЭКОМАКС""",,,"ООО ""ЭМ""",5404083146,540401001,llm_missing,llm_missing,mismatch
6514,cf758ae8-b268-4746-b8cc-ca0664cc366a,tables,cf758ae8-b268-4746-b8cc-ca0664cc366a.Детализация № EV00-004587.pdf,"ООО ""Эверест""",127273000000,127273000,"ООО ""Эверест""",6319100522,771501001,mismatch,mismatch,match
6519,cfbb04fb-7233-4d36-85a3-faa598108b2b,tables,cfbb04fb-7233-4d36-85a3-faa598108b2b.Запрос актов сверок поставщикам ООО Серверные Решения.pdf,"Общество с ограниченной ответственностью ""СЕРВЕРНЫЕ РЕШЕНИЯ""",7604350716,760601001,"ООО ""СЕРВЕРНЫЕ РЕШЕНИЯ""",7604350716,770301001,match,mismatch,match
6527,d00f41f6-ffcd-44fe-bf43-123d41366e8e,tables,d00f41f6-ffcd-44fe-bf43-123d41366e8e.2300_6400011094_31-01-2026.PDF,"ООО ""ЭР-ТЕЛЕКОМ МОСКВА""",,997750001,"ООО ""ЭР-ТЕЛЕКОМ МОСКВА""",7713480948,772601001,llm_missing,mismatch,match
6530,35071778-c94a-4d7b-9470-524dec1d44df,tables,35071778-c94a-4d7b-9470-524dec1d44df.Счет-фактура и УПД 30.04.26 № 70044989 = 21 116.77 в т.ч. НДС 3 807.94.pdf,"ООО ""Томскводоканал""",7017270664,701701001,"ООО ""Спектр""",7017262134,701701001,mismatch,match,mismatch
6531,5f971fdf-6fe9-4cf7-af5e-1fc7c7004399,tables,5f971fdf-6fe9-4cf7-af5e-1fc7c7004399.Счет 2600086008.pdf,"АО ""ДПД РУС""",7713215523,997750001,"АО ""ДПД РУС""",7713215523,774850001,match,mismatch,match
6537,ca66523b-8c9e-47d5-9b09-4bf63ce7a7ab,tables,ca66523b-8c9e-47d5-9b09-4bf63ce7a7ab.Счет на оплату ЭЙ-23219 от 30.04.2026 .pdf,"ООО ""ЭкоЦентр""",3444177534,615543001,"ООО ""ЭкоЦентр""",3444177534,770301001,match,mismatch,match
6538,4008873a-9ce7-44e8-9594-be6cb3d96af8,tables,4008873a-9ce7-44e8-9594-be6cb3d96af8.HN 654 АКТ ЗАЧЕТА ВОЗНАГРАЖДЕНИЯ от 30.04.2026.pdf,"ООО ""УГМК-Телеком""",7702011227,770201001,"ООО ""УГМК-Телеком""",6606022606,668601001,mismatch,mismatch,match
6543,8d52dff8-c3ff-4c10-8ceb-e3ab565b89f4,tables,8d52dff8-c3ff-4c10-8ceb-e3ab565b89f4.ON_BILL_2BM_2BM_20260202_735110962#9068880#I.pdf,"Северо-Западный филиал ПАО ""МегаФон""",7812014560,780143001,"Северо-Западный филиал ПАО ""МегаФон""",7812014560,784143001,match,mismatch,match
6561,cf8dadb0-1432-43d4-8582-c059ec639299,tables,cf8dadb0-1432-43d4-8582-c059ec639299.7_25459850 Копия документов 3х лиц № 260202-019 от 02.02.2026.pdf,"ООО ""РОРЕ МЕДИА""",7734440400,771401001,"ООО ""ЛАЙОН КОММЬЮНИКЕЙШНЗ""",7743068844,771401001,mismatch,match,mismatch
6566,f8d19085-bdad-4003-9177-764d0e87249b,tables,f8d19085-bdad-4003-9177-764d0e87249b.raschet_Universalnyy_proezd_yanvar.pdf,ИП Баландина Л.Ф.,,,Баландина Любовь Федоровна,482406591960,,llm_missing,both_missing,mismatch
6571,1730b733-c721-44ae-9b92-999a1761a8f4,tables,1730b733-c721-44ae-9b92-999a1761a8f4.Счет на оплату № 3907 от 17 июня 2026 г.pdf,"ООО ""ПрофСервисТрейд""",7707820378,774301001,"ООО ""ПРОФСЕРВИСТРЕЙД""",7707820378,771401001,match,mismatch,match
6575,805013e2-d00f-4fc7-8248-3618bfbfe227,tables,805013e2-d00f-4fc7-8248-3618bfbfe227.Счет №10 от 30.04.26.pdf,НЕРУШЕВА В.В.,575204013950,,Нерушева Вера Васильевна,575204013950,,match,both_missing,mismatch
6576,9ba909a8-319b-4fd4-b501-d9ab77f3adae,tables,9ba909a8-319b-4fd4-b501-d9ab77f3adae.Доп.акт 4.3_31.03.26_Вымпелком_1225.pdf,ПАО «Россети Ленэнерго»,,,"АО ""РОССЕТИ ЦИФРА""",7705307770,773401001,llm_missing,llm_missing,mismatch
6579,09c7be47-8985-464f-8d72-592785525292,tables,09c7be47-8985-464f-8d72-592785525292.ON_SCHET_2BM-7713076301-2012052807251168061080000000000_2BEb3a11426ba21487bb94eb837c2df5238_20260306_296CCDF9-E96D-4B2C-8DAA-4852D30C3854.pdf,"Публичное акционерное общество ""Камчатскэнерго""",4100000668,775050001,"ПАО ""ДЭК""",2723088770,997650001,mismatch,mismatch,mismatch
6580,57ea90fe-0531-4f87-b692-7629624a65a9,tables,57ea90fe-0531-4f87-b692-7629624a65a9.SSK_Postuplenie_35020060239_ot_31.03.26.pdf,"ООО ""ССК""",7736317095,352501001,Подгузов Юрий Николаевич,352507849807,,mismatch,edo_missing,mismatch
6588,9374a48d-e631-467b-a357-20b6086da98b,tables,9374a48d-e631-467b-a357-20b6086da98b.Справка-расчет коммунальных услуг за март 2026г..pdf,"ООО ""ЭСКБ""",,,Назаров Денис Андреевич,026705473539,,llm_missing,both_missing,mismatch
6593,88d29525-9ddc-4d4d-9886-3034bcd57f88,tables,88d29525-9ddc-4d4d-9886-3034bcd57f88.Счет_57b16dcb-0f74-4201-8c99-cb9b03220f60.pdf,"ООО ""КОМУС""",7721793895,500945001,"ООО ""КОМУС""",7721793895,997350001,match,mismatch,match
6595,3c8eb932-fc58-4ada-9a48-546bb119d7e1,tables,3c8eb932-fc58-4ada-9a48-546bb119d7e1.900100798612_CDTP_2_31.01.2026.pdf,ПАО «Ростелеком»,7707049388,631543001,"Нижегородский филиал ПАО ""Ростелеком"" (Волга)",7707049388,526043002,match,mismatch,match
6598,f73c8e49-15d3-42a6-beb6-671ffc44ba8f,tables,"f73c8e49-15d3-42a6-beb6-671ffc44ba8f.Приложение №5 ФК_120464 г. Первоуральск, пр-т Космонавтов, д. 13, ТЦ Ма.pdf",ООО «ФОРТ-КОНТРОЛЬ»,7707083893,770701001,"ООО ""ФОРТ-КОНТРОЛЬ""",5040125816,504001001,mismatch,mismatch,match
6610,2c5b7e3c-4aac-45ed-8fbd-b5255a9d7b2d,tables,2c5b7e3c-4aac-45ed-8fbd-b5255a9d7b2d.Счет на оплату № 902 от 26.06.2026.pdf,"Общество с ограниченной ответственностью ""Ария TВ""",7838025743,783901001,"ООО ""АРИЯ ТВ""",7838025743,783901001,match,match,mismatch
6614,e4ec5bc1-85cc-4188-b995-8148fc7f430e,tables,e4ec5bc1-85cc-4188-b995-8148fc7f430e.W49 АКТ_ИП Асылгараев Ильдар Рабиясович_MSK_VIP_02_2026_S_FPVB_1.pdf,ИП Асылгараев Ильдар Рабиясович,7579143555,,Асылгараев Ильдар Рабиясович,165057951554,,mismatch,both_missing,match
6617,ac65ef1a-65fd-48bd-8e64-875c0c4985d8,tables,ac65ef1a-65fd-48bd-8e64-875c0c4985d8.14906 АДО.pdf,"ЗАО ""ГК ""ЛогЛаб""",,,"ООО ""ЗСИ""",3906191631,772301001,llm_missing,llm_missing,mismatch
6628,69706d93-90ab-4820-85f7-d1eaefd3681d,tables,69706d93-90ab-4820-85f7-d1eaefd3681d.Raschet_arendnoy_platy_NS00-000330_ot_28.02.2026.pdf,"Общество с Ограниченной Ответственностью ""Новострой""",,654001001,"ООО ""Новострой""",4205233268,421701001,llm_missing,mismatch,match
6629,0958b484-9060-4e5b-9dc1-cd4f37c0b030,tables,0958b484-9060-4e5b-9dc1-cd4f37c0b030.900600595875_CDTP_2_31.12.2025.pdf,ПАО «Ростелеком»,7707049388,631543001,"Нижегородский филиал ПАО ""Ростелеком"" (Волга)",7707049388,526043002,match,mismatch,match
6630,b740c80a-208a-4d9d-8f13-17b668637179,tables,b740c80a-208a-4d9d-8f13-17b668637179.ON_SCHET_2401-2605RP368573.pdf,Филиал АО «Компания ТрансТелеКом» «Межрегиональный филиал Восток»,7709219099,246343002,"АО ""Компания ТрансТелеКом""",7709219099,775050001,match,mismatch,match
6633,ea648bd9-eea4-4ad2-8f9d-7c5d4cb99969,tables,ea648bd9-eea4-4ad2-8f9d-7c5d4cb99969.900100684826_CDTP_2_31.03.2026.pdf,ПАО «Ростелеком»,7707049388,272143001,"Приморский филиал ПАО ""Ростелеком"" (Дальний Восток)",7707049388,253643002,match,mismatch,match
6637,8e9cb9c5-83d5-4ff5-86ed-4581f9f9e286,tables,8e9cb9c5-83d5-4ff5-86ed-4581f9f9e286.Счет-фактура № А255 от 19 июня 2026 г.pdf,"ООО ""ПСБ Страхование""",7728306068,997950001,"ООО ""ПСБ СТРАХОВАНИЕ""",7728306068,770501001,match,mismatch,match
6638,f7445fb7-8ea6-44e4-b7c7-9a1640680aa3,tables,f7445fb7-8ea6-44e4-b7c7-9a1640680aa3.10MSS26043000018 от 30.04.2026 счет Вымпелком (переменная часть).pdf,"ООО ""Русс Аутдор""",7731196087,770601001,"ООО ""РУСС АУТДОР""",7731196087,771401001,match,mismatch,match
6639,01d16658-2e66-43e2-8330-8b1d31681831,tables,01d16658-2e66-43e2-8330-8b1d31681831.Счет № 907503 - 1 от 31.01.2026.pdf,"Публичное акционерное общество ""Мобильные ТелеСистемы""",7740000076,997750001,"ПАО ""МТС""",7740000076,997750001,match,match,mismatch
6645,37685b60-6f5c-4f93-bed2-36ce909805ea,tables,37685b60-6f5c-4f93-bed2-36ce909805ea.Счет № 906330 - 1 от 31.05.2026.pdf,"Публичное акционерное общество ""Мобильные ТелеСистемы""",7740000076,997750001,"ПАО ""МТС""",7740000076,997750001,match,match,mismatch
6647,1e3166bf-08b2-4ea0-887c-dd023272c639,tables,1e3166bf-08b2-4ea0-887c-dd023272c639.Акт сверки взаиморасчетов № 196 от 01 апреля 2026 г.pdf,ИП Смагин П. Н.,228700392613,,Смагин Петр Николаевич,228700392613,,match,both_missing,mismatch
6648,0dd7632c-29f8-45e8-8e31-e16d8d4afc31,tables,0dd7632c-29f8-45e8-8e31-e16d8d4afc31.900800595923_CDTP_2_31.03.2026.pdf,ПАО «Ростелеком»,7707049388,645243001,"Нижегородский филиал ПАО ""Ростелеком"" (Волга)",7707049388,526043002,match,mismatch,match
6654,04956eb6-cad0-4e80-b687-753768ddc690,tables,04956eb6-cad0-4e80-b687-753768ddc690.КС-2 №231 от 13.03.2026.pdf,"ООО ""ФОРТ-КОНТРОЛЬ""",140180000000,,"ООО ""ФОРТ-КОНТРОЛЬ""",5040125816,504001001,mismatch,llm_missing,match
6658,8d728ab6-e7ee-49b2-82a6-91e204f23c61,tables,8d728ab6-e7ee-49b2-82a6-91e204f23c61.ЗАК372-Д24442ВК-ЛКСП-24_162 PR_26163331 Копия документов 3х лиц № 260531-166 от 31.05.2026.pdf,Общество с ограниченной ответственностью «ЭмЭмЭс Коммьюникейшнз»,,,"ООО ""ЛАЙОН КОММЬЮНИКЕЙШНЗ""",7743068844,771401001,llm_missing,llm_missing,mismatch
6659,471fe1d8-306d-47ec-86bd-12db843123f3,tables,471fe1d8-306d-47ec-86bd-12db843123f3.Счет на оплату № 340 от 17 июня 2026 г.pdf,"ООО ""ЛЕСТА ГЕЙМС ЭДЖЕНСИ""",9705161726,770901001,"ООО ""ЛЕСТА ГЕЙМС ЭДЖЕНСИ""",9705161726,997750001,match,mismatch,match
6660,bea9402a-9d56-4987-aad3-f6cacbb0d6f6,tables,bea9402a-9d56-4987-aad3-f6cacbb0d6f6.Счет_ee2c8c64-0087-458d-be26-781881135300.pdf,"ООО ""КОМУС""",7721793895,781145001,"ООО ""КОМУС""",7721793895,997350001,match,mismatch,match
6672,7a482eaf-5162-4e7f-8ca3-93c31d439819,tables,7a482eaf-5162-4e7f-8ca3-93c31d439819.ON_SCHET_1270070000002186-9300204905_20260601_20260602_69FC5244-846C-CB70-E100-80000A164040pdf.pdf,Воронежский ИВЦ 7708503727;366631032,7708503727,,"Главный вычислительный центр - филиал ОАО ""РЖД""",7708503727,770802004,match,llm_missing,mismatch
6685,092bdaeb-aa5f-47de-b728-08018c3e7b73,tables,092bdaeb-aa5f-47de-b728-08018c3e7b73.Вымпел 517-КС.pdf,"ОАО ""РЖД""",7708503727,997650001,Центральная станция связи ОАО «РЖД»,7708503727,771843001,match,mismatch,mismatch
6690,5b085d60-50bf-4eef-957b-2368e587c96c,tables,5b085d60-50bf-4eef-957b-2368e587c96c.900701100540_CDTP_2_31.05.2026.pdf,ПАО «Ростелеком»,7707049388,272143001,"Приморский филиал ПАО ""Ростелеком"" (Дальний Восток)",7707049388,253643002,match,mismatch,match
6697,e761be83-edfb-44ab-a0d3-d035df1ae421,tables,e761be83-edfb-44ab-a0d3-d035df1ae421.Счет_5d175dd2-655b-480e-b729-3421c4dbc46b.pdf,"ООО ""КОМУС""",7721793895,504145001,"ООО ""КОМУС""",7721793895,997350001,match,mismatch,match
6700,ca53470f-b41d-4721-b287-c67beec01fb5,tables,ca53470f-b41d-4721-b287-c67beec01fb5.Счет по ЛС 9535 номер 142150.953526-П от 31.05.2026_P.pdf,ПАО «Центральный телеграф»,7713076301,997750001,"ПАО ""ЦЕНТРАЛЬНЫЙ ТЕЛЕГРАФ""",7710146208,775101001,mismatch,mismatch,match
6704,e0f8287c-a668-4bef-9c7d-8eadbf6b2398,tables,e0f8287c-a668-4bef-9c7d-8eadbf6b2398.Счет 2600063665.pdf,"АО ""ДПД РУС""",7713076301,997750001,"АО ""ДПД РУС""",7713215523,774850001,mismatch,mismatch,match
6706,0af6c715-45e6-4cd5-abc4-e0927ec811c1,tables,0af6c715-45e6-4cd5-abc4-e0927ec811c1.Вымпелком_счёт_504384.pdf,"ОАО ""РЖД""",7708503727,616731022,Центральная станция связи ОАО «РЖД»,7708503727,771843001,match,mismatch,mismatch
6710,861cec57-53e1-409b-90cf-a80a232ebba7,tables,861cec57-53e1-409b-90cf-a80a232ebba7.2200_6400000373_30-04-2026.PDF,"ООО ""Новые телесистемы""",634041770708,770701001,"ООО ""НТС""",7017016869,701701001,mismatch,mismatch,match
6716,4dad96eb-e7e1-485c-9a0a-7e2af768b13e,tables,4dad96eb-e7e1-485c-9a0a-7e2af768b13e.Schet_pokupatelyu.pdf,ИП Кравцова А. В.,343803828009,,Кравцова Алена Владимировна,343803828009,,match,both_missing,mismatch
6724,fc5c4199-8d7d-4cf8-9ccf-9be281e502a2,tables,fc5c4199-8d7d-4cf8-9ccf-9be281e502a2.Акт зачета апрель.pdf,"Акционерное общество ""Московский узел связи энергетики""",,,"АО ""МУС ЭНЕРГЕТИКИ""",7705039240,773101001,llm_missing,llm_missing,mismatch
6730,b06a0776-ebf5-48ab-bd2c-9f9d5b332394,tables,b06a0776-ebf5-48ab-bd2c-9f9d5b332394.1000_6400867576_41_31-05-2026.PDF,"АО ""ЭР-Телеком Холдинг""",7713076301,616502001,"АО ""ЭР-ТЕЛЕКОМ ХОЛДИНГ""",5902202276,590501001,mismatch,mismatch,match
6733,ef561ac8-24fc-4b01-a8bb-9fefc3d9c2b6,tables,ef561ac8-24fc-4b01-a8bb-9fefc3d9c2b6.61_Акт.pdf,"Потребительское общество ОЖЭК ""Комсомольский""",6660067683,667001001,"ПО ОЖЭК ""Комсомольский""",6660067683,667001001,match,match,mismatch
6735,9ee11890-edb8-475d-bd40-c37939ebaf7e,tables,9ee11890-edb8-475d-bd40-c37939ebaf7e.Счет на оплату № ГО600240004 от 31.03.26.pdf,"Акционерное общество ""Ульяновскэнерго""",7327012462,732745001,"АО ""УЛЬЯНОВСКЭНЕРГО""",7327012462,785150001,match,mismatch,match
6736,e95f3ee6-9a76-4b58-bff7-1e64468cefde,tables,e95f3ee6-9a76-4b58-bff7-1e64468cefde.УПД №1105-6997-01 от 28.02.26.pdf,"Общество с ограниченной ответственностью ""ТНС энерго Пенза""",7702743761,583501001,Васканова Елена Вячеславовна,631218367170,,mismatch,edo_missing,mismatch
6741,fe5febdf-4d31-4af2-bceb-e5b2d1b0b1ad,tables,fe5febdf-4d31-4af2-bceb-e5b2d1b0b1ad.Счет_c65ad3cd-f0e7-4b78-8d06-3869f8a0dc17.pdf,"ООО ""КОМУС""",7721793895,500945001,"ООО ""КОМУС""",7721793895,997350001,match,mismatch,match
6742,cea54b57-4dee-41d3-80dc-03896c0cc4ca,tables,cea54b57-4dee-41d3-80dc-03896c0cc4ca.Schet_na_oplatu_(5).pdf,"ООО ""ПРАЙМ ГРУП""",301018107453,540701001,"ООО ""ПРАЙМ ГРУП""",5405385728,540701001,mismatch,match,match
6749,33599b42-b0da-4782-9095-6a81c887cda2,tables,33599b42-b0da-4782-9095-6a81c887cda2.ВЫМПЕЛКОМ ПАО Счет на оплату № Ъ1419 от 17.04.2026.pdf,"АО ""Коммерсантъ""",7707120552,770701001,"АО ""КОММЕРСАНТЪ""",7707120552,770301001,match,mismatch,match
6753,d5850ab9-3559-4d2c-b3d0-069bafc82e88,tables,d5850ab9-3559-4d2c-b3d0-069bafc82e88.ON_VEDOMOST_2BM-7713076301-2012052807251168061080000000000_2BM-1101301856-2012052807212867861080000000000_31032026 21.PDF,"Акционерное общество ""Коми энергосбытовая компания""",7707083893,770701001,"АО ""Коми энергосбытовая компания""",1101301856,785150001,mismatch,mismatch,match
6763,67b83afd-b7c5-41cd-a7ec-e9400d3c5317,tables,67b83afd-b7c5-41cd-a7ec-e9400d3c5317.Акт ТО трассы ID 600_12_2025.docx_2323420.pdf,ПАО «Ростелеком»,1911670000,191167000,"Макрорегиональный филиал ""Центр"" ПАО ""Ростелеком""",7707049388,773443001,mismatch,mismatch,match
6764,643464ad-5af8-4e42-92d1-c0b0a0393564,tables,643464ad-5af8-4e42-92d1-c0b0a0393564.900900732921_CDTP_2_31.05.2026.pdf,ПАО «Ростелеком»,7707049388,645243001,"Нижегородский филиал ПАО ""Ростелеком"" (Волга)",7707049388,526043002,match,mismatch,match
6766,db73197f-7b29-40c0-8268-9ea2e172fdc4,tables,db73197f-7b29-40c0-8268-9ea2e172fdc4.УПД №1105_6958_01 от 28.02.26.pdf,"Общество с ограниченной ответственностью ""ТНС энерго Пенза""",7702743761,583501001,"ЗАО ТЦ ""СУВОРОВСКИЙ""",5836615359,583601001,mismatch,mismatch,mismatch
6767,448e40de-2868-420c-ae6c-cf2cb388d833,tables,448e40de-2868-420c-ae6c-cf2cb388d833.1000_6400064863_41_31-01-2026.PDF,"АО ""ЭР-Телеком Холдинг""",7713076301,616502001,"АО ""ЭР-ТЕЛЕКОМ ХОЛДИНГ""",5902202276,590501001,mismatch,mismatch,match
6768,4bbacf0b-5a0d-4e54-b0cc-defe08a91885,tables,4bbacf0b-5a0d-4e54-b0cc-defe08a91885.Счет на оплату № 2 от 12 января 2026 г.pdf,"ООО ""ОРЕХОВЫЙ""",9724197929,772401001,"ООО ""ОРЕХОВЫЙ""",9724197929,772801001,match,mismatch,match
6782,b305d71c-9f09-4189-9c6d-323e8e08ba46,tables,b305d71c-9f09-4189-9c6d-323e8e08ba46.900800684806_CDTP_2_31.03.2026.pdf,ПАО «Ростелеком»,7707049388,272143001,"Приморский филиал ПАО ""Ростелеком"" (Дальний Восток)",7707049388,253643002,match,mismatch,match
6784,aca47788-44ac-4368-85d4-d4a138d500f7,tables,aca47788-44ac-4368-85d4-d4a138d500f7.900500595879_CDTP_2_31.05.2026.pdf,ПАО «Ростелеком»,7707049388,631543001,"Нижегородский филиал ПАО ""Ростелеком"" (Волга)",7707049388,526043002,match,mismatch,match
6789,c2cd7bc9-cfed-4eee-a98b-2a24ab728243,tables,c2cd7bc9-cfed-4eee-a98b-2a24ab728243.Счет № 825505 - 1 от 31.03.2026.pdf,"ПАО ""Мобильные ТелеСистемы""",7740000076,781343001,"ПАО ""МТС""",7740000076,997750001,match,mismatch,mismatch
6797,8b2f20bb-d9e8-46da-b3e4-49fcbe60d2ba,tables,8b2f20bb-d9e8-46da-b3e4-49fcbe60d2ba.Акт сверки взаиморасчетов № 84 от 08 апреля 2026 г.pdf,ИП Андриевская Е. А.,637202402180,,Андриевская Елена Александровна,637202402180,,match,both_missing,mismatch
6804,fe9da8a5-7c1a-4f6a-a7cf-918edd54de1c,tables,fe9da8a5-7c1a-4f6a-a7cf-918edd54de1c.АДО БС_24813 ID 546707 подписан.pdf,"ЗАО ""ГК ""ЛогЛаб""",,,"ООО ""ЭкспаГрупп""",7716668031,770901001,llm_missing,llm_missing,mismatch
6811,39b150b5-2908-401b-9d12-031f604cf0c0,tables,39b150b5-2908-401b-9d12-031f604cf0c0.900800684796_CDTP_2_31.12.2025.pdf,ПАО «Ростелеком»,7707049388,272143001,"Приморский филиал ПАО ""Ростелеком"" (Дальний Восток)",7707049388,253643002,match,mismatch,match
6813,ca4feb8d-0cbe-47f8-a85f-b6f2fe4bffed,tables,ca4feb8d-0cbe-47f8-a85f-b6f2fe4bffed.А20 Окончательный счет Альфа капитал 05.2026 Россети.pdf,ООО УК «Альфа-Капитал» Д.У. ЗПИФ недвижимости «АКТИВО ДВАДЦАТЬ»,1230010000,770301001,"ООО УК ""Альфа-Капитал""",7728142469,770301001,mismatch,match,match
6818,30601c78-97a7-41b7-b9ae-9d86e6a0d0bc,tables,30601c78-97a7-41b7-b9ae-9d86e6a0d0bc.900900589730_CDTP_2_31.05.2026.pdf,ПАО «Ростелеком»,7707049388,631543001,"Нижегородский филиал ПАО ""Ростелеком"" (Волга)",7707049388,526043002,match,mismatch,match
6820,d511a36d-e148-4f0c-bbcf-35fa7e796a22,tables,d511a36d-e148-4f0c-bbcf-35fa7e796a22.Акт сверки взаиморасчетов № 40 от 31 марта 2026 г.pdf,ПРЕДСТАВИТЕЛЬСТВО МЕЖДУНАРОДНОЙ КОМПАНИИ ОБЩЕСТВА С ОГРАНИЧЕННОЙ ОТВЕТСТВЕННОСТЬЮ «БГ ПЕТРОВСКИЙ ПАССАЖ» В Г. МОСКВЕ,3900035523,,"МКООО ""БГ ПЕТРОВСКИЙ ПАССАЖ""",3900035523,390001001,match,llm_missing,mismatch
6823,bf162da2-d338-4496-ae7a-3dcc9c5cc732,tables,bf162da2-d338-4496-ae7a-3dcc9c5cc732.900900895634_CDTP_2_31.05.2026.pdf,ПАО «Ростелеком»,7707049388,290143001,"Макрорегиональный филиал ""Северо-Запад"" ПАО ""Ростелеком""",7707049388,784243002,match,mismatch,match
6847,1d9dd093-aada-4109-971e-08255fcbbcd5,tables,1d9dd093-aada-4109-971e-08255fcbbcd5.ON_SCHET_2BM-7713076301-2012052807251168061080000000000_2BM-7702743761-583543001-201408220340389381807_20260201_00026507-0000-0102-0001-000030496468.PDF,"Общество с ограниченной ответственностью ""ТНС энерго Пенза""",7702743761,583501001,"ООО ""ТНС ЭНЕРГО ПЕНЗА""",7702743761,785150001,match,mismatch,match
6852,2a1affe4-a2e5-4892-b768-e61a61143e6e,tables,2a1affe4-a2e5-4892-b768-e61a61143e6e.900800684834_CDTP_2_30.04.2026.pdf,ПАО «Ростелеком»,7707049388,272143001,"Приморский филиал ПАО ""Ростелеком"" (Дальний Восток)",7707049388,253643002,match,mismatch,match
6860,33947035-e0a4-49e6-98e5-1295b2112cd2,tables,33947035-e0a4-49e6-98e5-1295b2112cd2.900400838332_CDTP_2_31.01.2026.pdf,ПАО «Ростелеком»,7707049388,650143001,"Приморский филиал ПАО ""Ростелеком"" (Дальний Восток)",7707049388,253643002,match,mismatch,match
6863,f58d33d8-0c8f-4890-8d6e-4df68d8a0ac4,tables,f58d33d8-0c8f-4890-8d6e-4df68d8a0ac4.ON_ASVER_2BM-7713076301-2012052807251168061080000000000_2BM-ac793fdeb7464e9a918dac26f8f00298_20260228_ef1e18a6-653b-4027-9481-1be62923d622_0_0_0_0_0_00.pdf,"ПАО ""Саратовэнерго""",5002000001,500200000,"ПАО ""САРАТОВЭНЕРГО""",6450014808,785150001,mismatch,mismatch,match
6866,8285b223-da39-4b61-bf8b-e529669590ed,tables,8285b223-da39-4b61-bf8b-e529669590ed.Счет на оплату № 2846 от 19 апреля 2026 г.pdf,"ООО ""ПрофСервисТрейд""",7707820378,774301001,"ООО ""ПРОФСЕРВИСТРЕЙД""",7707820378,771401001,match,mismatch,match
6868,65c19ae7-8b05-40b5-aac0-1cfe448246f0,tables,65c19ae7-8b05-40b5-aac0-1cfe448246f0.900100595903_CDTP_2_31.03.2026.pdf,ПАО «Ростелеком»,7707049388,213043001,"Нижегородский филиал ПАО ""Ростелеком"" (Волга)",7707049388,526043002,match,mismatch,match
6869,521adfb8-2f04-49e8-8a6b-c1170c05aa96,tables,521adfb8-2f04-49e8-8a6b-c1170c05aa96.UPD_(status_1).pdf,ИП Гасанов Б. Р.,324774600250,772024601,Гасанов Байлар Рафикович,772024601819,,mismatch,edo_missing,mismatch
6875,56cfe997-d081-4cb3-af8e-45d0ca408f0e,tables,56cfe997-d081-4cb3-af8e-45d0ca408f0e.Счет на оплату № 19 от 12 марта 2026 г (1).pdf,"ООО ""Сбербанк Факторинг""",7802754982,785250001,"ООО ""СИТИИНФО""",7810422780,781001001,mismatch,mismatch,mismatch
6881,efedbfc8-a672-4450-9430-1becff7d50e0,tables,efedbfc8-a672-4450-9430-1becff7d50e0.Счет для юридических лиц - 2026-03-10T100733.986.pdf,"АО ""Электросвязь"" в ЧР",7713076301,201402001,"АО ""ЭЛЕКТРОСВЯЗЬ"" В ЧР",2014016741,201401001,mismatch,mismatch,match
6892,b93f65ce-1833-431c-8d2e-99c049467763,tables,b93f65ce-1833-431c-8d2e-99c049467763.ON_SCHET___20260505_7b9e9f09-75e6-42dc-83af-bed107efc538.pdf,Рязанский областной радиотелевизионный передающий центр,7717127211,623002001,РТРС,7717127211,623002001,match,match,mismatch
6893,d47e5587-bc2a-4018-8fc1-fc5f9679c367,tables,d47e5587-bc2a-4018-8fc1-fc5f9679c367.ON_SCHETKOMPLEKT_2BM-7713076301-2012052807251168061080000000000_2BM-6454074036-2013012912162447151410000000000_20260101_00020713-0000-0106-0001-000019418108.PDF,"ООО ""Саратовское предприятие городских электрических сетей""",6454074036,645401001,ООО СПГЭС,6454074036,645401001,match,match,mismatch
6894,059772d4-975c-46ce-804f-4fdcffd6d0f3,tables,059772d4-975c-46ce-804f-4fdcffd6d0f3.Акт зачета вознаграждения K6562.pdf,"АО ""Квантум""",2017770010,201777001,"АО ""КВАНТУМ""",7825098536,780101001,mismatch,mismatch,match
6908,20675607-69f0-4992-843b-14fc3e89e4fa,tables,20675607-69f0-4992-843b-14fc3e89e4fa.Акт приема-передачи электроэнергии (мощности) 31.05.26 № Э-62-039903 = 795 022.93 в т.ч. НДС 143 364.79.pdf,"ООО ""БЕТА-ПРОЕКТ""",7736520080,997650001,"ООО ""БЕТА-ПРОЕКТ""",7719164201,770401001,mismatch,mismatch,match
6909,c4a3ec7c-c1fd-4447-8610-042f8a620ade,tables,c4a3ec7c-c1fd-4447-8610-042f8a620ade.тв вымпелком 23331.28.pdf,"ОАО ""РЖД""",7708503727,997650001,Центральная станция связи ОАО «РЖД»,7708503727,771843001,match,mismatch,mismatch
6910,2383f110-729c-491a-baf9-9e03d814414c,tables,2383f110-729c-491a-baf9-9e03d814414c.2026 50254).pdf,УФПС КАЛИНИНГРАДСКОЙ ОБЛАСТИ,7724490000,390643001,"АО ""ПОЧТА РОССИИ""",7724490000,997650001,match,mismatch,mismatch
6919,55bfe26c-ad65-44a6-9e70-0341782fc73e,tables,55bfe26c-ad65-44a6-9e70-0341782fc73e.СЧЁТ 00-26-00-FR006108.pdf,"Акционерное общество ""Страховое общество газовой промышленности""",7736035485,997950001,"АО ""СОГАЗ""",7736035485,770801001,match,mismatch,mismatch
6922,2396a32f-68f2-4b6a-b5cf-c1c5f8fc330d,tables,2396a32f-68f2-4b6a-b5cf-c1c5f8fc330d.УПД (статус 1) № 12 от 01 апреля 2026 г (2).pdf,ИП Контушов Анатолий Александрович,322645700089,,Контушов Анатолий Александрович,644922689298,,mismatch,both_missing,match
6928,34f0c145-e9f6-469f-860b-24c4bb427213,tables,34f0c145-e9f6-469f-860b-24c4bb427213.Счет на оплату № 85 от 30 апреля 2026 г.pdf,ИП Майхрук К. Э.,345901292337,,Майхрук Кристина Эдуардовна,345901292337,,match,both_missing,mismatch
6931,9e68eec5-480e-43ad-ab5d-d1c08bcc67cf,tables,9e68eec5-480e-43ad-ab5d-d1c08bcc67cf.181 PR_26166213 Акт № 260531-0277 от 31.05.2026.pdf,ООО «Чеховский»,,,"ООО ""ЛАЙОН КОММЬЮНИКЕЙШНЗ""",7743068844,771401001,llm_missing,llm_missing,mismatch
6939,39aa13de-f620-4c49-8086-a0cbd19ecabd,tables,39aa13de-f620-4c49-8086-a0cbd19ecabd.Счёт №195 от 31 марта 2026.pdf,"ООО ""ГУОДОНГ""",9709124154,772801001,"ООО ""ГУОДОНГ""",9709124154,772501001,match,mismatch,match
6943,53e58b0e-62aa-49d0-8a93-f45d44cfec00,tables,53e58b0e-62aa-49d0-8a93-f45d44cfec00.Vedomosti_rascheta_elektroenergii_03.26_vympelkom_.pdf,"ООО ""МБ 23""",115200001466,770001001,"ООО ""МБ 23""",9710082879,771001001,mismatch,mismatch,match
6952,58c13cfc-d8e0-4ac9-9d67-4fbf6e69da80,tables,58c13cfc-d8e0-4ac9-9d67-4fbf6e69da80.Приложение к УПД № 563 от 30.04.2026.pdf,"ООО ""Трансэнергопром""",7731000000,773101001,"ООО ""ТРАНСЭНЕРГОПРОМ""",7731411714,770301001,mismatch,mismatch,match
6955,f3e8079a-eb77-4f06-96e8-b520eefeee49,tables,f3e8079a-eb77-4f06-96e8-b520eefeee49.ЗАК188-Д24442ВК-ЛКСП-24_77 PR_26099364 Акт № 260331-0205 от 31.03.2026.pdf,ООО «ЭхаЭхаК Духовухагидыг»,7707083893,770701001,"ООО ""ЛАЙОН КОММЬЮНИКЕЙШНЗ""",7743068844,771401001,mismatch,mismatch,mismatch
6958,ad30df9c-ffc6-40e7-9a56-e69380bc9d2e,tables,ad30df9c-ffc6-40e7-9a56-e69380bc9d2e.900300732974_CDTP_2_31.03.2026.pdf,ПАО «Ростелеком»,7707049388,183143001,"Нижегородский филиал ПАО ""Ростелеком"" (Волга)",7707049388,526043002,match,mismatch,match
6959,27dc2890-5980-4378-a8ac-b919c7229c56,tables,27dc2890-5980-4378-a8ac-b919c7229c56.Счет-фактура №109 от 26 марта 2026 г.pdf,"ООО ""ПСБ Страхование""",7728306068,997950001,"ООО ""ПСБ СТРАХОВАНИЕ""",7728306068,770501001,match,mismatch,match
6962,9cf85489-12e2-44bd-b2ff-60202552899a,tables,9cf85489-12e2-44bd-b2ff-60202552899a.Счет 2600214805.pdf,"АО ""ДПД РУС""",7713215523,997750001,"АО ""ДПД РУС""",7713215523,774850001,match,mismatch,match
6964,4a6f00ae-17ed-4437-bca3-9df70ed83b5c,tables,4a6f00ae-17ed-4437-bca3-9df70ed83b5c.В УПД №70035335 от 31.03.26.pdf,"ООО ""Томскводоканал""",7017270664,701701001,"ООО ""Громада""",7017023626,701701001,mismatch,match,mismatch
6971,0bab7361-663c-45ba-a7f1-babf0c923768,tables,0bab7361-663c-45ba-a7f1-babf0c923768.ON_SCHET___20260227_4a391511-6a15-41fe-834f-a3e774618a5d.pdf,Акционерное общество «Российские сети вещания и оповещения»,9719079775,784043001,"АО ""РСВО""",9719079775,771901001,match,mismatch,match
6973,d0912da3-4ab6-4868-a817-24b1a6c3cafd,tables,d0912da3-4ab6-4868-a817-24b1a6c3cafd.Счет 2600273055.pdf,"АО ""ДПД РУС""",7713076301,997750001,"АО ""ДПД РУС""",7713215523,774850001,mismatch,mismatch,match
6975,ca008441-7fa0-4d2a-a6dd-3fc3ffb2c801,tables,ca008441-7fa0-4d2a-a6dd-3fc3ffb2c801.GI532 АКТ ЗАЧЕТА ВОЗНАГРАЖДЕНИЯ за апрель 2026.pdf,"ООО ""УГМК-Телеком""",7702011226,770201001,"ООО ""УГМК-Телеком""",6606022606,668601001,mismatch,mismatch,match
6979,629e01b4-0fbe-4da5-b0d8-24a399520ea3,tables,629e01b4-0fbe-4da5-b0d8-24a399520ea3.Счет № 901936 - 1 от 30.04.2026.pdf,"Публичное акционерное общество ""Мобильные ТелеСистемы""",7740000076,997750001,"ПАО ""МТС""",7740000076,997750001,match,match,mismatch
6982,6083cd7b-2d2d-4a72-b8c3-d3302ca3b56e,tables,6083cd7b-2d2d-4a72-b8c3-d3302ca3b56e.ПЭК 05.pdf,"ООО ""СЕРВИС-ГРУПП""",5260297514,526001001,ИП Аистов Виктор Викторович,525633754931,,mismatch,edo_missing,mismatch
6984,5ab7a154-c720-4dca-85d4-a9acf3482e53,tables,5ab7a154-c720-4dca-85d4-a9acf3482e53.900300580478_CDTP_2_28.02.2026.pdf,ПАО «Ростелеком»,7707049388,032343001,"Новосибирский филиал ПАО ""Ростелеком"" (Сибирь)",7707049388,540643001,match,mismatch,match
6985,ad638cff-a221-4205-b51d-e3ca5fafaa05,tables,ad638cff-a221-4205-b51d-e3ca5fafaa05.Счет на оплату № 234 от 31 марта 2026 г.pdf,"АО ""НОВАТОР""",7720044678,770701001,"АО ""НОВАТОР""",7720044678,772001001,match,mismatch,match
6992,624ba02b-4385-48c0-82aa-c4ae86ebea84,tables,624ba02b-4385-48c0-82aa-c4ae86ebea84.Акт об оказании услуг № 64 от 31 мая 2026 г.pdf,"ООО ""КОПИОР""",7709038247,770903824,"ООО ""Копиор""",7709038247,770901001,match,mismatch,match
6995,7b58467a-f2ac-4051-935f-fba98d192af0,tables,7b58467a-f2ac-4051-935f-fba98d192af0.Приложение №2.1 114676__2026.pdf,ООО «ФОРТ-КОНТРОЛЬ»,113504000572,,"ООО ""ФОРТ-КОНТРОЛЬ""",5040125816,504001001,mismatch,llm_missing,match
6997,bab0fa51-2d3f-4842-9ec3-f39960d68e68,tables,bab0fa51-2d3f-4842-9ec3-f39960d68e68.900001157245_CDTP_2_31.05.2026.pdf,ПАО «Ростелеком»,7707049388,561243001,"Нижегородский филиал ПАО ""Ростелеком"" (Волга)",7707049388,526043002,match,mismatch,match
6998,e93c2233-feea-452c-ada3-8fbd17d68784,tables,e93c2233-feea-452c-ada3-8fbd17d68784.АктВыдачи_WXX-5077493-1YAR310KW.PDF,"ООО ""ДИНАТ""",,,"ООО ""СТА Карго""",7810825228,781401001,llm_missing,llm_missing,mismatch
7002,fdbc0d16-f596-4f7d-8157-644548a3c801,tables,fdbc0d16-f596-4f7d-8157-644548a3c801.Акт об оказании услуг № 63 от 30 апреля 2026 г.pdf,ИП Абрамович М. В.,231846517206,,Абрамович Михаил Валерьевич,231846517206,,match,both_missing,mismatch
7006,3e4b2743-294b-4fbf-a81b-874d4b58f958,tables,3e4b2743-294b-4fbf-a81b-874d4b58f958.Акт-ВымпелКом-апрель-2026.pdf,"ООО ""Газпром переработка""",1665000001,166501001,ООО «Газпром переработка»,1102054991,997250001,mismatch,mismatch,match
7015,d92169a2-4887-44e0-b9ec-8460606d1eda,tables,d92169a2-4887-44e0-b9ec-8460606d1eda.26930140F0407 счет.pdf,"Страховое акционерное общество ""ВСК""",7710026574,773101001,"САО ""ВСК""",7710026574,997950001,match,mismatch,mismatch
7016,6ec1524a-7500-4b8c-9a71-c8cc8b3d3cea,tables,6ec1524a-7500-4b8c-9a71-c8cc8b3d3cea.Счет № 298 от 31.03.2026.pdf,ИП Ежков А. Г.,165060974030,,Ежков Александр Григорьевич,165060974030,,match,both_missing,mismatch
7019,8328fcc3-ab5d-4c1f-98bf-8f334b6ca947,tables,8328fcc3-ab5d-4c1f-98bf-8f334b6ca947.1000_6400862518_37_31-05-2026.PDF,"АО ""ЭР-Телеком Холдинг""",7713076301,253643001,"АО ""ЭР-ТЕЛЕКОМ ХОЛДИНГ""",5902202276,590501001,mismatch,mismatch,match
7025,0c388794-4c4f-4456-ae2b-24ddfadfde57,tables,0c388794-4c4f-4456-ae2b-24ddfadfde57.УПД (статус 1) № 210 от 30 апреля 2026 г.pdf,"ООО ""МедАС""",7728240723,526045002,"ООО ""МЕДАС"", ООО ""МЕДИЦИНА АЛЬФАСТРАХОВАНИЯ""",7728240723,772501001,match,mismatch,match
7033,9444028a-b35f-44fc-a90e-49780547b124,tables,9444028a-b35f-44fc-a90e-49780547b124.ON_SCHET_2602MS007086.pdf,ПАО Сбербанк,7709219099,775050001,"АО ""Компания ТрансТелеКом""",7709219099,775050001,match,match,mismatch
7037,b654c5bf-e441-46ed-9173-2b696fddf7c3,tables,b654c5bf-e441-46ed-9173-2b696fddf7c3.Счет_f10bf4ce-5be2-4f2b-bb8f-f3670bb4f059.pdf,"ООО ""КОМУС""",7721793895,744845001,"ООО ""КОМУС""",7721793895,997350001,match,mismatch,match
7038,201b3258-20a9-46c8-8e65-3e40b731c15e,tables,201b3258-20a9-46c8-8e65-3e40b731c15e.900200793027_CDTP_2_31.03.2026.pdf,ПАО «Ростелеком»,7707049388,272143001,"Приморский филиал ПАО ""Ростелеком"" (Дальний Восток)",7707049388,253643002,match,mismatch,match
7040,25d3eac7-cf60-477c-9385-0c257df1f488,tables,25d3eac7-cf60-477c-9385-0c257df1f488.Счет_2be0281e-c7a9-43f4-a2af-0b2406cea078.pdf,"ООО ""КОМУС""",7721793895,500945005,"ООО ""КОМУС""",7721793895,997350001,match,mismatch,match
7041,37bc9084-2699-4abd-8a62-3eefdb76c1f2,tables,37bc9084-2699-4abd-8a62-3eefdb76c1f2.УПД №23691032266_23 от 31.03.26.pdf,"Акционерное общество ""Петербургская сбытовая компания""",7841322249,780401001,"ООО ""СИСТЕМЫ КОМПЛЕКСНОЙ АВТОМАТИЗАЦИИ""",7802685739,780201001,mismatch,mismatch,mismatch
7045,2cd46980-c66a-4a7d-aa3d-32198ddd35de,tables,2cd46980-c66a-4a7d-aa3d-32198ddd35de.ПРС22 NNV260209_1723_30.pdf,"ООО ""Бора-Климат""",7707083893,,"ООО ""БОРА-КЛИМАТ""",5262348933,526201001,mismatch,llm_missing,match
7047,1b85ee8f-c8b1-42aa-8218-15dbf8106e1b,tables,1b85ee8f-c8b1-42aa-8218-15dbf8106e1b.900300733018_CDTP_2_31.05.2026.pdf,ПАО «Ростелеком»,7707049388,732543001,"Нижегородский филиал ПАО ""Ростелеком"" (Волга)",7707049388,526043002,match,mismatch,match
7049,55a31970-d76d-495e-847f-fa201f566a4a,tables,55a31970-d76d-495e-847f-fa201f566a4a.КС-2 №123 от 20.02.2026.pdf,"ООО ""ФОРТ-КОНТРОЛЬ""",7722059000,772201001,"ООО ""ФОРТ-КОНТРОЛЬ""",5040125816,504001001,mismatch,mismatch,match
7055,b65c5332-1f34-4047-b616-3c9a7e110b4e,tables,b65c5332-1f34-4047-b616-3c9a7e110b4e.АКТ № 3 пересчет янв.pdf,"АО ""Россельхозбанк""",7707083893,770701001,"АО ""РОССЕЛЬХОЗБАНК""",7725114488,997950001,mismatch,mismatch,match
7056,29d5a38d-3c3e-4265-8630-f9f1e52c5316,tables,29d5a38d-3c3e-4265-8630-f9f1e52c5316.900700589714_CDTP_2_31.05.2026.pdf,ПАО «Ростелеком»,7707049388,631543001,"Нижегородский филиал ПАО ""Ростелеком"" (Волга)",7707049388,526043002,match,mismatch,match
7063,d89a6416-8f41-47a6-93d2-6cc1e1c1d6a1,tables,d89a6416-8f41-47a6-93d2-6cc1e1c1d6a1.УПД_2761_от_30042026_Приложение.pdf,"Акционерное общество ""Газпром энергосбыт""",7705750968,770575096,"АО ""ГАЗПРОМ ЭНЕРГОСБЫТ""",7705750968,997650001,match,mismatch,match
7065,ec497c1f-0797-485b-a4e6-66a4d021ca63,tables,ec497c1f-0797-485b-a4e6-66a4d021ca63.Счет_b9abd1ed-debe-4946-bee5-01c8981a57f1.pdf,"ООО ""КОМУС""",7721793895,165645001,"ООО ""КОМУС""",7721793895,997350001,match,mismatch,match
7070,46fb142d-733a-4924-aefd-5e8734b65ac7,tables,46fb142d-733a-4924-aefd-5e8734b65ac7.900500732895_CDTP_2_31.01.2026.pdf,ПАО «Ростелеком»,7707049388,583643001,"Нижегородский филиал ПАО ""Ростелеком"" (Волга)",7707049388,526043002,match,mismatch,match
7080,906e0ee5-7e7f-4bb2-bdab-2249e3bc6615,tables,906e0ee5-7e7f-4bb2-bdab-2249e3bc6615.Акт_20 гтэс _31.05.26_Вымпелком_1319.pdf,ПАО «Россети Ленэнерго»,,,"АО ""РОССЕТИ ЦИФРА""",7705307770,773401001,llm_missing,llm_missing,mismatch
7083,5fce7ef7-f0f8-43c9-9a5e-49ed4c2d31b9,tables,5fce7ef7-f0f8-43c9-9a5e-49ed4c2d31b9.Акт III Этап Новопокровская.pdf,ООО «Меандр»,7707083893,,"ООО ""Меандр""",2311076951,231101001,mismatch,llm_missing,match
7087,c8bfa304-0d99-452a-b793-7fe060ce5c7e,tables,c8bfa304-0d99-452a-b793-7fe060ce5c7e.Акт 9_нлэс _30.04.26_Вымпелком_0979.pdf,ПАО «Россети Ленэнерго»,7707083893,,"АО ""РОССЕТИ ЦИФРА""",7705307770,773401001,mismatch,llm_missing,mismatch
7104,0bb61190-a230-43db-a31d-753aa87d480c,tables,0bb61190-a230-43db-a31d-753aa87d480c.Вымпелком_счёт_422859.pdf,"ОАО ""РЖД""",7708503727,997650001,Центральная станция связи ОАО «РЖД»,7708503727,771843001,match,mismatch,mismatch
7105,b5074412-d8fc-4145-a6ad-38c81ff04731,tables,"b5074412-d8fc-4145-a6ad-38c81ff04731.расчёт по коммуналке, январь 2026 ВЫМПЕЛКОМ ПАО, дог. 12525 2609.pdf",МОЭК ПАО,7713076301,771301001,"ЗАО ""АРТС-МЕДИА""",7722727951,772901001,mismatch,mismatch,mismatch
7115,0544308e-6051-4d62-be1c-aabd32d4fdd1,tables,0544308e-6051-4d62-be1c-aabd32d4fdd1.900300595857_CDTP_2_31.03.2026.pdf,ПАО «Ростелеком»,7707049388,631543001,"Нижегородский филиал ПАО ""Ростелеком"" (Волга)",7707049388,526043002,match,mismatch,match
7121,ef0dd3ae-593d-4a7c-9479-9189154a068b,tables,ef0dd3ae-593d-4a7c-9479-9189154a068b.900300589744_CDTP_2_31.01.2026.pdf,ПАО «Ростелеком»,7707049388,645243001,"Нижегородский филиал ПАО ""Ростелеком"" (Волга)",7707049388,526043002,match,mismatch,match
7122,09ec67be-c8a5-4c35-ba33-81ff8613610a,tables,09ec67be-c8a5-4c35-ba33-81ff8613610a.Акт к заявке  PSK260602_1786_188.pdf,ООО Северная Корона,7707083893,770701001,"ООО ""Северная корона""",6027012340,602701001,mismatch,mismatch,match
7123,0482a227-45fd-4c11-ab77-890a60f88b74,tables,0482a227-45fd-4c11-ab77-890a60f88b74.Акт об оказании услуг № 10 от 12.01.2026.PDF,"Научно-исследовательский институт клинической и экспериментальной лимфологии - филиал Федерального государственного бюджетного научного учреждения ""Федеральный исследовательский центр Институт цитологии и генетики Сибирского отделения Российской академии наук""",5408100138,,НИИКЭЛ - филиал ИЦиГ СО РАН,5408100138,540843001,match,llm_missing,mismatch
7129,57561ccc-a283-4a03-b764-8dc526f77242,tables,57561ccc-a283-4a03-b764-8dc526f77242.900300684816_CDTP_2_31.05.2026.pdf,ПАО «Ростелеком»,7707049388,272143001,"Приморский филиал ПАО ""Ростелеком"" (Дальний Восток)",7707049388,253643002,match,mismatch,match
7132,4450b457-4536-430b-8fad-0aab7e5322b8,tables,4450b457-4536-430b-8fad-0aab7e5322b8.Вымпелком Акт_января 2026.docx.pdf,ООО «Колибри»,7707083893,770701001,"ООО ""КОЛИБРИ""",6658451500,667801001,mismatch,mismatch,match
7135,9dae0c3d-c8af-4856-89b4-606c9517f717,tables,9dae0c3d-c8af-4856-89b4-606c9517f717.900201002814_CDTP_2_28.02.2026.pdf,ПАО «Ростелеком»,7707049388,380843001,"Новосибирский филиал ПАО ""Ростелеком"" (Сибирь)",7707049388,540643001,match,mismatch,match
7142,fb2c509e-a9fe-4a76-8ee5-fc9473c4cb1e,tables,fb2c509e-a9fe-4a76-8ee5-fc9473c4cb1e.SF9100185055.pdf,"СИБИРСКИЙ ФИЛИАЛ ПАО ""МЕГАФОН""",7812014560,407028108,"Сибирский филиал ПАО ""МегаФон""",7812014560,540643001,match,mismatch,match
7145,18d43928-85d1-4ab8-adb3-681177409898,tables,18d43928-85d1-4ab8-adb3-681177409898.Акт о компесации 15 от 01.04.2026 за эл.эн-ии за 03.2026 НГС.xlsx (1).pdf,"ООО ""СПЕЦИАЛИЗИРОВАННЫЙ ЗАСТРОЙЩИК ""РЕЗИДЕНС""",9705115857,770501001,"ООО ""НГС""",7714482360,771401001,mismatch,mismatch,mismatch
7147,1eb88368-7bd2-453c-b2e2-733290742227,tables,1eb88368-7bd2-453c-b2e2-733290742227.СЧЁТ 00-26-00-FR028695.pdf,"Акционерное общество ""Страховое общество газовой промышленности""",7736035485,997950001,"АО ""СОГАЗ""",7736035485,770801001,match,mismatch,mismatch
7151,93fcd3ff-9c95-4e2f-973a-0bb260a0f046,tables,93fcd3ff-9c95-4e2f-973a-0bb260a0f046.ON_BILL_2BM_2BM_20260602_735031576#9403505#I.pdf,"Северо-Западный филиал ПАО ""МегаФон""",7812014560,780143001,"Северо-Западный филиал ПАО ""МегаФон""",7812014560,784143001,match,mismatch,match
7156,fb14225b-a8f6-48ec-ab1d-224a6b00d896,tables,fb14225b-a8f6-48ec-ab1d-224a6b00d896.ВымпелКом 495655 март сч.pdf,"Читинская дирекция связи ЦСС - филиала ОАО ""РЖД""",,753645061,Центральная станция связи ОАО «РЖД»,7708503727,771843001,llm_missing,mismatch,mismatch
7157,7a53408a-2a94-4984-9f0b-518ff368e168,tables,7a53408a-2a94-4984-9f0b-518ff368e168.Счет на оплату № 83 от 30 апреля 2026 г.pdf,ИП ПУГИН С. В.,590607155704,,Пугин Станислав Васильевич,590607155704,,match,both_missing,mismatch
7165,df79f135-2850-486f-919b-a408fe23a857,tables,df79f135-2850-486f-919b-a408fe23a857.ON_BILL_2BM_2BM_20260401_735129694#9270178#I.pdf,"Северо-Западный филиал ПАО ""МегаФон""",7812014560,780143001,"Северо-Западный филиал ПАО ""МегаФон""",7812014560,784143001,match,mismatch,match
7181,38f6a52e-6cae-4219-9399-c6de8157fa17,tables,38f6a52e-6cae-4219-9399-c6de8157fa17.Счет № 832083 - 1 от 31.12.2025.pdf,"ПАО ""МТС""",7740000076,781343001,"ПАО ""МТС""",7740000076,997750001,match,mismatch,match
7186,c086c2c5-0d54-47fe-a02d-0a4ba3a5e124,tables,c086c2c5-0d54-47fe-a02d-0a4ba3a5e124.УПД (статус 2) № 138 от 30 апреля 2026 г.pdf,ИП Мельник Д. И.,381253790671,,Мельник Дмитрий Иванович,381253790671,,match,both_missing,mismatch
7190,9f2442fe-87c2-41a3-8893-02c933f24f1b,tables,9f2442fe-87c2-41a3-8893-02c933f24f1b.900401077774_CDTP_2_31.05.2026.pdf,ПАО «Ростелеком»,7707049388,246643001,"Новосибирский филиал ПАО ""Ростелеком"" (Сибирь)",7707049388,540643001,match,mismatch,match
7196,6b749eb3-3413-4383-acb8-76f382329d04,tables,6b749eb3-3413-4383-acb8-76f382329d04.900500894836_CDTP_2_31.12.2025.pdf,ПАО «Ростелеком»,7707049388,650143001,"Приморский филиал ПАО ""Ростелеком"" (Дальний Восток)",7707049388,253643002,match,mismatch,match
7199,91fb38e9-8ae0-433e-a12e-38d3411f5766,tables,91fb38e9-8ae0-433e-a12e-38d3411f5766.FIB25-SP1-387805 АКТ КС-2_Моховая 17.pdf,ОБЩЕСТВО С ОГРАНИЧЕННОЙ ОТВЕТСТВЕННО,,,"ООО ""СК Спринт""",7814466033,781001001,llm_missing,llm_missing,mismatch
7206,f5e9a47c-ecd2-411f-8acb-9347293ec6e9,tables,f5e9a47c-ecd2-411f-8acb-9347293ec6e9.900300595861_CDTP_2_31.05.2026.pdf,ПАО «Ростелеком»,7707049388,631543001,"Нижегородский филиал ПАО ""Ростелеком"" (Волга)",7707049388,526043002,match,mismatch,match
7216,214edb00-269a-40d8-b317-839015eaf07f,tables,214edb00-269a-40d8-b317-839015eaf07f.КС-2 №415 от 20.04.2026.pdf,"ООО ""ФОРТ-КОНТРОЛЬ""",7720000000,772000000,"ООО ""ФОРТ-КОНТРОЛЬ""",5040125816,504001001,mismatch,mismatch,match
7230,99dd7951-50c3-4c2d-ba4e-63adbbbaefec,tables,99dd7951-50c3-4c2d-ba4e-63adbbbaefec.ON_BILL_2BM_2BM_20260202_735108296#9068666#I.pdf,"Северо-Западный филиал ПАО ""МегаФон""",7812014560,780143001,"Северо-Западный филиал ПАО ""МегаФон""",7812014560,784143001,match,mismatch,match
7239,726bb496-3902-448d-8af2-5d49ea9a9b55,tables,726bb496-3902-448d-8af2-5d49ea9a9b55.900200580522_CDTP_2_31.01.2026.pdf,ПАО «Ростелеком»,7707049388,420543001,"Новосибирский филиал ПАО ""Ростелеком"" (Сибирь)",7707049388,540643001,match,mismatch,match
7242,337b06c8-8445-42af-bfc5-46f166266a8c,tables,337b06c8-8445-42af-bfc5-46f166266a8c.Счет на оплату № 21 от 31 мая 2026 г.pdf,ТСЖ Восток,6662090790,667201001,"ТСЖ ""ВОСТОК""",6662090790,668501001,match,mismatch,match
7243,c3d23876-ec3e-40bc-b06f-1073335306a0,tables,c3d23876-ec3e-40bc-b06f-1073335306a0.акт сверки 100043 за 1 кв. 2026.pdf,"ПАО ""Сахалинэнерго""",,,"ПАО ""ДЭК""",2723088770,997650001,llm_missing,llm_missing,mismatch
7245,255196d2-6d9d-4343-9581-40612a38dd94,tables,255196d2-6d9d-4343-9581-40612a38dd94.4400_6400034323_30-04-2026.PDF,"АО ""Авантел""",7733015688,773301001,"АО ""АВАНТЕЛ""",5408185212,771501001,mismatch,mismatch,match
7247,7ec22291-03b4-4967-b2f6-0a9a5d8da06c,tables,7ec22291-03b4-4967-b2f6-0a9a5d8da06c.Приложения 1 к ДС №20.pdf,ООО «ЮжУралМет»,495671253053,,"ООО ""ОПТЭС""",7701393881,770401001,mismatch,llm_missing,mismatch
7249,a9871e80-3513-4c38-95c2-5461c5e4e09e,tables,a9871e80-3513-4c38-95c2-5461c5e4e09e.Акт сверки взаиморасчетов № 55 от 20 апреля 2026 г.pdf,ИП Чернов Д. В.,781912345501,,Чернов Дмитрий Владимирович,781912345501,,match,both_missing,mismatch
7252,ac8e5dbd-6301-46f4-bdf4-76183178e49b,tables,ac8e5dbd-6301-46f4-bdf4-76183178e49b.ПАО ВымпелКом 05.2026.pdf,"АО ""МДМ""",1101970000,770701001,"АО ""МДМ""",7704082997,772101001,mismatch,mismatch,match
7259,e1febf35-174b-499d-934d-38d81f2ad7bd,tables,e1febf35-174b-499d-934d-38d81f2ad7bd.Приложение №5 АВР Январь 2026 Москва.pdf,АМДОКС,,,"ООО ""ФОРТ-КОНТРОЛЬ""",5040125816,504001001,llm_missing,llm_missing,mismatch
7260,7d21dc5a-9ebb-4892-a6d1-f34ec879260c,tables,7d21dc5a-9ebb-4892-a6d1-f34ec879260c.1700_6400045796_28-02-2026.PDF,"ООО ""Новотелеком""",630099771307,540601001,"ООО ""Новотелеком""",5406260827,540601001,mismatch,match,match
7262,b7e09acb-48ed-4333-af30-48ee90124270,tables,b7e09acb-48ed-4333-af30-48ee90124270.Акт об оказании услуг № 8 от 30 апреля 2026 г.pdf,"ПЖСК ""ИСАКОВО""",5044017265,504401726,"ПЖСК ""Исаково""",5044017265,504401001,match,mismatch,match
7264,beafc994-9290-4624-8932-a4da4cdf9501,tables,beafc994-9290-4624-8932-a4da4cdf9501.Расшифровка к СчФ корректировочной_01.01.2026_31.01.2026_ИННРСО4202030492_КППРСО420201001_ИНН7708639622_КПП540743001_ID03063_508_60714699.pdf,"ООО ""Теплоэнергетик""",7384529760,,"Сибирский филиал АО ""ЖТК""",7708639622,540743001,mismatch,llm_missing,mismatch
7273,95f1f5b7-e249-44ec-a65a-1086010e2236,tables,95f1f5b7-e249-44ec-a65a-1086010e2236.6_Счет на оплату № 58 от 31 августа 2026 г.pdf,"ООО ""ГРАНД ВЭЙ""",2635219430,263401001,"ООО ""ГРАНД ВЭЙ""",2635219430,263501001,match,mismatch,match
7276,baf901b0-c196-4800-b748-b9f439116a6e,tables,baf901b0-c196-4800-b748-b9f439116a6e.ON_SCHET___20260430_33ea7a87-5423-468a-8fc1-190329178842.pdf,Рязанский областной радиотелевизионный передающий центр,7717127211,623002001,РТРС,7717127211,623002001,match,match,mismatch
7284,c0978f8c-15a0-4792-9b94-9e63903abe80,tables,c0978f8c-15a0-4792-9b94-9e63903abe80.Счет на оплату № 34 от 28 февраля 2026 г.pdf,"ООО ""МОБАЙЛ ГРУПП""",0275912530,027501001,"ООО ""ПАРИТЕТ-ТЕЛЕКОМ""",0275912530,027501001,match,match,mismatch
7288,a2b07353-2b42-4652-8b5e-93cf78281dd0,tables,a2b07353-2b42-4652-8b5e-93cf78281dd0.счет фактура.pdf,АО «Донэнерго»,6163089292,615343001,АО Донэнерго,6163089292,616301001,match,mismatch,match
7291,4fd5ef11-4eab-45d0-b1bd-5cae9f79ca2a,tables,4fd5ef11-4eab-45d0-b1bd-5cae9f79ca2a.Подтверждающие док-ты апрель 2026г. Акваполис.pdf,"Муниципальное предприятие г.Пскова ""Горводоканал""",6027047825,602701001,"ООО ""ПСКОВ-АЛЬЯНС""",6027092271,602701001,mismatch,match,mismatch
7301,c54fa32b-632d-4b02-bbac-b181552ab350,tables,c54fa32b-632d-4b02-bbac-b181552ab350.900900606750_CDTP_2_31.03.2026.pdf,ПАО «Ростелеком»,7707049388,561243001,"Нижегородский филиал ПАО ""Ростелеком"" (Волга)",7707049388,526043002,match,mismatch,match
7305,d86b9fcc-1bf1-4ec0-9b55-67a9599f7872,tables,d86b9fcc-1bf1-4ec0-9b55-67a9599f7872.Акт № 20 по дог_0167 Вымпелком_КЧР.pdf,ПАО «Россети Северный Кавказ»,7707083893,770701001,"АО ""РОССЕТИ ЦИФРА""",7705307770,773401001,mismatch,mismatch,mismatch
7311,e266cf3f-23c0-400b-ad34-a561c4118bdf,tables,e266cf3f-23c0-400b-ad34-a561c4118bdf.1000_6400976644_20_31-05-2026.PDF,"АО ""ЭР-Телеком Холдинг""",7713076301,780103001,"АО ""ЭР-ТЕЛЕКОМ ХОЛДИНГ""",5902202276,590501001,mismatch,mismatch,match
7318,99630dfd-4887-4d66-af90-c62e28e29594,tables,99630dfd-4887-4d66-af90-c62e28e29594.УПД_493_от_31012026_Приложение.pdf,"Акционерное общество ""Газпром энергосбыт""",7705750968,770575096,"АО ""ГАЗПРОМ ЭНЕРГОСБЫТ""",7705750968,997650001,match,mismatch,match
7322,67f68a8b-187f-4d75-98fa-2756ff47612e,tables,67f68a8b-187f-4d75-98fa-2756ff47612e.ON_SCHET_2BM-7713076301-2012052807251168061080000000000_2BM-6454074036-2013012912162447151410000000000_20260501_00020711-0000-0102-0001-000019892702.PDF,"Общество с ограниченной ответственностью ""Саратовское предприятие городских электрических сетей""",6454074036,645401001,ООО СПГЭС,6454074036,645401001,match,match,mismatch
7325,f2bc2bab-9ffc-4b7d-ab40-2f76f63e90ba,tables,f2bc2bab-9ffc-4b7d-ab40-2f76f63e90ba.Акт_ппээ_202602_9c15942f-f904-40ae-bf0e-c782b5983235.pdf,Акционерное общество «Агрокомплекс Павловский»,012930199500,,"АО ""АГРОКОМПЛЕКС ПАВЛОВСКИЙ""",2360014203,236001001,mismatch,llm_missing,match
7329,e59df6be-c6a8-48e6-96c7-aa13c42947af,tables,e59df6be-c6a8-48e6-96c7-aa13c42947af.ЗАК377-Д24442ВК-ЛКСП-24_216 PR_26163357 Копия документов 3х лиц № 260531-160 от 31.05.2026.pdf,Общество с ограниченной ответственностью «ЭмЭмЭс Коммьюникейшнз»,,,"ООО ""ЛАЙОН КОММЬЮНИКЕЙШНЗ""",7743068844,771401001,llm_missing,llm_missing,mismatch
7330,939cecfb-64a2-48fb-b679-a77eee022743,tables,939cecfb-64a2-48fb-b679-a77eee022743.Счет на оплату № 43 от 16 февраля 2026 г.pdf,ИП Стаценко А. И.,611800624690,,Стаценко Алексей Иванович,611800624690,,match,both_missing,mismatch
7332,153d8ef7-53a7-421d-b1d6-a5510e1f408b,tables,153d8ef7-53a7-421d-b1d6-a5510e1f408b.Акт об оказании услуг № 261 от 30 апреля 2026 г.pdf,ИП Исхаков А. Я.,230803583403,,Исхаков Артем Яковлевич,230803583403,,match,both_missing,mismatch
7336,c209d58f-42d5-42e9-a0b7-90b5505fab87,tables,c209d58f-42d5-42e9-a0b7-90b5505fab87.KS-2 № VOL000000000007995 ot 06.02.2026.pdf,ОБЩЕСТВО С ОГРАНИЧЕННОЙ ОТВЕТ,,,"ООО ""ПромТехСвязь""",7811478048,781101001,llm_missing,llm_missing,mismatch
7339,a4921e67-e66a-47a6-859e-9e2e6b04f44b,tables,a4921e67-e66a-47a6-859e-9e2e6b04f44b.SF9100187080.pdf,МегаФон,7812014560,407028109,"Кавказский филиал ПАО ""МегаФон""",7812014560,230802001,match,mismatch,match
7341,a2f5654c-f447-4ca7-b278-1a19251a8f92,tables,a2f5654c-f447-4ca7-b278-1a19251a8f92.Акт об оказании услуг № 25 от 31 мая 2026 г.pdf,"ТСЖ ""КРАСНОАРМЕЙСКАЯ, 62""",6672222196,667222219,"ТСЖ ""КРАСНОАРМЕЙСКАЯ, 62""",6672222196,668501001,match,mismatch,match
7343,6f22b497-3139-44ba-8241-124b34298f02,tables,6f22b497-3139-44ba-8241-124b34298f02.4400_6400008479_31-01-2026.PDF,"АО ""Авантел""",7713076301,860245007,"АО ""АВАНТЕЛ""",5408185212,771501001,mismatch,mismatch,match
7345,3d406c5c-40f4-4415-8dac-22efa63bb42d,tables,3d406c5c-40f4-4415-8dac-22efa63bb42d.акт апрель 2026 Вымпел_АСД.docx.pdf,ООО «СтаниГост»,7707083893,770701001,"ООО ""Станигост""",7728620940,526001001,mismatch,mismatch,match
7346,32429f5a-3193-4244-b758-b3c5af6f7918,tables,32429f5a-3193-4244-b758-b3c5af6f7918.Авансовый счет 40% №2943-080001 от 02.01.2026.pdf.pdf,Акционерное общество «Читаэнергосбыт»,7536066430,080045001,Территориальное подразделение «Энергосбыт Калмыкии»,7536066430,080045001,match,match,mismatch
7352,3d912ba7-9faa-4ba4-857b-d342604ec3fd,tables,3d912ba7-9faa-4ba4-857b-d342604ec3fd.Счет-фактура №65493 от 31.03.26.pdf,АО «Самарагорэнергосбыт»,6316138990,,Голованова Инна Анатольевна,631229607498,,mismatch,both_missing,mismatch
7368,fa7bf2ee-db2d-4f4a-b175-3b08c2f8fc75,tables,fa7bf2ee-db2d-4f4a-b175-3b08c2f8fc75.31 счет вк лс 326695.pdf,"ОАО ""РЖД""",7708503727,997650001,Центральная станция связи ОАО «РЖД»,7708503727,771843001,match,mismatch,mismatch
7372,9061ccad-089f-4612-87e4-eb6a7e577af4,tables,9061ccad-089f-4612-87e4-eb6a7e577af4.ЗАК390-Д24442ВК-ЛКСП-24_198 PR_26163348 Акт № 260531-0193 от 31.05.2026.pdf,ООО «ЧетыреОхотника»,7706599264,770651001,"ООО ""ЛАЙОН КОММЬЮНИКЕЙШНЗ""",7743068844,771401001,mismatch,mismatch,mismatch
7373,11833740-3c03-4341-8c58-e30d7cea45ba,tables,11833740-3c03-4341-8c58-e30d7cea45ba.Акт об оказании услуг № 128 от 31 мая 2026 г.pdf,"ЗАО ""Трифоновская, 57""",7702361434,770236143,"ЗАО ""Трифоновская, 57""",7702361434,770201001,match,mismatch,match
7377,a4e55256-5feb-4e2a-b512-0175f7e54e7d,tables,a4e55256-5feb-4e2a-b512-0175f7e54e7d.Вымпелком расшифровка к счету по договору 101.pdf,ОАО «РЖД»,,,Центральная станция связи ОАО «РЖД»,7708503727,771843001,llm_missing,llm_missing,mismatch
7385,d8c351f7-6a27-41f9-849d-d317c257e048,tables,d8c351f7-6a27-41f9-849d-d317c257e048.Акт об оказании услуг № 161 от 31 марта 2026 г.pdf,ИП Исхаков А. Я.,230803583403,,Исхаков Артем Яковлевич,230803583403,,match,both_missing,mismatch
7387,fbf8c127-8250-4d4b-8867-b50dd7baf94b,tables,fbf8c127-8250-4d4b-8867-b50dd7baf94b.Счет_b144d238-db10-4ccd-90a5-3b862b886dc6.pdf,"ООО ""КОМУС""",7721793895,500945001,"ООО ""КОМУС""",7721793895,997350001,match,mismatch,match
7400,41aa8a2a-afb9-418d-9b7a-966f9d119d54,tables,41aa8a2a-afb9-418d-9b7a-966f9d119d54.КС-2 №524 от 14.05.2026.pdf,"ООО ""ФОРТ-КОНТРОЛЬ""",140180000000,140180000,"ООО ""ФОРТ-КОНТРОЛЬ""",5040125816,504001001,mismatch,mismatch,match
7409,9f531ff2-f8ec-44f6-bf41-8c7692bcf26d,tables,9f531ff2-f8ec-44f6-bf41-8c7692bcf26d.Счет 2600125735.pdf,"АО ""ДПД РУС""",7713215523,997750001,"АО ""ДПД РУС""",7713215523,774850001,match,mismatch,match
7414,56921225-7835-4657-89a2-c9172c047e66,tables,56921225-7835-4657-89a2-c9172c047e66.Raschet_peremen_chasti_MGOK_Bilayn_rudnik.pdf,"АО ""Михеевский ГОК""",7428007317,745801001,"АО ""МИХЕЕВСКИЙ ГОК""",7428007317,424950001,match,mismatch,match
7424,392a024e-32f2-45ed-b331-e4041f5bdc6b,tables,392a024e-32f2-45ed-b331-e4041f5bdc6b.УПД 30.04.26 № 0000-20901-01 = 2 213 443.91 в т.ч. НДС 399 145.62.pdf,"ФЕДЕРАЛЬНОЕ ГОСУДАРСТВЕННОЕ УНИТАРНОЕ ПРЕДПРИЯТИЕ ""РОССИЙСКАЯ ТЕЛЕВИЗИОННАЯ И РАДИОВЕЩАТЕЛЬНАЯ СЕТЬ""",7717127211,100102002,РТРС,7717127211,771701001,match,mismatch,match
7428,b71b033a-c7a8-491b-a469-eb4d9c2fcfa8,tables,b71b033a-c7a8-491b-a469-eb4d9c2fcfa8.Приложение №2.1 123004__2026.pdf,ООО «ФОРТ-КОНТРОЛЬ»,113504000572,,"ООО ""ФОРТ-КОНТРОЛЬ""",5040125816,504001001,mismatch,llm_missing,match
7430,1e12715a-27fe-475f-a9c9-3dbcbfd9377b,tables,1e12715a-27fe-475f-a9c9-3dbcbfd9377b.ON_BILL_2BM_2BM_20260401_727582801#9254310#I.pdf,"Северо-Западный филиал ПАО ""МегаФон""",7812014560,780143001,"Северо-Западный филиал ПАО ""МегаФон""",7812014560,784143001,match,mismatch,match
7432,80321ef4-2cff-451d-8459-5c4ff6d442f1,tables,80321ef4-2cff-451d-8459-5c4ff6d442f1.900600595881_CDTP_2_28.02.2026.pdf,ПАО «Ростелеком»,7707049388,631543001,"Нижегородский филиал ПАО ""Ростелеком"" (Волга)",7707049388,526043002,match,mismatch,match
7433,943b802e-a219-46ef-b116-e72dccec9eeb,tables,943b802e-a219-46ef-b116-e72dccec9eeb.Счет на оплату ГК-68700 от 31.05.2026 .pdf,"Общество с ограниченной ответственностью ""ЭкоЦентр""",3444177534,616243001,"ООО ""ЭкоЦентр""",3444177534,770301001,match,mismatch,match
7452,5bb3d2e9-03b6-4f02-9325-52595d040cfd,tables,5bb3d2e9-03b6-4f02-9325-52595d040cfd.Счёт №99 от 28 февраля 2026.pdf,"ООО ""ГУОДОНГ""",9709124154,772801001,"ООО ""ГУОДОНГ""",9709124154,772501001,match,mismatch,match
7458,ba417cee-c2c3-4eb5-994c-0bbd3307a4c1,tables,ba417cee-c2c3-4eb5-994c-0bbd3307a4c1.Счет № 902696 - 1 от 31.12.2025.pdf,"Публичное акционерное общество ""Мобильные ТелеСистемы""",7740000076,997750001,"ПАО ""МТС""",7740000076,997750001,match,match,mismatch
7461,f584b046-c4e8-4ae1-9bc5-5cab357bbdd7,tables,f584b046-c4e8-4ae1-9bc5-5cab357bbdd7.УПД №23105140 от 30.04.26 ООО Краснодар Водоканал (Карасунская 86-45).pdf,"Общество с ограниченной ответственностью ""Краснодар Водоканал""",2308111927,231101001,Колодько Александра Геннадьевна,010600884284,,mismatch,edo_missing,mismatch
7472,a4595ebf-0181-4ef3-ac0b-e0ac95f8c160,tables,a4595ebf-0181-4ef3-ac0b-e0ac95f8c160.АктПриемки_WXX-5150758-1YAR3000KW.PDF,"ООО ""ТЕХСИТИСЕРВИС""",,,"ООО ""СТА Карго""",7810825228,781401001,llm_missing,llm_missing,mismatch
7476,9121b399-0fd1-40d5-9a86-2f4cc9047c76,tables,9121b399-0fd1-40d5-9a86-2f4cc9047c76.Счет 2600130950.pdf,"АО ""ДПД РУС""",,044525113,"АО ""ДПД РУС""",7713215523,774850001,llm_missing,mismatch,match
7479,f126929c-bd17-4f58-a7e0-cc93f53bb800,tables,f126929c-bd17-4f58-a7e0-cc93f53bb800.АктВыдачи_WXX-4887781-1YAR310KW.PDF,"ООО ""ТЕЛЕТАУЭР""",,,"ООО ""СТА Карго""",7810825228,781401001,llm_missing,llm_missing,mismatch
7484,dc5d57e3-204e-4ca7-95a2-72c0f84ba428,tables,dc5d57e3-204e-4ca7-95a2-72c0f84ba428.АктПриемки_WXX-4993655-1YAR3000KW.PDF,"ООО ""ИНТЭКО""",,,"ООО ""СТА Карго""",7810825228,781401001,llm_missing,llm_missing,mismatch
7489,7758b8ae-aeed-49c4-a6f1-1689ecc58b2b,tables,7758b8ae-aeed-49c4-a6f1-1689ecc58b2b.ON_SCHET_2401-2603RP347370.pdf,Филиал АО «Компания ТрансТелеКом» «Межрегиональный филиал Восток»,7709219099,246343002,"АО ""Компания ТрансТелеКом""",7709219099,775050001,match,mismatch,match
7493,45bdcb0c-7088-4683-80d2-94d1cd204952,tables,45bdcb0c-7088-4683-80d2-94d1cd204952.Счет на оплату № 2642 от 20 апреля 2026 г.pdf,"ООО ""Техновикинг"" Д.У. АО ""АЛЬФА-БАНК""",5001148746,421745001,"ООО ""ТЕХНОВИКИНГ""",5001148746,772001001,match,mismatch,match
7503,d0b5f811-f73e-49db-b39f-d9704cb4daca,tables,d0b5f811-f73e-49db-b39f-d9704cb4daca.Счет на оплату № 76 от 31 мая 2026 г.pdf,"ООО ""ЛАДОГА""",7811611902,781101001,"ООО ""ЛАДОГА""",7811611902,780201001,match,mismatch,match
7514,33dd78d5-e0d4-4aec-bf6d-4cbd121f06b3,tables,33dd78d5-e0d4-4aec-bf6d-4cbd121f06b3.900200580496_CDTP_2_30.04.2026.pdf,ПАО «Ростелеком»,7707049388,222443001,"Новосибирский филиал ПАО ""Ростелеком"" (Сибирь)",7707049388,540643001,match,mismatch,match
7528,9da47ff8-bcf5-450e-a052-6cf3c2c377ba,tables,9da47ff8-bcf5-450e-a052-6cf3c2c377ba.Акт 9.pdf,ООО «Центр-Сервис»,7707083893,770701001,"ООО ""ЦЕНТР-СЕРВИС""",4205099069,420501001,mismatch,mismatch,match
7533,68da4593-8d61-4cf3-b70f-b6a77f23d08b,tables,68da4593-8d61-4cf3-b70f-b6a77f23d08b.1167902_01_2026_03_2026_AS.pdf,ООО «Автодор-Платные Дороги»,7707083893,770701001,"ООО ""АВТОДОР- ПЛАТНЫЕ ДОРОГИ""",7710965662,770701001,mismatch,match,match
7535,1e5f4fc7-5dd7-4735-99a9-f14eb75e97b9,tables,1e5f4fc7-5dd7-4735-99a9-f14eb75e97b9.АктВыдачи_WXX-5095585-1YAR400KWB.PDF,"ООО ""СЕРВИОНИКА""",,,"ООО ""СТА Карго""",7810825228,781401001,llm_missing,llm_missing,mismatch
7547,31ccb247-b41a-43cf-b891-acc41a034b39,tables,31ccb247-b41a-43cf-b891-acc41a034b39.1_ООН_25458541 Копия документов 3х лиц № 260131-008 от 31.01.2026.pdf,Общество с ограниченной ответственностью «ЭмЭмЭс Коммьюникейшнз»,,,"ООО ""ЛАЙОН КОММЬЮНИКЕЙШНЗ""",7743068844,771401001,llm_missing,llm_missing,mismatch
7560,151ce0f4-8609-4e2a-bf61-147ba8cecf54,tables,151ce0f4-8609-4e2a-bf61-147ba8cecf54.900900595813_CDTP_2_31.12.2025.pdf,ПАО «Ростелеком»,7707049388,645243001,"Нижегородский филиал ПАО ""Ростелеком"" (Волга)",7707049388,526043002,match,mismatch,match
7569,7f8696cf-43ca-4d07-aa78-02e79e36716d,tables,7f8696cf-43ca-4d07-aa78-02e79e36716d.Подтверждающие док-ты март 2026г. Акваполис.pdf,"Муниципальное предприятие г.Пскова ""Горводоканал""",6027047825,602701001,"ООО ""ПСКОВ-АЛЬЯНС""",6027092271,602701001,mismatch,match,mismatch
7577,b724a90f-e06a-48ee-bc1c-aacddb9d8722,tables,b724a90f-e06a-48ee-bc1c-aacddb9d8722.Акт об оказании услуг № ГУ-29 от 31.03.2026.pdf,"ФГБОУ ВО ""Донской государственный аграрный университет""",6125012570,612501001,ФГБОУ ВО ДОНСКОЙ ГАУ,6125012570,612501001,match,match,mismatch
7579,a34a68c0-1edc-43e3-8efa-b69aee646db8,tables,a34a68c0-1edc-43e3-8efa-b69aee646db8.2026 71052).pdf,УФПС ПЕРМСКОГО КРАЯ,7724490000,590243001,"АО ""ПОЧТА РОССИИ""",7724490000,997650001,match,mismatch,mismatch
7582,714350fb-557b-4844-8cda-625844de1185,tables,714350fb-557b-4844-8cda-625844de1185.Счет_682180a7-a920-4849-8c1d-eba1448eb850.pdf,"ООО ""КОМУС""",7721793895,504145001,"ООО ""КОМУС""",7721793895,997350001,match,mismatch,match
7585,1e3b551e-8a5d-4943-be0b-2a7aa5598146,tables,1e3b551e-8a5d-4943-be0b-2a7aa5598146.Счет № 908593 - 1 от 31.03.2026.pdf,"Публичное акционерное общество ""Мобильные ТелеСистемы""",7740000076,997750001,"ПАО ""МТС""",7740000076,997750001,match,match,mismatch
7588,462e977f-b2e6-474d-9ab5-590761808da5,tables,462e977f-b2e6-474d-9ab5-590761808da5.Счет_559c7fbc-71ed-4b39-a954-fe22d953c906.pdf,"ООО ""КОМУС""",7721793895,500945001,"ООО ""КОМУС""",7721793895,997350001,match,mismatch,match
7601,b892edb0-d6d0-4b36-a81e-742992edea9b,tables,b892edb0-d6d0-4b36-a81e-742992edea9b.КС-2 №642 от 09.06.2026.pdf,"ООО ""ФОРТ-КОНТРОЛЬ""",7726094091,772601001,"ООО ""ФОРТ-КОНТРОЛЬ""",5040125816,504001001,mismatch,mismatch,match
7618,0e61e950-6a60-44a4-b268-bec23399f540,tables,"0e61e950-6a60-44a4-b268-bec23399f540.Akt_(vozmeshchenie)_aprel_499_687,13.pdf","ГАУ ВО ""Дирекция по эксплуатации Волгоградское обособленное стадиона ""Волгоград Арена""",,,"ГАУ ВО ""ДИРЕКЦИЯ ПО ЭКСПЛУАТАЦИИ СТАДИОНА ""ВОЛГОГРАД АРЕНА""",3444271512,344401001,llm_missing,llm_missing,mismatch
7620,5f3c01ce-beb6-439e-a1cb-1da766bc6dab,tables,5f3c01ce-beb6-439e-a1cb-1da766bc6dab.3-26_Моршанск Зеленая_акт 01.03.26-31.03.26.pdf,ИП Монаенков Юрий Николаевич,317682000007,682012385,Монаенков Юрий Николаевич,682012385500,,mismatch,edo_missing,match
7621,4c232e03-6c48-4293-a9fe-b7a0c5794254,tables,4c232e03-6c48-4293-a9fe-b7a0c5794254.Электричество.pdf,"ООО ""СЕРВИС-ГРУПП""",5260297514,526001001,ИП Аистов Виктор Викторович,525633754931,,mismatch,edo_missing,mismatch
7622,76dd5aff-4dd3-4b67-a386-4fd6158f00c2,tables,76dd5aff-4dd3-4b67-a386-4fd6158f00c2.Akt_ob_okazanii_uslug.pdf,"ООО ""ФИРМА "" РУССКИЙ ПРОСТОР""",3328407515,332840751,"ООО ""Фирма "" Русский простор""",3328407515,332901001,match,mismatch,match
7624,a5c6fb06-b40c-4955-aef5-93176acd1086,tables,a5c6fb06-b40c-4955-aef5-93176acd1086.I5652 АКТ ЗАЧЕТА ВОЗНАГРАЖДЕНИЯ от 31.05.2026.pdf,"ООО ""УГМК-Телеком""",7900000000,790000001,"ООО ""УГМК-Телеком""",6606022606,668601001,mismatch,mismatch,match
7625,10c5ecc8-667a-4303-a4c1-a8db6f2ffb9f,tables,10c5ecc8-667a-4303-a4c1-a8db6f2ffb9f.900600574870_CDTP_2_30.04.2026.pdf,ПАО «Ростелеком»,7707049388,380843001,"Новосибирский филиал ПАО ""Ростелеком"" (Сибирь)",7707049388,540643001,match,mismatch,match
7644,5ebcc00d-26a8-4607-bc4e-c1484505d5ef,tables,5ebcc00d-26a8-4607-bc4e-c1484505d5ef.Счет-фактура № 173 от 31 марта 2026 г.pdf,"АО ""ЕЭНС""",6671250899,668501001,"ООО КОМПАНИЯ ""ГАРАНТСТРОЙ""",6679110300,667801001,mismatch,mismatch,mismatch
7649,8f89d10e-aa18-4eae-91da-17a8d133a442,tables,8f89d10e-aa18-4eae-91da-17a8d133a442.Счет № 591735 - 1 от 28.02.2026.pdf,"ПАО ""Мобильные ТелеСистемы""",7740000076,997750001,"ПАО ""МТС""",7740000076,997750001,match,match,mismatch
7652,b52ea66f-5144-47a1-ae29-9c15fa6273ac,tables,b52ea66f-5144-47a1-ae29-9c15fa6273ac.ON_BILL_2BM_2BM_20260401_726178201#9232261#I.pdf,"Северо-Западный филиал ПАО ""МегаФон""",7812014560,780143001,"Северо-Западный филиал ПАО ""МегаФон""",7812014560,784143001,match,mismatch,match
7657,a6daea2e-6b53-49dc-b9c3-98f41c689e14,tables,a6daea2e-6b53-49dc-b9c3-98f41c689e14.ВымпелКом ПАО (г. Красноярск)  1323 от 30.04.2026 Расчет арендной платы .pdf,"Общество с ограниченной ответственностью ""ПЛАНЕТАМОЛЛ-КРАСНОЯРСК""",660125000000,660101001,"ООО ""ПЛАНЕТАМОЛЛ-КРАСНОЯРСК""",2465158467,246501001,mismatch,mismatch,match
7663,64411885-f26d-47e2-bcba-6dccb7b90e7e,tables,64411885-f26d-47e2-bcba-6dccb7b90e7e.2_ООН_26013164 Копия документов 3х лиц № 260228-005 от 28.02.2026.pdf,ООО «ЭмЭмЭс Коммьюникейшнз»,7714328921,,"ООО ""ЛАЙОН КОММЬЮНИКЕЙШНЗ""",7743068844,771401001,mismatch,llm_missing,mismatch
7670,b2fef2b6-30fa-440c-9d30-5829bb1bed39,tables,b2fef2b6-30fa-440c-9d30-5829bb1bed39.Приложение №5 ФК_122942.pdf,ООО «ФОРТ-КОНТРОЛЬ»,7707083893,770701001,"ООО ""ФОРТ-КОНТРОЛЬ""",5040125816,504001001,mismatch,mismatch,match
7671,04326df0-739e-4f84-bf25-73b5c7009a7f,tables,04326df0-739e-4f84-bf25-73b5c7009a7f.900700895697_CDTP_2_31.01.2026.pdf,ПАО «Ростелеком»,7707049388,434543001,"Нижегородский филиал ПАО ""Ростелеком"" (Волга)",7707049388,526043002,match,mismatch,match
7676,9601da2e-7182-492e-bc58-777c767d7f97,tables,9601da2e-7182-492e-bc58-777c767d7f97.900601175521_CDTP_2_30.04.2026.pdf,ПАО «Ростелеком»,7707049388,645243001,"Нижегородский филиал ПАО ""Ростелеком"" (Волга)",7707049388,526043002,match,mismatch,match
7687,115f533b-268d-438d-9dde-46d38e64e165,tables,115f533b-268d-438d-9dde-46d38e64e165.Приложение №2.1 122038__2026.pdf,ООО «ФОРТ-КОНТРОЛЬ»,113504000572,113504000,"ООО ""ФОРТ-КОНТРОЛЬ""",5040125816,504001001,mismatch,mismatch,match
7689,b0e3f1e9-ac97-4bac-9dce-4c5cee0fef7e,tables,b0e3f1e9-ac97-4bac-9dce-4c5cee0fef7e.900701068961_CDTP_2_30.04.2026.pdf,ПАО «Ростелеком»,7707049388,183143001,"Нижегородский филиал ПАО ""Ростелеком"" (Волга)",7707049388,526043002,match,mismatch,match
7690,fb8f6ed8-3243-42d9-9c8e-e0cbf5e4da5a,tables,fb8f6ed8-3243-42d9-9c8e-e0cbf5e4da5a.900100515609_CDTP_2_28.02.2026.pdf,ПАО «Ростелеком»,7707049388,213043001,"Нижегородский филиал ПАО ""Ростелеком"" (Волга)",7707049388,526043002,match,mismatch,match
7710,8b1c0550-5a53-40fa-888e-ad7a570c0fa8,tables,8b1c0550-5a53-40fa-888e-ad7a570c0fa8.900700684822_CDTP_2_28.02.2026.pdf,ПАО «Ростелеком»,7707049388,272143001,"Приморский филиал ПАО ""Ростелеком"" (Дальний Восток)",7707049388,253643002,match,mismatch,match
7718,95faa6fb-44f3-40fa-9b49-bf1b1f55112a,tables,"95faa6fb-44f3-40fa-9b49-bf1b1f55112a.Приложение №5 ФК_121632 г. Екатеринбург, ул. Восточная, д. 158.pdf",ООО «ФОРТ-КОНТРОЛЬ»,7707083893,770701001,"ООО ""ФОРТ-КОНТРОЛЬ""",5040125816,504001001,mismatch,mismatch,match
7722,e4ba296e-62da-4329-a59a-bba10360e0a0,tables,e4ba296e-62da-4329-a59a-bba10360e0a0.900500649093_CDTP_2_31.05.2026.pdf,ПАО «Ростелеком»,7707049388,290143001,"Макрорегиональный филиал ""Северо-Запад"" ПАО ""Ростелеком""",7707049388,784243002,match,mismatch,match
7727,fbc7873b-303b-4c32-b022-79db00bb7b06,tables,fbc7873b-303b-4c32-b022-79db00bb7b06.Акт_7713076301_165543001_123186_2026.05.31_00.pdf,"ПУБЛИЧНОЕ АКЦИОНЕРНОЕ ОБЩЕСТВО ""ТАТТЕЛЕКОМ""",1681000024,165043001,"ПАО ""ТАТТЕЛЕКОМ""",1681000024,166001001,match,mismatch,match
7740,1a8d663f-09f2-4dbf-ba3b-d4c06fe85200,tables,1a8d663f-09f2-4dbf-ba3b-d4c06fe85200.Акт 50 сэс_31.05.26_Вымпелком_3277.pdf,ПАО «Россети Ленэнерго»,,,"АО ""РОССЕТИ ЦИФРА""",7705307770,773401001,llm_missing,llm_missing,mismatch
7748,04773de1-9313-49c1-afa8-d71d874b6f36,tables,04773de1-9313-49c1-afa8-d71d874b6f36.1000_6400880029_2_31-05-2026.PDF,"АО ""АЛЬФА-БАНК""",,997750001,"АО ""ЭР-ТЕЛЕКОМ ХОЛДИНГ""",5902202276,590501001,llm_missing,mismatch,mismatch
7757,17c75f33-3b64-4995-b15c-95dd27512ecc,tables,17c75f33-3b64-4995-b15c-95dd27512ecc.ЦОСРЦ0088819 Акт приемки передачи к Счету-фактуре(ЭДО) № ЦОСР014557 от 30.04.2026.pdf,"АО ""Коми энергосбытовая компания""",1101301856,110143001,"АО ""Коми энергосбытовая компания""",1101301856,785150001,match,mismatch,match
7764,61c1719a-b386-4560-a3d8-4a8756348f0a,tables,61c1719a-b386-4560-a3d8-4a8756348f0a.900701068974_CDTP_2_31.01.2026.pdf,ПАО «Ростелеком»,7707049388,213043001,"Нижегородский филиал ПАО ""Ростелеком"" (Волга)",7707049388,526043002,match,mismatch,match
7766,50348d1d-bb8a-4dce-b4f2-21ae1a32df2f,tables,50348d1d-bb8a-4dce-b4f2-21ae1a32df2f.ЭМ_58-58 Билайн_офисы. ОП Хабаровск (отд. Биробиджан). Февраль 2026 - Акт.pdf,"ООО ""ЭКОМАКС""",7707083893,770701001,"ООО ""ЭМ""",5404083146,540401001,mismatch,mismatch,mismatch
7800,9e5a395a-7e89-4c99-8462-7f6a96ff1e2e,tables,9e5a395a-7e89-4c99-8462-7f6a96ff1e2e.900000595941_CDTP_2_31.05.2026.pdf,ПАО «Ростелеком»,7707049388,183143001,"Нижегородский филиал ПАО ""Ростелеком"" (Волга)",7707049388,526043002,match,mismatch,match
7804,15a91a9d-da3e-4912-85ab-8b210a72ceea,tables,15a91a9d-da3e-4912-85ab-8b210a72ceea.4400_6400004690_31-01-2026.PDF,"АО ""Авантел""",7713076301,860243001,"АО ""АВАНТЕЛ""",5408185212,771501001,mismatch,mismatch,match
7809,601dd98c-81db-444f-9685-9d808ccfb148,tables,601dd98c-81db-444f-9685-9d808ccfb148.raschet_Michurina_mart.pdf,ИП Полубоярцев Г.С.,,,Полубоярцев Геннадий Сергеевич,482424666400,,llm_missing,both_missing,mismatch
7810,63461d5f-da5a-4a64-9e5b-2b93e67fc354,tables,63461d5f-da5a-4a64-9e5b-2b93e67fc354.Finalnyy_akt_Bilayn_Tver.pdf,ООО «Северный Модерн»,780242078398,780242078,"ООО ""Северный Модерн""",7810817869,781601001,mismatch,mismatch,match
7820,05c52385-2fd3-40d5-8897-17ed4c0f7250,tables,05c52385-2fd3-40d5-8897-17ed4c0f7250.ВЫМПЕЛКОМ ПАО Акт № 8 1 от 31 января 2026 г..PDF,ИП Хапсирокова Л. М.,090105382675,,Хапсирокова Лилия Мухарбиевна,090105382675,,match,both_missing,mismatch
7821,f363ff1f-5ee3-41b9-b8ba-c28b0eaa59be,tables,f363ff1f-5ee3-41b9-b8ba-c28b0eaa59be.АктПриемаПередачиЗаявка28076.pdf,АО «Сахаэнерго»,678400000000,678400000,"АО ""Сахаэнерго""",1435117944,140601001,mismatch,mismatch,match
7825,e3c4bf9c-619d-4f5d-816e-2611b9c09786,tables,e3c4bf9c-619d-4f5d-816e-2611b9c09786.Акт об оказании услуг № 209 от 31 декабря 2024 г.PDF,"ООО ""УК ""КБС""",4703121341,,"ООО ""УК Комфортбытсервис""",4703121341,470301001,match,llm_missing,mismatch
7858,f339c0a0-a9ae-4d67-9245-48a8742a0c4e,tables,f339c0a0-a9ae-4d67-9245-48a8742a0c4e.900900589657_CDTP_2_30.04.2026.pdf,ПАО «Ростелеком»,7707049388,246643001,"Новосибирский филиал ПАО ""Ростелеком"" (Сибирь)",7707049388,540643001,match,mismatch,match
7870,ec55b184-69de-4228-ac62-ec1da93d6383,tables,ec55b184-69de-4228-ac62-ec1da93d6383.КС-2 №219 от 11.03.2026.pdf,"ООО ""ФОРТ-КОНТРОЛЬ""",7720056000,772001001,"ООО ""ФОРТ-КОНТРОЛЬ""",5040125816,504001001,mismatch,mismatch,match
7883,2a11fd0c-bdda-4660-8923-1c0f38a2a977,tables,2a11fd0c-bdda-4660-8923-1c0f38a2a977.Акт зачёта вознаграждения за февраль 2026г. от 30.04.2026г..pdf,"ООО ""Бета Воип""",1149010014,770001001,"ООО ""БЕТА ВОИП""",7724701236,772501001,mismatch,mismatch,match
7884,257f6e79-5753-4398-942b-7760075d6361,tables,257f6e79-5753-4398-942b-7760075d6361.Счет для юридических лиц - 2026-02-05T130712.608.pdf,"АО ""Электросвязь"" в ЧР",7713076301,201402001,"АО ""ЭЛЕКТРОСВЯЗЬ"" В ЧР",2014016741,201401001,mismatch,mismatch,match
7885,505c4979-0221-481c-a5c8-e41648989072,tables,505c4979-0221-481c-a5c8-e41648989072.900400580480_CDTP_2_31.12.2025.pdf,ПАО «Ростелеком»,7707049388,032343001,"Новосибирский филиал ПАО ""Ростелеком"" (Сибирь)",7707049388,540643001,match,mismatch,match
7886,8ffa4a35-0a98-46ce-89ae-69635cdd1db2,tables,8ffa4a35-0a98-46ce-89ae-69635cdd1db2.Счет на оплату № 5 от 31 марта 2026 г..pdf,"ООО ""ГРАНД ВЭЙ""",2635219430,263401001,"ООО ""ГРАНД ВЭЙ""",2635219430,263501001,match,mismatch,match
7887,e4395499-3ce2-48da-9814-b0f937811552,tables,e4395499-3ce2-48da-9814-b0f937811552.900500715777_CDTP_2_31.03.2026.pdf,ПАО «Ростелеком»,7707049388,519043001,"Макрорегиональный филиал ""Северо-Запад"" ПАО ""Ростелеком""",7707049388,784243002,match,mismatch,match
7889,6a71cae9-de2a-4b0a-b555-e988b454df89,tables,"6a71cae9-de2a-4b0a-b555-e988b454df89.К счету 2602227 от 08.05.2026, сопроводительные документы ЦПС ФОБОС.pdf","ООО ""ЦПС ФОБОС""",9729289637,503201001,"ООО ""КАРГОАЭРОБРОКЕР""",7703209930,504701001,mismatch,mismatch,mismatch
7890,080dee48-d096-417c-834e-94fd592bc22e,tables,080dee48-d096-417c-834e-94fd592bc22e.900400595787_CDTP_2_31.12.2025.pdf,ПАО «Ростелеком»,7707049388,561243001,"Нижегородский филиал ПАО ""Ростелеком"" (Волга)",7707049388,526043002,match,mismatch,match
7895,2daa2c09-2d08-41cf-9ddc-0c686d38f9e7,tables,2daa2c09-2d08-41cf-9ddc-0c686d38f9e7.900200589696_CDTP_2_31.05.2026.pdf,ПАО «Ростелеком»,7707049388,631543001,"Нижегородский филиал ПАО ""Ростелеком"" (Волга)",7707049388,526043002,match,mismatch,match
7898,dfdfc398-52b1-4157-9cfa-a4ee8e114ad3,tables,dfdfc398-52b1-4157-9cfa-a4ee8e114ad3.900700607576_CDTP_2_31.01.2026.pdf,ПАО «Ростелеком»,7707049388,650143001,"Приморский филиал ПАО ""Ростелеком"" (Дальний Восток)",7707049388,253643002,match,mismatch,match
7902,526eac63-4fa7-4c7b-a53b-937b3e2b770c,tables,526eac63-4fa7-4c7b-a53b-937b3e2b770c.900100684944_CDTP_2_31.01.2026.pdf,ПАО «Ростелеком»,7707049388,272143001,"Приморский филиал ПАО ""Ростелеком"" (Дальний Восток)",7707049388,253643002,match,mismatch,match
7905,f2c3dfe8-8592-4fb9-8f87-d0df9364640c,tables,f2c3dfe8-8592-4fb9-8f87-d0df9364640c.ON_BILL_2BM_2BM_20260401_735126569#9234274#I.pdf,Северо-Западный филиал ПАО «МегаФон»,7812014560,780143001,"Северо-Западный филиал ПАО ""МегаФон""",7812014560,784143001,match,mismatch,match
7906,5357f24d-0857-40cc-b554-738937b220b2,tables,5357f24d-0857-40cc-b554-738937b220b2.АктВыдачи_WXX-5049476-1YAR310KW.PDF,"ООО ""СЕРВИС ТЕЛЕКОМ""",,,"ООО ""СТА Карго""",7810825228,781401001,llm_missing,llm_missing,mismatch
7913,e93c9a15-3c97-41c0-8ff6-bd9ca4923d28,tables,e93c9a15-3c97-41c0-8ff6-bd9ca4923d28.ВымпелКом 2000-1934-12.pdf,"ПАО ""Территориальная генерирующая компания №2""",7606053324,290232003,"ПАО ""ТГК-2""",7606053324,760601001,match,mismatch,match
7915,66247d21-51a6-4c39-89f9-d5998cc5bf43,tables,66247d21-51a6-4c39-89f9-d5998cc5bf43.Счет № 901936 - 1 от 28.02.2026.pdf,ПАО «Мобильные ТелеСистемы»,7740000076,997750001,"ПАО ""МТС""",7740000076,997750001,match,match,mismatch
7917,a546847f-6d7a-4c27-b382-54eba5968b17,tables,a546847f-6d7a-4c27-b382-54eba5968b17.900500798626_CDTP_2_31.03.2026.pdf,ПАО «Ростелеком»,7707049388,631543001,"Нижегородский филиал ПАО ""Ростелеком"" (Волга)",7707049388,526043002,match,mismatch,match
7924,7b112592-7830-47d4-a4da-47c9d84488fa,tables,7b112592-7830-47d4-a4da-47c9d84488fa.900200595887_CDTP_2_31.01.2026.pdf,ПАО «Ростелеком»,7707049388,631543001,"Нижегородский филиал ПАО ""Ростелеком"" (Волга)",7707049388,526043002,match,mismatch,match
7925,82e14150-c8df-4984-bc9f-f53226136b80,tables,82e14150-c8df-4984-bc9f-f53226136b80.СФ_Счет_124100692-0604_4027К66_2026.05_01.pdf,"Общество с ограниченной ответственностью ""ЕЭС-Гарант""",5024173259,667043001,"ООО ""ЕЭС-ГАРАНТ""",5024173259,775050001,match,mismatch,match
7935,60274b29-8e32-490e-ae73-4be460b37c6a,tables,60274b29-8e32-490e-ae73-4be460b37c6a.2 MOBILE_26015899 Копия документов 3х лиц № 260531-071 от 31.05.2026.pdf,Общество с ограниченной ответственностью «ЭмЭмЭс Коммьюникейшнз»,7714328921,,"ООО ""ЛАЙОН КОММЬЮНИКЕЙШНЗ""",7743068844,771401001,mismatch,llm_missing,mismatch
7945,f5be192b-069c-403b-a67e-7a8508e5d86d,tables,f5be192b-069c-403b-a67e-7a8508e5d86d.Счет № 832148 - 1 от 31.01.2026.pdf,"ПАО ""МТС""",7740000076,781343001,"ПАО ""МТС""",7740000076,997750001,match,mismatch,match
7953,bec5f9ef-0ddc-4e2f-ae02-a0684d8efe73,tables,bec5f9ef-0ddc-4e2f-ae02-a0684d8efe73.Счет на оплату № 3192 от 15 мая 2026 г.pdf,"ООО ""ПрофСервисТрейд""",7707820378,774301001,"ООО ""ПРОФСЕРВИСТРЕЙД""",7707820378,771401001,match,mismatch,match
7963,a19dce42-f4c0-459a-b1a0-9de1dc8a2180,tables,a19dce42-f4c0-459a-b1a0-9de1dc8a2180.900100489433_CDTP_2_30.04.2026.pdf,ПАО «Ростелеком»,7707049388,532143002,"Макрорегиональный филиал ""Северо-Запад"" ПАО ""Ростелеком""",7707049388,784243002,match,mismatch,match
7969,aed597d9-a9c1-4f20-abd8-bb11537e0829,tables,aed597d9-a9c1-4f20-abd8-bb11537e0829.АктПриемки_20260408_MEP_18508527.PDF,"ООО ""КОМУС""",,,"ООО ""СТА Карго""",7810825228,781401001,llm_missing,llm_missing,mismatch
7970,af111a48-4c41-419c-b37a-7ff25183dde4,tables,af111a48-4c41-419c-b37a-7ff25183dde4.900500558281_CDTP_2_28.02.2026.pdf,ПАО «Ростелеком»,7707049388,773443001,"Приморский филиал ПАО ""Ростелеком"" (Дальний Восток)",7707049388,253643002,match,mismatch,match
7974,75ed3281-3ab1-4c5f-9902-b75b540e120a,tables,75ed3281-3ab1-4c5f-9902-b75b540e120a.Приложение №5 ФК_108918.pdf,ООО «ФОРТ-КОНТРОЛЬ»,7707083893,770701001,"ООО ""ФОРТ-КОНТРОЛЬ""",5040125816,504001001,mismatch,mismatch,match
7976,3052659b-ea6a-4fc8-9c47-27f80dd4586a,tables,3052659b-ea6a-4fc8-9c47-27f80dd4586a.2026 171249).pdf,УФПС Г.МОСКВЫ,7724490000,770143001,"АО ""ПОЧТА РОССИИ""",7724490000,997650001,match,mismatch,mismatch
7981,ed2769ec-f0fb-43ab-a8b9-1762943f85c1,tables,ed2769ec-f0fb-43ab-a8b9-1762943f85c1.ON_SOPL_2BM2BM-7713076301-2012052807251168061080000000000_2ВМ-2013010901254377097670000000000_20260331_9a947ee0-6f29-4a5e-82b8-35c7ecb9922b_0_0_0_0_0_00.pdf,"Акционерное общество ""Томская энергосбытовая компания""",7017114680,701701001,"АО ""ТОМСКЭНЕРГОСБЫТ""",7017114680,785150001,match,mismatch,match
7982,b3ec5554-46ea-4ac4-8e44-29a6a616a1db,tables,b3ec5554-46ea-4ac4-8e44-29a6a616a1db.raschet_Elets_Malanino_fevral.pdf,ИП Полубояцев Г. С,,,Полубоярцев Геннадий Сергеевич,482424666400,,llm_missing,both_missing,mismatch
7988,18a60431-f41b-4472-801f-15507f822b40,tables,18a60431-f41b-4472-801f-15507f822b40.КС-2 №492 от 05.05.2026.pdf,"ООО ""ФОРТ-КОНТРОЛЬ""",7722059090,772201001,"ООО ""ФОРТ-КОНТРОЛЬ""",5040125816,504001001,mismatch,mismatch,match
7992,e82ebfc0-cc01-4d3d-a128-191ce1d90711,tables,e82ebfc0-cc01-4d3d-a128-191ce1d90711.26KMS26053100001 от 31.05.2026 счет ВымпелКом Кострома.pdf,ООО «АПР-Сити/ТВД»,7703225956,770601001,"ООО ""АПР-Сити/ТВД""",7703225956,771401001,match,mismatch,match
7995,b1f5b5d5-98f4-4d12-89ab-3128c58a8cf8,tables,b1f5b5d5-98f4-4d12-89ab-3128c58a8cf8.Счет на оплату № 2847 от 19 апреля 2026 г.pdf,"ООО ""ПрофСервисТрейд""",7707820378,774301001,"ООО ""ПРОФСЕРВИСТРЕЙД""",7707820378,771401001,match,mismatch,match
8001,f2399146-15e6-4c4c-889d-7b54420ea258,tables,f2399146-15e6-4c4c-889d-7b54420ea258.ON_BILL_2BM_2BM_20260202_735114043#9112062#I.pdf,Северо-Западный филиал ПАО «МегаФон»,7812014560,780143001,"Северо-Западный филиал ПАО ""МегаФон""",7812014560,784143001,match,mismatch,match
8006,243c49d1-4006-427f-aead-6748df5923fc,tables,243c49d1-4006-427f-aead-6748df5923fc.АДО MRB00RUSPB014252.pdf,"ЗАО ""ГК ""ЛогЛаб""""",,,"ООО ""ЗСИ""",3906191631,772301001,llm_missing,llm_missing,mismatch
8012,0ea0eed7-c03d-4f89-94dd-c61329de75f8,tables,0ea0eed7-c03d-4f89-94dd-c61329de75f8.Счет на оплату № 2404 от 20 марта 2026 г.pdf,"ООО ""ПрофСервисТрейд""",7707820378,774301001,"ООО ""ПРОФСЕРВИСТРЕЙД""",7707820378,771401001,match,mismatch,match
8015,ada44eee-58bd-46bc-aef7-602acd62e662,tables,ada44eee-58bd-46bc-aef7-602acd62e662.Счет_17074790-c872-432b-96e0-3075aaa00f2a.pdf,"ООО ""КОМУС""",7721793895,781145001,"ООО ""КОМУС""",7721793895,997350001,match,mismatch,match
8026,b584972f-cc10-422d-9b63-9177ebeae573,tables,b584972f-cc10-422d-9b63-9177ebeae573.24825 АКТ допуска прибора учета.pdf,АО «Синерджи Телеком»,,,"ООО ""ЭкспаГрупп""",7716668031,770901001,llm_missing,llm_missing,mismatch
8029,bc074d90-ca98-4ce9-8220-780819a07c62,tables,bc074d90-ca98-4ce9-8220-780819a07c62.ON_SCHET_2512RP401072D.pdf,ПАО Сбербанк,7709219099,775050001,"АО ""Компания ТрансТелеКом""",7709219099,775050001,match,match,mismatch
8032,03b49955-9e5d-48f5-bce7-9e38b25e82e9,tables,03b49955-9e5d-48f5-bce7-9e38b25e82e9.2260400014206_LP0320260014206_fine.pdf,"ООО ""Оранж Бизнес Сервисез""",103771001096,771045608,"ООО ""ОРАНЖ БИЗНЕС СЕРВИСЕЗ""",7710456087,770701001,mismatch,mismatch,match
8034,e5e10f27-58cb-4a16-adbf-b315929c19af,tables,e5e10f27-58cb-4a16-adbf-b315929c19af.24_26028787 Копия документов 3х лиц № 260206-011 от 06.02.2026.pdf,"ООО ""РОРЕ МЕДИА""",7734440400,771401001,"ООО ""ЛАЙОН КОММЬЮНИКЕЙШНЗ""",7743068844,771401001,mismatch,match,mismatch
8035,10da64c3-caf3-4209-afbc-34d3278c70a8,tables,10da64c3-caf3-4209-afbc-34d3278c70a8.ЗАК354-Д24442ВК-ЛКСП-24_188 PR_26163919 Акт № 260531-0271 от 31.05.2026.pdf,«Байкал связи»,7707083893,770701001,"ООО ""ЛАЙОН КОММЬЮНИКЕЙШНЗ""",7743068844,771401001,mismatch,mismatch,mismatch
8039,459210e4-9112-4347-b573-10e114dff0d6,tables,459210e4-9112-4347-b573-10e114dff0d6.ДС FIB25-SP1-387027 КС-2 от 27.02.2026 10_58_18.pdf,"ОБЩЕСТВО С ОГРАНИЧЕННОЙ ОТВЕТСТВЕННОСТЬЮ ""СК",,,"ООО ""СК Спринт""",7814466033,781001001,llm_missing,llm_missing,mismatch
8040,f50d078d-a86f-4bf4-aae2-001c167fc3c1,tables,f50d078d-a86f-4bf4-aae2-001c167fc3c1.900900595907_CDTP_2_31.12.2025.pdf,ПАО «Ростелеком»,7707049388,434543001,"Нижегородский филиал ПАО ""Ростелеком"" (Волга)",7707049388,526043002,match,mismatch,match
8042,dbf982f4-e94f-430e-8a24-c6389be75640,tables,dbf982f4-e94f-430e-8a24-c6389be75640.900200684545_CDTP_2_30.04.2026.pdf,ПАО «Ростелеком»,7707049388,410143001,"Приморский филиал ПАО ""Ростелеком"" (Дальний Восток)",7707049388,253643002,match,mismatch,match
8046,1d531b8b-64a2-4da9-8799-b8ce82bd1826,tables,1d531b8b-64a2-4da9-8799-b8ce82bd1826.РОБЕК УПД №660169498 от 31.03.26.pdf,"Акционерное общество ""Екатеринбургэнергосбыт""",6671250899,785150001,"ООО ""РОБЕК""",6660001361,667801001,mismatch,mismatch,mismatch
8050,29e67753-bd14-4461-bf9c-227eacafc796,tables,29e67753-bd14-4461-bf9c-227eacafc796.1000_6400136038_21_31-01-2026.PDF,"АО ""ЭР-Телеком Холдинг""",7713076301,667102001,"АО ""ЭР-ТЕЛЕКОМ ХОЛДИНГ""",5902202276,590501001,mismatch,mismatch,match
8053,6f103e58-6640-447f-8b37-3d680ed903e4,tables,6f103e58-6640-447f-8b37-3d680ed903e4.900100732815_CDTP_2_30.04.2026.pdf,ПАО «Ростелеком»,7707049388,132643001,"Нижегородский филиал ПАО ""Ростелеком"" (Волга)",7707049388,526043002,match,mismatch,match
8058,b48bdd1c-f0bc-4e49-82aa-335bfa5866c8,tables,b48bdd1c-f0bc-4e49-82aa-335bfa5866c8.Akt_vkl.__862_(Sokolova).pdf,ООО «ТЕСЛАТЕЛ»,7702011234,770201001,"ООО ""ТЕСЛАТЕЛ""",7733275344,774301001,mismatch,mismatch,match
8060,15cbc02b-30bc-43b0-94ff-06f4f21edbfa,tables,15cbc02b-30bc-43b0-94ff-06f4f21edbfa.900201002814_CDTP_2_31.03.2026.pdf,ПАО «Ростелеком»,7707049388,380843001,"Новосибирский филиал ПАО ""Ростелеком"" (Сибирь)",7707049388,540643001,match,mismatch,match
8061,a534bf02-2e87-430e-b4c8-7a05524e53e7,tables,a534bf02-2e87-430e-b4c8-7a05524e53e7.SF9100188196.pdf,КРАСНОДАРСКОЕ ОТДЕЛЕНИЕ N8619 ПАО С,,,"Кавказский филиал ПАО ""МегаФон""",7812014560,230802001,llm_missing,llm_missing,mismatch
8064,f4224137-8fc7-4dbe-b5b4-1d14c7edd37e,tables,f4224137-8fc7-4dbe-b5b4-1d14c7edd37e.АДО MRB00RUSPB017269.pdf,"ЗАО ""ГК ""ЛогЛаб""""",,,"ООО ""ЗСИ""",3906191631,772301001,llm_missing,llm_missing,mismatch
8068,d677fbb7-e0fa-493a-ad59-82385eb8e5df,tables,d677fbb7-e0fa-493a-ad59-82385eb8e5df.900300777218_CDTP_2_28.02.2026.pdf,ПАО «Ростелеком»,7707049388,773443001,"Приморский филиал ПАО ""Ростелеком"" (Дальний Восток)",7707049388,253643002,match,mismatch,match
8071,394338f8-2fd0-4770-b083-13f0d67f7989,tables,394338f8-2fd0-4770-b083-13f0d67f7989.Счет 2600289122.pdf,"АО ""ДПД РУС""",7713215523,997750001,"АО ""ДПД РУС""",7713215523,774850001,match,mismatch,match
8073,ed57a769-6c1b-4ae8-b72c-b1029e614b95,tables,ed57a769-6c1b-4ae8-b72c-b1029e614b95.КС-2 №208-2 от 09.03.2026.pdf,"ООО ""ФОРТ-КОНТРОЛЬ""",7720000000,,"ООО ""ФОРТ-КОНТРОЛЬ""",5040125816,504001001,mismatch,llm_missing,match
8078,badb87f6-12c2-49fd-8f48-3d555524be36,tables,badb87f6-12c2-49fd-8f48-3d555524be36.01.2025 Акт снятия показаний с приборов учета расхода электроэнергии.pdf,ООО «ЛайтХаус»,1149011101,780101001,"ООО ""ЛайтХаус""",7813521852,780201001,mismatch,mismatch,match
8082,0028e63b-5ce9-4b83-94af-40f69c82748e,tables,0028e63b-5ce9-4b83-94af-40f69c82748e.HN806 АКТ ЗАЧЕТА ВОЗНАГРАЖДЕНИЯ от 30.04.2026.pdf,"ООО ""УГМК-Телеком""",7702011227,770201001,"ООО ""УГМК-Телеком""",6606022606,668601001,mismatch,mismatch,match
8083,ee584abb-ef9a-4305-a1d7-18681ccfcf35,tables,ee584abb-ef9a-4305-a1d7-18681ccfcf35.Акт_7713076301_165543001_314530_2025.12.31_00.pdf,"ПУБЛИЧНОЕ АКЦИОНЕРНОЕ ОБЩЕСТВО ""ТАТТЕЛЕКОМ""",1681000024,160532001,"ПАО ""ТАТТЕЛЕКОМ""",1681000024,166001001,match,mismatch,match
8094,4c3551b1-2770-4851-ba78-85bcba0f234d,tables,4c3551b1-2770-4851-ba78-85bcba0f234d.Акт к упд 26.pdf,"ООО ""ИНГРОСС ЛТД""",7707010011,770701001,"ООО ""ИНГРОСС ЛТД""",7743601244,772701001,mismatch,mismatch,match
8095,088fc900-959d-41e5-a47d-a39b8f912524,tables,"088fc900-959d-41e5-a47d-a39b8f912524.Vympel-5864,04.pdf","АО ""УК ""БМЗ""",3232035432,997450001,"АО ""УК ""БМЗ""",3232035432,325701001,match,mismatch,match
8096,a578ee9f-19ca-4e26-9331-12f682adca38,tables,a578ee9f-19ca-4e26-9331-12f682adca38.Schet_pokupatelyu.pdf,ИП Кравцова А. В.,343803828009,,Кравцова Алена Владимировна,343803828009,,match,both_missing,mismatch
8106,598fbfed-0bcd-49ca-97ae-51e94357a9c1,tables,598fbfed-0bcd-49ca-97ae-51e94357a9c1.Счет на оплату № 77 от 28 февраля 2026 г.pdf,ИП Поданева Ю. С.,422007037864,,Поданева Юлия Сергеевна,422007037864,,match,both_missing,mismatch
8109,4c2f4929-0d8f-49d7-b756-f5ec6315022d,tables,4c2f4929-0d8f-49d7-b756-f5ec6315022d.Акт Технологического Присоединения 51154.pdf,ИП Миронов Р.В.,,,"ООО ""НОРД-КОМ""",5262215891,526201001,llm_missing,llm_missing,mismatch
8110,93b40dba-ca80-4473-8266-8faf78d32936,tables,93b40dba-ca80-4473-8266-8faf78d32936.Счет ВЫМПЕЛКОМ ПАО ОСП Г. ИРКУТСК.pdf,"Акционерное общество ""Центр управления непрофильными активами""",1901069225,381245001,"АО ""ЦУНА""",1901069225,773401001,match,mismatch,match
8112,52192135-febe-4922-a49a-74e9ab59286b,tables,52192135-febe-4922-a49a-74e9ab59286b.Расшифровка к СчФ корректировочной_01.10.2025_31.10.2025_ИННРСО5406993045_КППРСО540601001_ИНН7713076301_КПП540503001_ID04122_508_129632859.pdf,ООО «НТСК»,7707083893,770701001,ООО «СИБИРСКАЯ ТЕПЛОСБЫТОВАЯ КОМПАНИЯ»,2462222097,772501001,mismatch,mismatch,mismatch
8130,6244fd62-d314-4ced-a8b6-b30f526487b0,tables,6244fd62-d314-4ced-a8b6-b30f526487b0.Превышение нормативов состава сточных вод (п.203) №48349 от 31.05.2026.pdf,ИП Чумак Андрей Николаевич,7606069518,760601001,Чумак Андрей Николаевич,760600466792,,mismatch,edo_missing,match
8134,a7469f15-22a7-470d-9ab6-7f4143543abb,tables,a7469f15-22a7-470d-9ab6-7f4143543abb.ЮЛ_АктПриемаПередачи_3.pdf,"Общество с ограниченной ответственностью ""ЭНЕРГОСБЫТХОЛДИНГ""",7707083893,770701001,"ООО ""ЭНЕРГОСБЫТХОЛДИНГ""",7703599239,770401001,mismatch,mismatch,match
8139,e55d5b2a-dc8f-4151-92f2-0773df672a45,tables,e55d5b2a-dc8f-4151-92f2-0773df672a45.2300_6400005162_31-01-2026.PDF,"ООО ""ЭР-ТЕЛЕКОМ МОСКВА""",,770501001,"ООО ""ЭР-ТЕЛЕКОМ МОСКВА""",7713480948,772601001,llm_missing,mismatch,match
8141,cb415bdd-ca50-496d-8ad1-694b6d763b10,tables,cb415bdd-ca50-496d-8ad1-694b6d763b10.1_МЭК УПД №11167_01 от 31.03.26.pdf,ООО Магнитогорская энергетическая компания,7445020452,785150001,"ООО ""СЕМЕЙНЫЙ ПАРК""",7446030799,745601001,mismatch,mismatch,mismatch
8144,0d7d8a88-218e-4f86-b3d0-47dd73d442f9,tables,0d7d8a88-218e-4f86-b3d0-47dd73d442f9.[4222] 64617804 - Авансовый счет 2_bb15e30c-6383-450a-a8ab-37648ffb0b0d.pdf,"Публичное акционерное общество энергетики и электрификации ""Камчатскэнерго""",4100000668,775050001,"ПАО ""ДЭК""",2723088770,997650001,mismatch,mismatch,mismatch
8149,67106547-e603-4da9-beae-f3895bf6fde0,tables,67106547-e603-4da9-beae-f3895bf6fde0.счет вымпелком от 07.05.2026 Комплексное ТО-1.pdf,"ЗАО ""Стройтехносеть""",5405252510,540601001,"ЗАО ""СТРОЙТЕХНОСЕТЬ""",5405252510,540501001,match,mismatch,match
8153,9ad18a85-67f2-434c-82f7-e869259d9828,tables,9ad18a85-67f2-434c-82f7-e869259d9828.Акт сверки_20260301_0000001288_155417.pdf,"Акционерное общество ""Черкесские городские электрические сети""",,,"АО ""ЧГЭС""",0901048801,090101001,llm_missing,llm_missing,mismatch
8160,76c90707-e792-4e22-b0c3-5205e03c3802,tables,76c90707-e792-4e22-b0c3-5205e03c3802.ВымпелКом ПАО (г. Красноярск)  526 от 28.02.2026 Расчет арендной платы .pdf,"Общество с ограниченной ответственностью ""ПЛАНЕТАМОЛЛ-КРАСНОЯРСК""",660125000000,660101001,"ООО ""ПЛАНЕТАМОЛЛ-КРАСНОЯРСК""",2465158467,246501001,mismatch,mismatch,match
8166,a135a189-abb9-4e40-9768-8d71975816b4,tables,a135a189-abb9-4e40-9768-8d71975816b4.УПД №660109345 от 28.02.26.pdf,"Акционерное общество ""Екатеринбургэнергосбыт""",6671250899,785150001,"Некоммерческое партнерство  ""Бажова, 193""",6672264260,668501001,mismatch,mismatch,mismatch
8167,191dcc03-0a6b-4cd1-aba5-966cf69714ce,tables,191dcc03-0a6b-4cd1-aba5-966cf69714ce.Akt-Spravka__2026_50050234_ot_29.05.2026.pdf,"ООО ""АЭРОЭКСПРЕСС""",1152005004,770701001,"ООО ""Аэроэкспресс""",5047066172,770501001,mismatch,mismatch,match
8168,bcfe89b9-f4b7-4f30-8293-0f45b4a8848d,tables,bcfe89b9-f4b7-4f30-8293-0f45b4a8848d.23674 15Л2_Акт_демонтажа.pdf,"ЗАО ""ГК ""ЛогЛаб""",,,"ООО ""СПП""",7726536228,772601001,llm_missing,llm_missing,mismatch
8169,a5cd230c-ca08-4e66-8a2c-f7f0e3143b41,tables,a5cd230c-ca08-4e66-8a2c-f7f0e3143b41.900600558305_CDTP_2_31.12.2025.pdf,ПАО «Ростелеком»,7707049388,213043001,"Нижегородский филиал ПАО ""Ростелеком"" (Волга)",7707049388,526043002,match,mismatch,match
8179,cb13813d-a911-4ded-aff9-f191593cf597,tables,cb13813d-a911-4ded-aff9-f191593cf597.Акт демонтажа БС 25509 плата.pdf,"ЗАО ""ГК ""ЛогЛаб""",,,"ООО ""ЭкспаГрупп""",7716668031,770901001,llm_missing,llm_missing,mismatch
8187,57c35b77-4991-48cb-b7a4-9583e93419a4,tables,57c35b77-4991-48cb-b7a4-9583e93419a4.SchetNaOplaty_ОБ000000028_18022026.pdf,"Акционерное общество ""Мосинжпроект""",7701885820,997450001,"АО ""МОСИНЖПРОЕКТ""",7701885820,770101001,match,mismatch,match
8189,d88d7707-1dde-4637-bc85-7def4c9cb6a6,tables,d88d7707-1dde-4637-bc85-7def4c9cb6a6.Счет на оплату МЭ-7058 от 30.04.2026 .pdf,"Общество с ограниченной ответственностью ""ЭкоЦентр""",3444177534,237743001,"ООО ""ЭкоЦентр""",3444177534,770301001,match,mismatch,match
8193,1afa33f6-1244-43c4-a894-05d8a50980d2,tables,1afa33f6-1244-43c4-a894-05d8a50980d2.Счет_de13f0c0-0ded-4bfe-a789-b3746baa608c.pdf,"ООО ""КОМУС""",7721793895,165645001,"ООО ""КОМУС""",7721793895,997350001,match,mismatch,match
8201,f5846a37-5de8-4855-be14-68939f68e51b,tables,f5846a37-5de8-4855-be14-68939f68e51b.Счет 592 от 30.09.2022 ВК СПБ эл-эн.pdf,"ООО ""ТЕЛЕКОМ СЕРВИС""",9721081732,771801001,"ООО ""ТЕЛЕКОМ СЕРВИС""",9721081732,770801001,match,mismatch,match
8205,996e7dc9-6cba-4e14-80f4-f680d5e4b56e,tables,996e7dc9-6cba-4e14-80f4-f680d5e4b56e.SF9100191478.pdf,Краснодарское отделение №8619 ПАО Сбербанк,7713076301,263602001,"Кавказский филиал ПАО ""МегаФон""",7812014560,230802001,mismatch,mismatch,mismatch
8212,7c90bbbd-de80-4f1d-b180-1aa9298663e0,tables,7c90bbbd-de80-4f1d-b180-1aa9298663e0.ON_BILL_2BM_2BM_20260202_735114689#9081049#I.pdf,"Северо-Западный филиал ПАО ""МегаФон""",7812014560,780143001,"Северо-Западный филиал ПАО ""МегаФон""",7812014560,784143001,match,mismatch,match
8214,3da91801-a74f-4307-9323-d1b8a7f83e87,tables,3da91801-a74f-4307-9323-d1b8a7f83e87.Доп.акт_21.2 сэс _30.06.26_Вымпелком_1319.pdf,ПАО «Россети Ленэнерго»,,,"АО ""РОССЕТИ ЦИФРА""",7705307770,773401001,llm_missing,llm_missing,mismatch
8215,ed0f4be2-cb61-45e2-91f0-905f93663afb,tables,ed0f4be2-cb61-45e2-91f0-905f93663afb.ON_SCHET___20260508_6d9ecf3b-f349-45d0-99f5-dab862a64306.pdf,"Общество с ограниченной ответственностью Профессиональная коллекторская организация ""Кредитэкспресс Финанс""",7707790885,785250001,"ООО ПКО ""КЭФ""",7707790885,785250001,match,match,mismatch
8221,7aebaa7b-0ba3-40e5-a403-5e24b83f40d6,tables,7aebaa7b-0ba3-40e5-a403-5e24b83f40d6.Акт об оказании услуг № 18 от 31 марта 2026 г.pdf,"ТСЖ ""ТАГАНСКАЯ 79""",6673191769,667319176,"ТСЖ ""Таганская 79""",6673191769,668601001,match,mismatch,match
8231,12c899bd-3d5a-4e33-b96c-213bf075a84b,tables,12c899bd-3d5a-4e33-b96c-213bf075a84b.Счет № 902102 - 1 от 31.12.2025.pdf,"ПАО ""Мобильные ТелеСистемы""",7740000076,997750001,"ПАО ""МТС""",7740000076,997750001,match,match,mismatch
8237,604b667a-506c-4a0d-bc71-98ddc57b8922,tables,604b667a-506c-4a0d-bc71-98ddc57b8922.АДО БС_2501 подписан.pdf,"ЗАО ""ГК ""ЛогЛаб""",,,"ООО ""ПАРИТЕТ""",5029254550,504401001,llm_missing,llm_missing,mismatch
8248,83011db4-c407-416b-b6a4-fae67bcd87c6,tables,83011db4-c407-416b-b6a4-fae67bcd87c6.Счет на оплату (Диадок) №00000006542 от 31.05.2026.pdf,"ПАО ""НОВОРОССИЙСКИЙ МОРСКОЙ ТОРГОВЫЙ ПОРТ""",2315004404,997650001,ПАО НМТП,2315004404,997650001,match,match,mismatch
8263,5b06e8b3-befe-49f5-94e9-2a20085b267f,tables,5b06e8b3-befe-49f5-94e9-2a20085b267f.Счет_7713076301_165543001_8500213_2025.12.31_103274114.pdf,ПАО ТАТТЕЛЕКОМ,1681000024,160532001,"ПАО ""ТАТТЕЛЕКОМ""",1681000024,166001001,match,mismatch,match
8265,c63f8d90-6ae5-44b3-9fb5-15ad5e946944,tables,c63f8d90-6ae5-44b3-9fb5-15ad5e946944.Pechatnaya_forma__Spravka-raschet__kommunalnye_uslugi_(po_gruppe_pomeshcheniy).pdf,Развитие бизнеса ООО (УК ВОЯЖ),,,"ООО ""Морис-Т""",7202247733,720301001,llm_missing,llm_missing,mismatch
8290,acd1fcab-4a2b-4381-9ce0-4dd468f56247,tables,acd1fcab-4a2b-4381-9ce0-4dd468f56247.Счет_a42ea792-750c-4365-a6a4-c9325523c926.pdf,"ООО ""КОМУС""",7721793895,781145001,"ООО ""КОМУС""",7721793895,997350001,match,mismatch,match
8291,4189b46a-844c-4089-8d16-6c05b27d0f43,tables,4189b46a-844c-4089-8d16-6c05b27d0f43.Приложение6_акт_ Доп 1 к ДС 78 _ДС_ШК_ВымпелКом_дог-р_24719584_ 06.02.24.pdf,"ЗАО ""Связь-монтаж""",7748755200,,"ЗАО ""Связь-монтаж""",5406393672,540601001,mismatch,llm_missing,match
8293,cedb8ea8-690c-4d96-be3e-2c6e113d6b07,tables,cedb8ea8-690c-4d96-be3e-2c6e113d6b07.900500538403_CDTP_2_31.05.2026.pdf,ПАО «Ростелеком»,7707049388,183143001,"Нижегородский филиал ПАО ""Ростелеком"" (Волга)",7707049388,526043002,match,mismatch,match
8305,468747cb-14a0-4297-847a-d38e1f3fd883,tables,468747cb-14a0-4297-847a-d38e1f3fd883.54373_ID_481246_ЧПЗ.pdf,Генеральный подрядчик,,,"ООО ""ТЕЛЕКОМСТРОЙ""",1840079463,184001001,llm_missing,llm_missing,mismatch
8308,214983e6-2922-4007-b36d-d1a59ae15fd8,tables,214983e6-2922-4007-b36d-d1a59ae15fd8.счет № 161 от 01.07.2026г..pdf,ИП Соловцов М. Р.,760700991587,,Соловцов Михаил Романович,760700991587,,match,both_missing,mismatch
8312,0f4b204d-e050-4ea8-a8c6-8a7b6cff07fc,tables,0f4b204d-e050-4ea8-a8c6-8a7b6cff07fc.900600595881_CDTP_2_30.04.2026.pdf,ПАО «Ростелеком»,7707049388,631543001,"Нижегородский филиал ПАО ""Ростелеком"" (Волга)",7707049388,526043002,match,mismatch,match
8313,27c2b0e6-5655-4283-844b-f010dec70536,tables,27c2b0e6-5655-4283-844b-f010dec70536.Пакет документов по пени_01.02.2026_28.02.2026_ИННРСО1901067718_КППРСО785150001_ИНН7713076301_КПП246303001_ID02020_512_219482999.pdf,"АО ""Енисейская ТГК (ТГК-13)""",1901067718,785150001,ООО «СИБИРСКАЯ ТЕПЛОСБЫТОВАЯ КОМПАНИЯ»,2462222097,772501001,mismatch,mismatch,mismatch
8315,b4431e0a-59e8-4f2b-85aa-531d480da612,tables,b4431e0a-59e8-4f2b-85aa-531d480da612.Счет_01c9cd48-14de-4cf7-9123-25d6a3534004.pdf,"ООО ""КОМУС""",7721793895,744845001,"ООО ""КОМУС""",7721793895,997350001,match,mismatch,match
8320,00f9a221-f6dd-42d9-bfc5-929c655c5cea,tables,00f9a221-f6dd-42d9-bfc5-929c655c5cea.ON_SCHET___20260602_1dbc9ef3-bfcc-4409-aae2-86fe3abe2723.pdf,"Общество с ограниченной ответственностью ""САНТЕЛ""",7714569853,771401001,"ООО ""СанТел""",7714569853,773401001,match,mismatch,match
8321,761e49d8-b306-4965-9648-898bd17d2719,tables,761e49d8-b306-4965-9648-898bd17d2719.ON_BILL_2BM_2BM_20260602_735118419#9393662#I.pdf,Северо-Западный филиал ПАО «МегаФон»,7812014560,780143001,"Северо-Западный филиал ПАО ""МегаФон""",7812014560,784143001,match,mismatch,match
8325,af83a6bb-ae98-4831-bcd8-8c9aa51c2267,tables,af83a6bb-ae98-4831-bcd8-8c9aa51c2267.Счет № 906330 - 1 от 31.03.2026.pdf,"Публичное акционерное общество ""Мобильные ТелеСистемы""",7740000076,997750001,"ПАО ""МТС""",7740000076,997750001,match,match,mismatch
8329,8d496adc-72d2-461b-a1ce-6d72ba30e55c,tables,8d496adc-72d2-461b-a1ce-6d72ba30e55c.Счет_756557b3-1a6b-48b5-a4e7-f622fd17b76c.pdf,"ООО ""КОМУС""",7721793895,500945001,"ООО ""КОМУС""",7721793895,997350001,match,mismatch,match
8338,4f6c4683-3e13-465c-a60f-f8e4d28417d4,tables,4f6c4683-3e13-465c-a60f-f8e4d28417d4.Счет на оплату № 753 от 31 мая 2026 г.pdf,"ООО ""Русский Мастер""",5404070958,772001001,"ООО ""РУССКИЙ МАСТЕР""",5404070958,772901001,match,mismatch,match
8340,6f3f143f-df89-48d4-a4fe-ba88832fbeeb,tables,6f3f143f-df89-48d4-a4fe-ba88832fbeeb.Счет № 902117 - 1 от 31.12.2025.pdf,"ПАО ""Мобильные ТелеСистемы""",7740000076,997750001,"ПАО ""МТС""",7740000076,997750001,match,match,mismatch
8343,a7f2229d-60f0-4945-a6b2-6f0af6fa4de9,tables,a7f2229d-60f0-4945-a6b2-6f0af6fa4de9.900900627607_CDTP_2_28.02.2026.pdf,ПАО «Ростелеком»,7707049388,213043001,"Нижегородский филиал ПАО ""Ростелеком"" (Волга)",7707049388,526043002,match,mismatch,match
8347,039ed095-0794-4667-9bf6-0f78bd835786,tables,039ed095-0794-4667-9bf6-0f78bd835786.Счет на оплату № 594 от 01 апреля 2026 г.pdf,"ООО ""Русский Мастер""",5404070958,772001001,"ООО ""РУССКИЙ МАСТЕР""",5404070958,772901001,match,mismatch,match
8350,024c228b-b0eb-43c6-bb4b-7c9af2a63647,tables,024c228b-b0eb-43c6-bb4b-7c9af2a63647.1000_6400368134_25_28-02-2026.PDF,"АО ""ЭР-Телеком Холдинг""",7713076301,623445026,"АО ""ЭР-ТЕЛЕКОМ ХОЛДИНГ""",5902202276,590501001,mismatch,mismatch,match
8352,016fe6ae-aca1-40af-b6bd-a6ff0f20e7f9,tables,016fe6ae-aca1-40af-b6bd-a6ff0f20e7f9.ЗАК40-Д24442_ВК-ЛКСП-24_15 PR_26047961 Акт № 260131-0106 от 31.01.2026.pdf,ООО «ЭхЭхЭк Домодедовский»,7716000000,771601001,"ООО ""ЛАЙОН КОММЬЮНИКЕЙШНЗ""",7743068844,771401001,mismatch,mismatch,mismatch
8366,92d90a85-5647-490a-8889-6d856067a95e,tables,92d90a85-5647-490a-8889-6d856067a95e.Счет_c94f72e9-2970-467e-b643-29ff4e025ff5.pdf,"ООО ""КОМУС""",7721793895,744845001,"ООО ""КОМУС""",7721793895,997350001,match,mismatch,match
8369,f96726e6-5a9e-4c92-8547-c6f8a9a96d4b,tables,f96726e6-5a9e-4c92-8547-c6f8a9a96d4b.Счет на оплату № 41 от 31 марта 2026 г.pdf,"ООО ""ЛАДОГА""",7811611902,781101001,"ООО ""ЛАДОГА""",7811611902,780201001,match,mismatch,match
8373,0a888905-a8bd-4766-92df-cbde5f54de80,tables,0a888905-a8bd-4766-92df-cbde5f54de80.Счет на оплату № 26 от 25 марта 2026 г (2).pdf,"ООО ""Сбербанк Факторинг""",7802754982,785250001,"ООО ""СИТИИНФО""",7810422780,781001001,mismatch,mismatch,mismatch
8378,f8e467d8-eeba-4b96-85bd-4432836fc983,tables,f8e467d8-eeba-4b96-85bd-4432836fc983.Счет на оплату № 36 от 20 апреля 2026 г.pdf,"ООО ""Сбербанк Факторинг""",7802754982,785250001,"ООО ""СИТИИНФО""",7810422780,781001001,mismatch,mismatch,mismatch
8381,a0a2fd79-21bf-4c4b-b84f-22ed71d036ae,tables,a0a2fd79-21bf-4c4b-b84f-22ed71d036ae.ON_SCHET_6101-2604RP326431.pdf,Филиал АО «Компания ТрансТелеКом» «Межрегиональный филиал Запад»,7709219099,616443002,"АО ""Компания ТрансТелеКом""",7709219099,775050001,match,mismatch,match
8382,b194c8a8-b3f4-41f9-b274-492800e7656d,tables,b194c8a8-b3f4-41f9-b274-492800e7656d.ЗАК390-Д24442ВК-ЛКСП-24_198 PR_26163348 Копия документов 3х лиц № 260531-147 от 31.05.2026.pdf,Общество с ограниченной ответственностью «ЭмЭмЭс Коммьюникейшнз»,,,"ООО ""ЛАЙОН КОММЬЮНИКЕЙШНЗ""",7743068844,771401001,llm_missing,llm_missing,mismatch
8384,38e7cc61-1278-47d2-8748-6fc8f7cabce5,tables,38e7cc61-1278-47d2-8748-6fc8f7cabce5.КС-2 №272 от 27.03.2026.pdf,"ООО ""ФОРТ-КОНТРОЛЬ""",7726095895,772601001,"ООО ""ФОРТ-КОНТРОЛЬ""",5040125816,504001001,mismatch,mismatch,match
8386,dd671c5b-75c3-4618-8c0a-2c3c26c768be,tables,dd671c5b-75c3-4618-8c0a-2c3c26c768be.3_ООН_26013170 Копия документов 3х лиц № 260228-006 от 28.02.2026.pdf,Общество с ограниченной ответственностью «ЭмЭмЭс Коммьюникейшнз»,,,"ООО ""ЛАЙОН КОММЬЮНИКЕЙШНЗ""",7743068844,771401001,llm_missing,llm_missing,mismatch
8388,e72118e8-775d-4c79-a104-1ccfc1bb8578,tables,e72118e8-775d-4c79-a104-1ccfc1bb8578.Счет № 904951 - 1 от 31.01.2026.pdf,"Публичное акционерное общество ""Мобильные ТелеСистемы"" (ПАО ""МТС"")",7740000076,997750001,"ПАО ""МТС""",7740000076,997750001,match,match,mismatch
8389,cb8c0ea4-2a1b-4cf3-8be7-ff71730fb056,tables,cb8c0ea4-2a1b-4cf3-8be7-ff71730fb056.900900580691_CDTP_2_31.03.2026.pdf,ПАО «Ростелеком»,7707049388,732543001,"Нижегородский филиал ПАО ""Ростелеком"" (Волга)",7707049388,526043002,match,mismatch,match
8391,6c5139f8-5ff6-4849-b67a-705ffed390b8,tables,6c5139f8-5ff6-4849-b67a-705ffed390b8.Счет_66c98dda-de81-455e-be1e-b5065f6de6bf.pdf,"ООО ""КОМУС""",7721793895,667845001,"ООО ""КОМУС""",7721793895,997350001,match,mismatch,match
8396,f9db67bc-644c-49c1-9c14-39de0d4cb787,tables,f9db67bc-644c-49c1-9c14-39de0d4cb787.АктВыдачи_WXX-4904809-1YAR400KW.PDF,"ООО ""СЕРВИОНИКА""",,,"ООО ""СТА Карго""",7810825228,781401001,llm_missing,llm_missing,mismatch
8400,9263f12f-5c94-41be-86c7-6ff97209f6e9,tables,9263f12f-5c94-41be-86c7-6ff97209f6e9.900500580323_CDTP_2_30.04.2026.pdf,ПАО «Ростелеком»,7707049388,290143001,"Макрорегиональный филиал ""Северо-Запад"" ПАО ""Ростелеком""",7707049388,784243002,match,mismatch,match
8406,5c7f1877-5787-47c5-857e-062fd784cef6,tables,5c7f1877-5787-47c5-857e-062fd784cef6.900700733020_CDTP_2_31.05.2026.pdf,ПАО «Ростелеком»,7707049388,213043001,"Нижегородский филиал ПАО ""Ростелеком"" (Волга)",7707049388,526043002,match,mismatch,match
8407,9938263c-7119-4a2b-b0ca-3ee1c79ec9d0,tables,9938263c-7119-4a2b-b0ca-3ee1c79ec9d0.TNN00RUKOS060002 Кс-Котельная -РРС1.pdf,ООО «ТЕЛЕКОМСТРОЙСЕРВИС»,100000000000,100000000,"ООО ""ТСС""",4400018296,440001001,mismatch,mismatch,match
8409,58b73cbb-47da-4d73-b171-b45854ab08a5,tables,58b73cbb-47da-4d73-b171-b45854ab08a5.КС-2 №233 от 13.03.2026.pdf,"ООО ""ФОРТ-КОНТРОЛЬ""",7720000000,772000000,"ООО ""ФОРТ-КОНТРОЛЬ""",5040125816,504001001,mismatch,mismatch,match
8415,9bb56a44-2f36-416c-9292-d4c061bf2bff,tables,9bb56a44-2f36-416c-9292-d4c061bf2bff.Счет_864904ba-ecc1-4f69-895a-b19eedd54426.pdf,"ООО ""КОМУС""",7721793895,165645001,"ООО ""КОМУС""",7721793895,997350001,match,mismatch,match
8422,0b7a3804-2349-471a-b3ec-3cc29e6a809e,tables,0b7a3804-2349-471a-b3ec-3cc29e6a809e.900700684954_CDTP_2_31.01.2026.pdf,ПАО «Ростелеком»,7707049388,650143001,"Приморский филиал ПАО ""Ростелеком"" (Дальний Восток)",7707049388,253643002,match,mismatch,match
8425,e4371930-20dd-4cdc-8ef2-c4dd7bbaf6f8,tables,e4371930-20dd-4cdc-8ef2-c4dd7bbaf6f8.900600684948_CDTP_2_30.04.2026.pdf,ПАО «Ростелеком»,7707049388,650143001,"Приморский филиал ПАО ""Ростелеком"" (Дальний Восток)",7707049388,253643002,match,mismatch,match
8428,f7d72b7a-8df3-461f-8b87-df78f0fed52c,tables,f7d72b7a-8df3-461f-8b87-df78f0fed52c.900100628315_CDTP_2_30.04.2026.pdf,ПАО «Ростелеком»,7707049388,290143001,"Макрорегиональный филиал ""Северо-Запад"" ПАО ""Ростелеком""",7707049388,784243002,match,mismatch,match
8433,33b97d33-3b28-4c03-8d0e-536824a28f28,tables,33b97d33-3b28-4c03-8d0e-536824a28f28.Счет на оплату № 216 от 14 мая 2026 г.pdf,"ООО КОМПАНИЯ ""ГАРАНТСТРОЙ""",6679110300,668601001,"ООО КОМПАНИЯ ""ГАРАНТСТРОЙ""",6679110300,667801001,match,mismatch,match
8442,d2ad4c9b-a449-41b1-afdc-270d8963a1aa,tables,d2ad4c9b-a449-41b1-afdc-270d8963a1aa.ON_BILL_2BM_2BM_20260502_735126569#9303906#I.pdf,Северо-Западный филиал ПАО «МегаФон»,7812014560,780143001,"Северо-Западный филиал ПАО ""МегаФон""",7812014560,784143001,match,mismatch,match
8444,db122a0e-2ff8-4553-bb61-fa603502f1c0,tables,db122a0e-2ff8-4553-bb61-fa603502f1c0.Счет № 835054 - 1 от 31.01.2026.pdf,"ПАО ""МТС""",7740000076,781343001,"ПАО ""МТС""",7740000076,997750001,match,mismatch,match
8453,13ca2e72-4947-4e72-8700-53d003e252be,tables,13ca2e72-4947-4e72-8700-53d003e252be.ON_SCHET_6101-2604RP312505.pdf,Филиал АО «Компания ТрансТелеКом» «Межрегиональный филиал Запад»,7709219099,616443002,"АО ""Компания ТрансТелеКом""",7709219099,775050001,match,mismatch,match
8458,462925cc-c5c0-4de3-bd4a-534f21db0278,tables,462925cc-c5c0-4de3-bd4a-534f21db0278.Акт по аренде № ВРЦБ-008594 от 31.12.2025.pdf,"Общество с ограниченной ответственностью ""Волга-Ритейл""",443028000000,443001001,"ООО ""ВОЛГА-РИТЕЙЛ""",6319111161,631201001,mismatch,mismatch,match
8461,c7e9db33-5860-48f6-82d4-a2ace0f4fcac,tables,c7e9db33-5860-48f6-82d4-a2ace0f4fcac.ЭМ_20-20 Билайн_офисы. ОП Абакан. Январь 2026 - Акт.pdf,"ООО ""ЭКОМАКС""",,,"ООО ""ЭМ""",5404083146,540401001,llm_missing,llm_missing,mismatch
8462,24a13748-d6d3-4f5c-a6b7-c94e13dbbe0f,tables,24a13748-d6d3-4f5c-a6b7-c94e13dbbe0f.ON_SCHET_6101-2604RP001460.pdf,Филиал АО «Компания ТрансТелеКом» «Межрегиональный филиал Запад»,7709219099,770921001,"АО ""Компания ТрансТелеКом""",7709219099,775050001,match,mismatch,match
8464,f5091c82-afbd-48a9-9c2c-ab156342c0e3,tables,f5091c82-afbd-48a9-9c2c-ab156342c0e3.900300715771_CDTP_2_30.04.2026.pdf,ПАО «Ростелеком»,7707049388,110143001,"Макрорегиональный филиал ""Северо-Запад"" ПАО ""Ростелеком""",7707049388,784243002,match,mismatch,match
8473,d102a59b-a646-4d60-b716-812f7d97d6eb,tables,d102a59b-a646-4d60-b716-812f7d97d6eb.Акт выполненных работ ВымпелКом АТМ_март 2026г.pdf,ООО «АТМ Альянс»,7707083893,770701001,"ООО ""АТМ АЛЬЯНС""",7204129189,773401001,mismatch,mismatch,match
8475,ff185740-b8fe-435d-8bbe-bebb6aadfb32,tables,ff185740-b8fe-435d-8bbe-bebb6aadfb32.1700_6400289491_26-12-2025.PDF,"ООО ""Новотелеком""",630099771307,771301001,"ООО ""Новотелеком""",5406260827,540601001,mismatch,mismatch,match
8480,d753d485-afd5-44ae-a949-5e155033b770,tables,d753d485-afd5-44ae-a949-5e155033b770.Подтверждающие документы Горэлектросеть за март 2026.pdf,"АО ""Барнаульская горэлектросеть""",2221008019,222101001,"ООО ""Малл Инвест""",2224134043,222401001,mismatch,mismatch,mismatch
8483,42869a29-e0d6-4e09-aa2d-6e191d22567f,tables,42869a29-e0d6-4e09-aa2d-6e191d22567f.Akt_sverki_№_1129_ot_17_aprelya_2026.pdf,"ООО ""Европа-центр""",7707083893,770701001,"ООО ""Европа-центр""",3904053040,390601001,mismatch,mismatch,match
8491,1a34a90d-71e7-44a2-9bbd-1cc0be507f8d,tables,1a34a90d-71e7-44a2-9bbd-1cc0be507f8d.Счет на оплату № 1994 от 17 марта 2026 г.pdf,"ООО ""ПрофСервисТрейд""",7707820378,774301001,"ООО ""ПРОФСЕРВИСТРЕЙД""",7707820378,771401001,match,mismatch,match
8500,faeb2fee-aff0-4332-ac6d-7fc2b5d41c2b,tables,faeb2fee-aff0-4332-ac6d-7fc2b5d41c2b.Счет-фактура № 78 от 31 января 2026 г.pdf,"АО ""Мосэнергосбыт",7736520080,997650001,ИП Евдокимова Ирина Ибрагимовна,502301830228,,mismatch,edo_missing,mismatch
8502,c343cf4a-9b11-42bf-983f-897ed574e10b,tables,c343cf4a-9b11-42bf-983f-897ed574e10b.900000699388_CDTP_2_31.03.2026.pdf,ПАО «Ростелеком»,7707049388,532143002,"Макрорегиональный филиал ""Северо-Запад"" ПАО ""Ростелеком""",7707049388,784243002,match,mismatch,match
8506,7f77df9b-1b07-4aa3-bf5f-2b66e5d84b9a,tables,7f77df9b-1b07-4aa3-bf5f-2b66e5d84b9a.19_Счет на оплату № 10 от 30 сентября 2027 г.pdf,"ООО ""ГРАНД ВЭЙ""",2635219430,263401001,"ООО ""ГРАНД ВЭЙ""",2635219430,263501001,match,mismatch,match
8510,d1e03a55-a497-4a71-a5a2-2a38a0f06947,tables,d1e03a55-a497-4a71-a5a2-2a38a0f06947.Акт_7713076301_165543001_42338_2026.02.28_00.pdf,"ПУБЛИЧНОЕ АКЦИОНЕРНОЕ ОБЩЕСТВО ""ТАТТЕЛЕКОМ""",1681000024,165043001,"ПАО ""ТАТТЕЛЕКОМ""",1681000024,166001001,match,mismatch,match
8522,b2de6fd4-7024-4c60-8342-caf0d0f656fb,tables,b2de6fd4-7024-4c60-8342-caf0d0f656fb.ЭМ_25-25 Билайн_офисы. ОП Новосибирск. Январь 2026 - Акт.pdf,"ООО ""ЭКОМАКС""",,,"ООО ""ЭМ""",5404083146,540401001,llm_missing,llm_missing,mismatch
8524,727818ed-24c5-4d4c-9bae-b1c4308410ce,tables,727818ed-24c5-4d4c-9bae-b1c4308410ce.Счет № 604927 - 1 от 31.12.2025.pdf,"ПАО ""Мобильные ТелеСистемы""",7740000076,997750001,"ПАО ""МТС""",7740000076,997750001,match,match,mismatch
8533,f34a8e5f-77ee-43d1-b241-0b4cbd4f165d,tables,f34a8e5f-77ee-43d1-b241-0b4cbd4f165d.Акт работ Вымпел эл.энергия за  Февраль 2026г.pdf,ИП Любарский Ф.В.,231900338286,,Любарский Феликс Вольфович,231900338286,,match,both_missing,mismatch
8548,04fa52ed-8b6c-4b66-954d-d6cb5bfa3318,tables,04fa52ed-8b6c-4b66-954d-d6cb5bfa3318.Счет_56cb91c4-cfe1-41ab-8344-1bb57baa15b5.pdf,"ООО ""КОМУС""",7721793895,500945001,"ООО ""КОМУС""",7721793895,997350001,match,mismatch,match
8552,fbc27351-292a-4a7d-9e64-0d071051d63c,tables,fbc27351-292a-4a7d-9e64-0d071051d63c.УПД (статус 1) № 35 от 30 апреля 2026 г.pdf,ИП Пономарёв Д.П.,650111617693,650111617,Пономарёв Дмитрий Петрович,650111617693,,match,edo_missing,mismatch
8555,49ce12f1-ba94-431f-a7a6-90b71e0833d3,tables,49ce12f1-ba94-431f-a7a6-90b71e0833d3.Счет 2600268801.pdf,"АО ""ДПД РУС""",7713215523,997750001,"АО ""ДПД РУС""",7713215523,774850001,match,mismatch,match
8556,7623ea1e-12d2-4fc5-bc83-72e3d0e25ccf,tables,7623ea1e-12d2-4fc5-bc83-72e3d0e25ccf.1000_6400481234_41_31-03-2026.PDF,"АО ""ЭР-Телеком Холдинг""",7713076301,616502001,"АО ""ЭР-ТЕЛЕКОМ ХОЛДИНГ""",5902202276,590501001,mismatch,mismatch,match
8564,c44ceab4-fbd9-4413-9c90-3f32470b2977,tables,c44ceab4-fbd9-4413-9c90-3f32470b2977.Счет на оплату МЭ-2259 от 28.02.2026 .pdf,"Общество с ограниченной ответственностью ""ЭкоЦентр""",3444177534,237743001,"ООО ""ЭкоЦентр""",3444177534,770301001,match,mismatch,match
8565,fc086ff7-d584-455e-8a8f-c151d0280e59,tables,fc086ff7-d584-455e-8a8f-c151d0280e59.Акт об оказании услуг № 382 от 31 декабря 2025 г.pdf,ИП Филиппский М. Л.,463226088403,,Филиппский Максим Леонидович,463226088403,,match,both_missing,mismatch
8567,aad9d528-a17f-468c-8cfc-f0ea7f20b7ae,tables,aad9d528-a17f-468c-8cfc-f0ea7f20b7ae.VV292267_Certificate.pdf,"ООО ""РУССЕРТ""",,,"ООО ""БЕРКС""",7743856281,997350001,llm_missing,llm_missing,mismatch
8573,b0157cad-0003-46c4-a90f-3a9215c553de,tables,b0157cad-0003-46c4-a90f-3a9215c553de.Приложение №5 ФК_112036.pdf,ООО «ФОРТ-КОНТРОЛЬ»,7707083893,770701001,"ООО ""ФОРТ-КОНТРОЛЬ""",5040125816,504001001,mismatch,mismatch,match
8575,5a83b9dd-e814-4f95-8efa-a699f67d71f0,tables,5a83b9dd-e814-4f95-8efa-a699f67d71f0.1000_6400356771_18_28-02-2026.PDF,"АО ""АЛЬФА-БАНК""",,720243001,"АО ""ЭР-ТЕЛЕКОМ ХОЛДИНГ""",5902202276,590501001,llm_missing,mismatch,mismatch
8580,63ae0314-c297-4a2b-9e25-322b7cac6bf5,tables,63ae0314-c297-4a2b-9e25-322b7cac6bf5.Акт об оказании услуг № 122 от 31 марта 2026 г.PDF,ИП Папаяни А. А.,245737194372,,Папаяни Александр Александрович,245737194372,,match,both_missing,mismatch
8581,720d61e0-de9a-4bbc-aabd-8252d8ef73fa,tables,720d61e0-de9a-4bbc-aabd-8252d8ef73fa.ON_SCHET_2401-2512XJ310723.pdf,Филиал АО «Компания ТрансТелеКом» «Межрегиональный филиал Восток»,7709219099,246343002,"АО ""Компания ТрансТелеКом""",7709219099,775050001,match,mismatch,match
8584,b7692200-c05e-4da5-b4a2-93d3e6b6749b,tables,b7692200-c05e-4da5-b4a2-93d3e6b6749b.Расшифровка к СчФ корректировочной_01.12.2025_31.12.2025_ИННРСО5406993045_КППРСО540601001_ИНН7713076301_КПП540503001_ID04122_508_129633139.pdf,ООО «НТСК»,7707083893,770701001,ООО «СИБИРСКАЯ ТЕПЛОСБЫТОВАЯ КОМПАНИЯ»,2462222097,772501001,mismatch,mismatch,mismatch
8589,5a0db2cd-fdc7-4e98-a399-7d1bdcf68860,tables,5a0db2cd-fdc7-4e98-a399-7d1bdcf68860.01_2026г._СР №73 от 31.01.2026_Вымпелком.pdf,"ООО ""Нижнетагильский трубный завод Металлинвест""",6623072967,662301002,"ООО ""НТТЗ Металлинвест""",6623072967,662301001,match,mismatch,match
8597,60617f3a-a6bc-40c8-9578-078b879521c4,tables,60617f3a-a6bc-40c8-9578-078b879521c4.Счет для юридических лиц - 2026-03-10T100753.800.pdf,"АО ""Электросвязь"" в ЧР",7713076301,201402001,"АО ""ЭЛЕКТРОСВЯЗЬ"" В ЧР",2014016741,201401001,mismatch,mismatch,match
8601,96cf5332-85c8-46e0-af95-1e8a766a29b5,tables,"96cf5332-85c8-46e0-af95-1e8a766a29b5.Счет на оплату 4 18, от 28 февраля 2026 г..pdf",НПК Катрен АО,5408130693,272543001,"АО НПК ""КАТРЕН""",5408130693,997350001,match,mismatch,match
8605,7f245121-4338-4157-bc98-620c15b6e55a,tables,7f245121-4338-4157-bc98-620c15b6e55a.SF9100187064.pdf,Краснодарское отделение №8619 ПАО Сбербанк,7713076301,997750001,"Кавказский филиал ПАО ""МегаФон""",7812014560,230802001,mismatch,mismatch,mismatch
8607,2b3376d0-708a-443f-84e2-d0c8f04a2bf5,tables,2b3376d0-708a-443f-84e2-d0c8f04a2bf5.900200793027_CDTP_2_31.01.2026.pdf,ПАО «Ростелеком»,7707049388,272143001,"Приморский филиал ПАО ""Ростелеком"" (Дальний Восток)",7707049388,253643002,match,mismatch,match
8611,5bf5cdf1-f0dc-4b64-9cd1-2e12c24592a4,tables,5bf5cdf1-f0dc-4b64-9cd1-2e12c24592a4.Счет № 907509 - 1 от 31.12.2025.pdf,"Публичное акционерное общество ""Мобильные ТелеСистемы""",7740000076,997750001,"ПАО ""МТС""",7740000076,997750001,match,match,mismatch
8612,b3003b6e-618e-448d-9d87-3a8cdff35f7b,tables,b3003b6e-618e-448d-9d87-3a8cdff35f7b.ЭЭ апрель26.pdf,"Акционерное общество ""ЕВРАЗ МАРКЕТ""",6154062128,615401001,"АО ""ЕВРАЗ МАРКЕТ""",6154062128,997550001,match,mismatch,match
8627,2a6d4369-3c52-483f-a1cf-6c5055d86ec0,tables,2a6d4369-3c52-483f-a1cf-6c5055d86ec0.Сч 9425 ВК Астрахань.pdf,ПАО «Россети Юг»,6164266561,301502001,"АО ""РОССЕТИ ЦИФРА""",7705307770,773401001,mismatch,mismatch,mismatch
8638,9f84c867-a1ee-4bd2-bb28-5d277d986e31,tables,9f84c867-a1ee-4bd2-bb28-5d277d986e31.Акт № ЕИВ00001602 от 31 марта 2026 Вымпелком 19.pdf,ИП Шагдарова И.В.,,,ИП Шагдарова Индира Валерьевна,032500432033,,llm_missing,both_missing,mismatch
8639,5fd8dcff-5671-4115-8a8c-48be3c308fd0,tables,5fd8dcff-5671-4115-8a8c-48be3c308fd0.SUBRENT_0080013942_S_4D7B046A38649FEAE1000000C0A830B5.pdf,"АО ""АЛЬФА-БАНК""",7704581248,770401001,"АО ""Торговый дом ""ПЕРЕКРЕСТОК""",7728029110,997350001,mismatch,mismatch,mismatch
8641,02ca291d-7a96-40a6-805d-390656336787,tables,02ca291d-7a96-40a6-805d-390656336787.WXX-4993753-1YAR300KWDАктРассогласования_.PDF,"ООО ""ИНТЭКО""",,,"ООО ""СТА Карго""",7810825228,781401001,llm_missing,llm_missing,mismatch
8642,16824edb-72e7-4c5e-81b4-4f43979557d1,tables,16824edb-72e7-4c5e-81b4-4f43979557d1.ЗАК238-Д24442_ВК-ЛКСП-24_55_TV_26127057 Копия документов 3х лиц № 260508-005 от 08.05.2026.pdf,"ООО ""РОРЕ МЕДИА""",,,"ООО ""ЛАЙОН КОММЬЮНИКЕЙШНЗ""",7743068844,771401001,llm_missing,llm_missing,mismatch
8644,e7a85d3b-3139-49e4-a8d9-bec1c8d51b3c,tables,e7a85d3b-3139-49e4-a8d9-bec1c8d51b3c.Акт_возврата_БС_51267_Арда[1].pdf,"АО ""ГК""ЛогЛаб"" Казань",,,"ООО ""Связьэнергосервис""",2130069208,772301001,llm_missing,llm_missing,mismatch
8658,e4675709-4260-40d7-9789-acc2d0991456,tables,e4675709-4260-40d7-9789-acc2d0991456.Акт зачета вознаграждения DG503.pdf,"АО ""Квантум""",2017000010,201700001,"АО ""КВАНТУМ""",7825098536,780101001,mismatch,mismatch,match
8660,781b01ba-fba7-4de6-aada-d1b8c38ab771,tables,781b01ba-fba7-4de6-aada-d1b8c38ab771.1дог.1295 Акт ЧАА.pdf,Акционерное общество «Независимая энергосбытовая компания Краснодарского края»,2308091759,230843001,Черная Анна Александровна,231103702819,,mismatch,edo_missing,mismatch
8669,f21dc531-d241-44af-b0eb-8c47c91f1a8f,tables,f21dc531-d241-44af-b0eb-8c47c91f1a8f.ON_BILL_2BM_2BM_20260401_735110818#9214563#I.pdf,"Северо-Западный филиал ПАО ""МегаФон""",7812014560,780143001,"Северо-Западный филиал ПАО ""МегаФон""",7812014560,784143001,match,mismatch,match
8670,e222a6a6-aff9-42ba-b39d-ac790b6ffac0,tables,e222a6a6-aff9-42ba-b39d-ac790b6ffac0.03.25_ 335_2009_ расчет_81C8CBB3-473E-43EA-A416-CF83DC2841E0.pdf,"Филиал ПАО ""МТС",,,"ПАО ""МТС""",7740000076,997750001,llm_missing,llm_missing,mismatch
8673,7b22dc2f-da6e-4b26-b233-184df24cba2f,tables,7b22dc2f-da6e-4b26-b233-184df24cba2f.Счёт №289 от 30 апреля 2026.pdf,"ООО ""ГУОДОНГ""",9709124154,772801001,"ООО ""ГУОДОНГ""",9709124154,772501001,match,mismatch,match
8679,2a169545-044c-411e-8041-c4f1e57e9ad0,tables,2a169545-044c-411e-8041-c4f1e57e9ad0.ЭЭ за февраль2026.pdf,"Акционерное общество ""ЕВРАЗ МАРКЕТ""",6154062128,615401001,"АО ""ЕВРАЗ МАРКЕТ""",6154062128,997550001,match,mismatch,match
8680,68286124-4298-4199-bbea-6299ce6a339e,tables,68286124-4298-4199-bbea-6299ce6a339e.raschet_Lebedyan_aprel.pdf,ИП Баландина Л.Ф.,,,Баландина Любовь Федоровна,482406591960,,llm_missing,both_missing,mismatch
8684,3d421eb0-af1b-46a7-adbe-77d90a3f7c3e,tables,3d421eb0-af1b-46a7-adbe-77d90a3f7c3e.SF9100185972.pdf,"УРАЛЬСКИЙ ФИЛИАЛ ПАО ""МЕГАФОН""",7812014560,407028103,"Уральский филиал ПАО ""МегаФон"".",7812014560,667003001,match,mismatch,match
8689,7bbcee7a-9bea-48bb-8baf-7d971d384cc0,tables,7bbcee7a-9bea-48bb-8baf-7d971d384cc0.ЗАК111-Д24442ВК-ЛКСП-24_52 PR_26074435 Акт № 260228-0161 от 28.02.2026.pdf,ООО «Эха Эха Эка»,7707083893,770701001,"ООО ""ЛАЙОН КОММЬЮНИКЕЙШНЗ""",7743068844,771401001,mismatch,mismatch,mismatch
8693,632937ef-bbfa-4b62-9545-3fddad9b8512,tables,632937ef-bbfa-4b62-9545-3fddad9b8512.900500580323_CDTP_2_31.05.2026.pdf,ПАО «Ростелеком»,7707049388,290143001,"Макрорегиональный филиал ""Северо-Запад"" ПАО ""Ростелеком""",7707049388,784243002,match,mismatch,match
8709,5869305f-2b56-4f67-a795-b85127fb4a0f,tables,5869305f-2b56-4f67-a795-b85127fb4a0f.ЗАК193-Д24442ВК-ЛКСП-24_82 PR_26099344 Копия документов 3х лиц № 260331-166 от 31.03.2026.pdf,Общество с ограниченной ответственностью «ЭмЭмЭс Коммьюникейшнз»,7714328921,,"ООО ""ЛАЙОН КОММЬЮНИКЕЙШНЗ""",7743068844,771401001,mismatch,llm_missing,mismatch
8712,ff398718-b3e1-4e37-989a-09a2fb7369a7,tables,ff398718-b3e1-4e37-989a-09a2fb7369a7.900000733058_CDTP_2_31.12.2025.pdf,ПАО «Ростелеком»,7707049388,631543001,"Нижегородский филиал ПАО ""Ростелеком"" (Волга)",7707049388,526043002,match,mismatch,match
8713,14cfec3d-4995-4a6a-a698-a63283fa5865,tables,14cfec3d-4995-4a6a-a698-a63283fa5865.Акт 11_ тхэс _30.06.26_Вымпелком_0979.pdf,ПАО «Россети Ленэнерго»,,,"АО ""РОССЕТИ ЦИФРА""",7705307770,773401001,llm_missing,llm_missing,mismatch
8714,5cbd6c76-72bf-47d1-81ac-d2f1510a3124,tables,5cbd6c76-72bf-47d1-81ac-d2f1510a3124.Счет № 5 от 16.04.2026.pdf,"ООО ""Трансэнергопром""",7731411714,770401001,"ООО ""ТРАНСЭНЕРГОПРОМ""",7731411714,770301001,match,mismatch,match
8716,9fa27b5d-bf47-4bda-9f64-d24e948502f8,tables,9fa27b5d-bf47-4bda-9f64-d24e948502f8.Счет № 27 от 30.01.2026.pdf,"ГБУЗ ""Самарская областная клиническая психиатрическая больница""",6319011294,631901001,"ГБУЗ ""СОКПБ""",6319011294,631901001,match,match,mismatch
8717,d9f92ba9-0039-4f3b-bc96-e25a888d645c,tables,d9f92ba9-0039-4f3b-bc96-e25a888d645c.УПД №260228-107155 от 28.02.26.pdf,"ГУП ""Мосводосток""",7705013033,775050001,"ООО ""СФН""",7730257675,773001001,mismatch,mismatch,mismatch
8718,ae50b1ea-f7b2-403c-a436-0bf29f442e30,tables,ae50b1ea-f7b2-403c-a436-0bf29f442e30.Счет_28abbf9b-ac6d-4d44-80ab-5980d41d39d7.pdf,"ООО ""КОМУС""",7721793895,541045001,"ООО ""КОМУС""",7721793895,997350001,match,mismatch,match
8728,33343da8-dbf9-436e-ba0d-97ef13266ec8,tables,33343da8-dbf9-436e-ba0d-97ef13266ec8.Счет 2600057564.pdf,"АО ""ДПД РУС""",7713215523,997750001,"АО ""ДПД РУС""",7713215523,774850001,match,mismatch,match
8744,8e832da8-4482-4218-9a77-6b654bb05500,tables,8e832da8-4482-4218-9a77-6b654bb05500.Bill_318000075540_1_202601.pdf,"ФИЛИАЛ В УДМУРТСКОЙ РЕСПУБЛИКЕ ПАО ""РОСТЕЛЕКОМ""",7707049388,183143001,"Нижегородский филиал ПАО ""Ростелеком"" (Волга)",7707049388,526043002,match,mismatch,mismatch
8748,f4033b43-1526-4497-bfbb-7b1390061071,tables,f4033b43-1526-4497-bfbb-7b1390061071.SF9100191396.pdf,Краснодарское отделение №8619 ПАО Сбербанк,7713076301,997750001,"Кавказский филиал ПАО ""МегаФон""",7812014560,230802001,mismatch,mismatch,mismatch
8751,f769f7fd-02f0-4b40-b778-5396b0904e70,tables,f769f7fd-02f0-4b40-b778-5396b0904e70.Акт МХ-1 №АП-1925958-2RND310LW от 17.06.26.pdf,"ООО ""ТОРГОВЫЙ ДОМ ДЭЙТЛАЙН""",,,"АО ""ГК ""ЛОГЛАБ""",7736506800,771501001,llm_missing,llm_missing,mismatch
8756,822b0401-37bb-4c40-afe4-417360d40d8c,tables,822b0401-37bb-4c40-afe4-417360d40d8c.ВымпелКом_дог.2517-УП от 11.04.2017г._Июль аванс 2026г._счет.pdf,"Филиал РТРС ""Калининградский ОРТПЦ""",7717127211,390602001,РТРС,7717127211,771701001,match,mismatch,match
8766,2608eac0-f30a-44a6-a426-b41a62afca29,tables,2608eac0-f30a-44a6-a426-b41a62afca29.Энергосбыт Волга УПД №332000172622 от 31.03.26.pdf,ООО «Энергосбыт Волга»,7704440018,332701001,"ООО ""КОМПАНИЯ НСТ""",6950175850,500101001,mismatch,mismatch,mismatch
8772,fa670862-1b6a-44c7-ae4c-abccc0eef030,tables,fa670862-1b6a-44c7-ae4c-abccc0eef030.ON_SCHET_6101-2512RP000602.pdf,Филиал АО «Компания ТрансТелеКом» «Межрегиональный филиал Запад»,7709219099,616443002,"АО ""Компания ТрансТелеКом""",7709219099,775050001,match,mismatch,match
8779,676dadc5-e77c-4e08-b6ce-bc8fb029107d,tables,676dadc5-e77c-4e08-b6ce-bc8fb029107d.03.2026 298978 Акт Ар и ЭЭН ИП Виноградов.pdf,ИП Виноградов Роман Владимирович,318784700254,,Виноградов Роман Владимирович,781612808300,,mismatch,both_missing,match
8782,18d05a77-8a34-410b-aa95-bacab35dd766,tables,18d05a77-8a34-410b-aa95-bacab35dd766.ON_SCHET_2401-2602XJ395576.pdf,Филиал АО «Компания ТрансТелеКом» «Межрегиональный филиал Восток»,7709219099,246343002,"АО ""Компания ТрансТелеКом""",7709219099,775050001,match,mismatch,match
8783,8ab84c12-aaa8-4b24-912b-2bccc76476e6,tables,8ab84c12-aaa8-4b24-912b-2bccc76476e6.Счет_bc9df82c-398e-4e4b-a40f-89748f3b9ea1.pdf,"ООО ""КОМУС""",7721793895,500945001,"ООО ""КОМУС""",7721793895,997350001,match,mismatch,match
8784,5476903c-cfb1-42bf-a997-2c87fc63ea58,tables,5476903c-cfb1-42bf-a997-2c87fc63ea58.1000_6400652280_20_30-04-2026.PDF,"АО ""ЭР-Телеком Холдинг""",7713076301,771301001,"АО ""ЭР-ТЕЛЕКОМ ХОЛДИНГ""",5902202276,590501001,mismatch,mismatch,match
8802,321f7a8f-9036-49c1-90a1-30aebb8af231,tables,321f7a8f-9036-49c1-90a1-30aebb8af231.Счет №НС00-000200 от 2026-02-28.PDF,ООО ПКО НСВ,7727551797,785250001,ООО ПКО НСВ,7727551797,775101001,match,mismatch,match
8805,b6043b4e-6a06-4ec9-a53d-89dffef94d33,tables,b6043b4e-6a06-4ec9-a53d-89dffef94d33.Schet_na_oplatu__352_ot_28_fevralya_2026_g.pdf,"МЕЖДУНАРОДНАЯ КОМПАНИЯ ОБЩЕСТВО С ОГРАНИЧЕННОЙ ОТВЕТСТВЕННОСТЬЮ ""БРАЙС ДЕВЕЛОПМЕНТ""",3900005350,771443001,"МКООО ""БРАЙС ДЕВЕЛОПМЕНТ""",3900005350,390001001,match,mismatch,match
8811,91398cd3-745a-42af-b6ec-3d42dc76fee2,tables,91398cd3-745a-42af-b6ec-3d42dc76fee2.Приложение №5 ФК_121046.pdf,ООО «ФОРТ-КОНТРОЛЬ»,7707083893,770701001,"ООО ""ФОРТ-КОНТРОЛЬ""",5040125816,504001001,mismatch,mismatch,match
8818,2d2414b7-33be-442f-a3f8-36ffb71c476c,tables,2d2414b7-33be-442f-a3f8-36ffb71c476c.4.1 Вода_НВ_Расшифровка17_№23018175_от_31.01.2026_Лотос_Плюс.pdf,"ООО ""Краснодар Водоканал""",5301000001,530100100,"АО ""ЛОТОС ПЛЮС""",2308188849,231001001,mismatch,mismatch,mismatch
8828,96125e9b-a44d-4528-a851-6bf2baadf577,tables,96125e9b-a44d-4528-a851-6bf2baadf577.900900589730_CDTP_2_31.12.2025.pdf,ПАО «Ростелеком»,7707049388,631543001,"Нижегородский филиал ПАО ""Ростелеком"" (Волга)",7707049388,526043002,match,mismatch,match
8830,12caa335-8664-4472-b553-16ff33dde918,tables,12caa335-8664-4472-b553-16ff33dde918.ЗАК163-Д24442ВК-ЛКСП-24_91 PR_26099360 Копия документов 3х лиц № 260331-111 от 31.03.2026.pdf,Общество с ограниченной ответственностью «ЭмЭмЭс Коммьюникейшнз»,,,"ООО ""ЛАЙОН КОММЬЮНИКЕЙШНЗ""",7743068844,771401001,llm_missing,llm_missing,mismatch
8833,14aee37e-4a87-41da-a6ba-75b64fa177d9,tables,14aee37e-4a87-41da-a6ba-75b64fa177d9.900500589712_CDTP_2_28.02.2026.pdf,ПАО «Ростелеком»,7707049388,183143001,"Нижегородский филиал ПАО ""Ростелеком"" (Волга)",7707049388,526043002,match,mismatch,match
8835,da33d7eb-cff7-4035-890d-6fad44e3e2c9,tables,da33d7eb-cff7-4035-890d-6fad44e3e2c9.Счет_8b0cf9fe-e26e-467f-bbd0-08377ce12b49.pdf,"ООО ""КОМУС""",7721793895,500945001,"ООО ""КОМУС""",7721793895,997350001,match,mismatch,match
8836,9c0745a8-474f-4854-95d5-6d45da07e284,tables,9c0745a8-474f-4854-95d5-6d45da07e284.Счет № 835054 - 1 от 31.12.2025.pdf,"ПАО ""МТС""",7740000076,781343001,"ПАО ""МТС""",7740000076,997750001,match,mismatch,match
8840,07100ecb-998c-4e78-a1f7-f6d65104e718,tables,07100ecb-998c-4e78-a1f7-f6d65104e718.АктВыдачи_WXX-3967914-1YAR3000KW.PDF,"ООО ""ЦВЕТМЕТАЛЛРЕСУРС""",,,"ООО ""СТА Карго""",7810825228,781401001,llm_missing,llm_missing,mismatch
8841,435d2bbc-a9de-46f5-b0ad-96b2586f6de8,tables,435d2bbc-a9de-46f5-b0ad-96b2586f6de8.900600733024_CDTP_2_31.12.2025.pdf,ПАО «Ростелеком»,7707049388,213043001,"Нижегородский филиал ПАО ""Ростелеком"" (Волга)",7707049388,526043002,match,mismatch,match
8849,9f0bb17f-8c53-4f35-ace5-216597923965,tables,9f0bb17f-8c53-4f35-ace5-216597923965.Счет_e90c3f1b-ba6a-455d-af5d-9dfe4fbdbc75.pdf,"ООО ""КОМУС""",7721793895,165645001,"ООО ""КОМУС""",7721793895,997350001,match,mismatch,match
8857,9f2af0ff-5c1c-4cf5-8169-fd7684e9fa89,tables,9f2af0ff-5c1c-4cf5-8169-fd7684e9fa89.Счет-фактура №67017 от 31.03.26.pdf,АО «Самарагорэнергосбыт»,6316138990,631601001,Бирюкова Вера Васильевна,631208428843,,mismatch,edo_missing,mismatch
8864,f6c28392-5114-4c4c-99bc-4c860b382add,tables,f6c28392-5114-4c4c-99bc-4c860b382add.900800580500_CDTP_2_31.03.2026.pdf,ПАО «Ростелеком»,7707049388,246643001,"Новосибирский филиал ПАО ""Ростелеком"" (Сибирь)",7707049388,540643001,match,mismatch,match
8866,bb2612db-9043-4600-998c-8b0eabb9c2c2,tables,bb2612db-9043-4600-998c-8b0eabb9c2c2.Акт сверки взаиморасчетов на 31 марта 2026 г ВЫМПЕЛКОМ.pdf,"ООО ""ПЕТРОМОБИЛЬ-СТРОЙ""",7807044560,780704456,"ООО ""Петромобиль-Строй""",7807044560,781301001,match,mismatch,match
8870,25e26ec1-3abc-4336-b857-ad86bbe1fd47,tables,25e26ec1-3abc-4336-b857-ad86bbe1fd47.ON_SCHET___20260304_12ce3b03-7b05-4f59-90b4-c914ff0ec7c9.pdf,"АО ""РАЙФФАЙЗЕНБАНК""",3662124236,366201001,"АО ""КВАНТ-ТЕЛЕКОМ""",3662124236,366201001,match,match,mismatch
8894,a183be33-1fe0-471e-9d66-778b81fc1f0b,tables,a183be33-1fe0-471e-9d66-778b81fc1f0b.Счет_4e4ccd27-c9b3-418a-bd77-5ca761281f2c.pdf,"ООО ""КОМУС""",7721793895,500945001,"ООО ""КОМУС""",7721793895,997350001,match,mismatch,match
8903,3625dace-6215-4d79-aab5-bdaa9f21104b,tables,3625dace-6215-4d79-aab5-bdaa9f21104b.Schet na oplatu 2800_000089 28.02.2026 .pdf,"ООО ""ГОСТИНИЦА ""ПУЛКОВСКАЯ""",7810247369,780101001,"ООО ""Гостиница ""Пулковская""",7810247369,781001001,match,mismatch,match
8909,b97997e1-3f66-489c-98e4-4458f8892375,tables,b97997e1-3f66-489c-98e4-4458f8892375.900300684960_CDTP_2_31.03.2026.pdf,ПАО «Ростелеком»,7707049388,650143001,"Приморский филиал ПАО ""Ростелеком"" (Дальний Восток)",7707049388,253643002,match,mismatch,match
8915,6d392d88-dcee-4d88-af8f-62b14e7666fe,tables,"6d392d88-dcee-4d88-af8f-62b14e7666fe.akt_k_bz_19_g.Orel,Oktyab,_64,_Kh5.pdf",ООО «Техноэлектросервис»,,770701001,"ООО ""ТЭС""",5753070493,575301001,llm_missing,mismatch,match
8918,a8bcfad4-e230-4344-a9c6-b03786807156,tables,a8bcfad4-e230-4344-a9c6-b03786807156.Счет на оплату № 256 от 15 мая 2026 г.pdf,ИП Исхаков А. Я.,230803583403,,Исхаков Артем Яковлевич,230803583403,,match,both_missing,mismatch
8920,e9ead6f4-3391-4a0f-8314-213d94b218d0,tables,e9ead6f4-3391-4a0f-8314-213d94b218d0.Счет № 902435 - 1 от 31.05.2026.pdf,"ПАО ""Мобильные ТелеСистемы""",7740000076,997750001,"ПАО ""МТС""",7740000076,997750001,match,match,mismatch
8922,a7255ba4-e209-4fe1-9179-f851dea3694a,tables,a7255ba4-e209-4fe1-9179-f851dea3694a.Приложение №6  Юг ТО КТСЗ апрель 2026г..pdf,"ООО ""ФОРТ-КОНТРОЛЬ""",7707019857,770701001,"ООО ""ФОРТ-КОНТРОЛЬ""",5040125816,504001001,mismatch,mismatch,match
8934,ca3a3624-d171-4932-9197-155de9d4a54f,tables,ca3a3624-d171-4932-9197-155de9d4a54f.Расшифровка к СчФ итоговой_01.01.2026_31.01.2026_ИННРСО1901067718_КППРСО785150001_ИНН7713076301_КПП246345031_ID02020_507_216599619.pdf,"АО ""Енисейская ТГК (ТГК-13)""",660021000000,660001001,ООО «СИБИРСКАЯ ТЕПЛОСБЫТОВАЯ КОМПАНИЯ»,2462222097,772501001,mismatch,mismatch,mismatch
8936,26b72f41-a919-464a-840f-d144fdb6806c,tables,26b72f41-a919-464a-840f-d144fdb6806c.Акт приемки ПУ в эксплуатацию 51154.pdf,ИП Миронов Р.В.,,,"ООО ""НОРД-КОМ""",5262215891,526201001,llm_missing,llm_missing,mismatch
8937,91b41af6-2c42-447e-97d6-18e1e2509a9c,tables,91b41af6-2c42-447e-97d6-18e1e2509a9c.(RMK)_Schet_na_oplatu__OR-116_ot_31.05.2026.pdf,"АО ""ОРМЕТ""",5616006746,424950001,"АО ""ОРМЕТ""",5616006746,561401001,match,mismatch,match
8948,084b1bff-1b56-471b-bf72-4dc0376b3c8f,tables,084b1bff-1b56-471b-bf72-4dc0376b3c8f.АктОбОказанииУслуг № ГУ-2191 от 31.12.2025.pdf,МГТУ им. Баумана,7722000820,772201001,МТУСИ,7722000820,772201001,match,match,mismatch
8953,1a5ae6f3-97ab-470b-801b-6094e9c61993,tables,1a5ae6f3-97ab-470b-801b-6094e9c61993.579226_S_ПАО ВымпелКом.pdf,"АО ""Кировтелеком""",102780271450,780501001,"АО ""КИРОВТЕЛЕКОМ""",7805067201,780501001,mismatch,match,match
8968,c47072a8-89bd-4506-b488-401acc6613d8,tables,c47072a8-89bd-4506-b488-401acc6613d8.ON_SCHET_2401-2512XJ399631.pdf,Филиал АО «Компания ТрансТелеКом» «Межрегиональный филиал Восток»,7709219099,246343002,"АО ""Компания ТрансТелеКом""",7709219099,775050001,match,mismatch,match
8982,d10a2606-a9b1-4405-ba25-c83785c43c7c,tables,d10a2606-a9b1-4405-ba25-c83785c43c7c.Bill_321000006712_1_202605.pdf,"ФИЛИАЛ В ЧУВАШСКОЙ РЕСПУБЛИКЕ ПАО ""РОСТЕЛЕКОМ""",7707049388,213043001,"Нижегородский филиал ПАО ""Ростелеком"" (Волга)",7707049388,526043002,match,mismatch,mismatch
9008,cdfd76ff-55ff-4f73-8313-441dea60d27a,tables,cdfd76ff-55ff-4f73-8313-441dea60d27a.ON_BILL_2BM_2BM_20260202_708433301#9076566#I.pdf,"Северо-Западный филиал ПАО ""МегаФон""",7812014560,780143001,"Северо-Западный филиал ПАО ""МегаФон""",7812014560,784143001,match,mismatch,match
9013,3b167340-2e68-4843-a986-916985c524b0,tables,3b167340-2e68-4843-a986-916985c524b0.80050027_Базальт групп_Acc.pdf,ООО «Технопарк»,6350005060,635001001,"ООО ""БАЗАЛЬТ ГРУПП""",6311099635,631701001,mismatch,mismatch,mismatch
9016,e11cb68c-7c82-412d-9d69-b175b64cdf3a,tables,e11cb68c-7c82-412d-9d69-b175b64cdf3a.счет 01_00169_26  за услуги по дог. 15 от 22.07.2014 г. в январе 2026 года.pdf,"ООО ""ГАЗПРОМ ТРАНСГАЗ САНКТ-ПЕТЕРБУРГ""",7805018099,781001001,"ООО ""Газпром трансгаз Санкт-Петербург""",7805018099,997250001,match,mismatch,match
9019,eca8fecd-9f31-4d1e-b007-c6af33212758,tables,eca8fecd-9f31-4d1e-b007-c6af33212758.Водоканал негатив. УПД от 31.01.26.pdf,"ООО ""Томскводоканал""",7017270664,701701001,"ООО ""Новый Век""",7017250749,701701001,mismatch,match,mismatch
9025,ecee52b9-f9ae-424b-ab4f-49552e6778f0,tables,ecee52b9-f9ae-424b-ab4f-49552e6778f0.ПАО Вымпелком_Форма 8_31.03.2026.pdf,"АО ""Арктик Регион Связь""",1102010002,110201001,"АО ""АРС""",8709009336,870901001,mismatch,mismatch,match
9030,d71de4b9-f1b5-47d7-b950-0e3066c8d2a4,tables,d71de4b9-f1b5-47d7-b950-0e3066c8d2a4.доп. АДО 64919 — АСТР_Геологов 26 .pdf,ИП Целиков,,,"ООО ""ГОРОДСКИЕ ЭЛЕКТРОСЕТИ""",6452122083,645301001,llm_missing,llm_missing,mismatch
9033,203fcdf6-2fb0-48a1-8ac2-ee0062d0ebad,tables,203fcdf6-2fb0-48a1-8ac2-ee0062d0ebad.Вымпелком расшифровка к счету по договору 101.pdf,"ОАО ""РЖД""",,,Центральная станция связи ОАО «РЖД»,7708503727,771843001,llm_missing,llm_missing,mismatch
9036,177d7004-7a2a-4ed6-a013-921425465993,tables,177d7004-7a2a-4ed6-a013-921425465993.Счет № 902789 - 1 от 31.01.2026.pdf,"Публичное акционерное общество ""Мобильные ТелеСистемы""",7740000076,997750001,"ПАО ""МТС""",7740000076,997750001,match,match,mismatch
9038,0b322c08-ef7a-4125-ab53-55e3275ad72d,tables,0b322c08-ef7a-4125-ab53-55e3275ad72d.[646Е] 64539255 - Авансовый счет 2_63232f01-807f-4468-bd20-287f356200e1.pdf,"Публичное акционерное общество энергетики и электрификации ""Камчатскэнерго""",4100000668,775050001,"ПАО ""ДЭК""",2723088770,997650001,mismatch,mismatch,mismatch
9052,d484b07c-1d1f-4037-aa6c-af413bd2e372,tables,d484b07c-1d1f-4037-aa6c-af413bd2e372.1000_6400671079_1_30-04-2026.PDF,"АО ""ЭР-Телеком Холдинг""",7713076301,997750001,"АО ""ЭР-ТЕЛЕКОМ ХОЛДИНГ""",5902202276,590501001,mismatch,mismatch,match
9061,9d926964-4469-4cfa-a731-5942590d2b5b,tables,9d926964-4469-4cfa-a731-5942590d2b5b.ON_AKTSVERKI_2BM-7713076301-2012052807251168061080000000000_2BM-3663050467-366301001-201501231147403659986_20260301_00001668-0000-0106-0001-000074495538.PDF,"Публичное акционерное общество ""ТНС энерго Воронеж""",5200000000,520000001,"ПАО ""ТНС ЭНЕРГО ВОРОНЕЖ""",3663050467,775050001,mismatch,mismatch,match
9065,e435c471-01ff-4b43-8c8b-a6272c5cecac,tables,e435c471-01ff-4b43-8c8b-a6272c5cecac.УПД №Э_06_013433 от 31.03.26.pdf,"Акционерное общество ""Мосэнергосбыт""",7736520080,997650001,Кулик Станислав Иванович,507600958088,,mismatch,edo_missing,mismatch
9075,74a1659d-14a6-4e20-9769-dd4c977e7849,tables,74a1659d-14a6-4e20-9769-dd4c977e7849.КС-2 №484-3 от 30.04.2026.pdf,"ООО ""ФОРТ-КОНТРОЛЬ""",7720000000,772000000,"ООО ""ФОРТ-КОНТРОЛЬ""",5040125816,504001001,mismatch,mismatch,match
9092,62b8b8e0-f2d8-47bf-8561-0b51e1a10896,tables,62b8b8e0-f2d8-47bf-8561-0b51e1a10896.900700549433_CDTP_2_31.03.2026.pdf,ПАО «Ростелеком»,7707049388,420543001,"Новосибирский филиал ПАО ""Ростелеком"" (Сибирь)",7707049388,540643001,match,mismatch,match
9099,dc1d6c31-c462-4daf-b1ec-d401a28337ba,tables,dc1d6c31-c462-4daf-b1ec-d401a28337ba.SF9100184083.pdf,СЕВЕРО-ЗАПАДНЫЙ БАНК ПАО СБЕРБАНК,,,"Северо-Западный филиал ПАО ""МегаФон""",7812014560,784143001,llm_missing,llm_missing,mismatch
9100,c17726d2-ef43-428a-b63b-2d02c383d311,tables,c17726d2-ef43-428a-b63b-2d02c383d311.Счет № 906114 - 1 от 31.03.2026.pdf,"ПАО ""Мобильные ТелеСистемы""",7740000076,997750001,"ПАО ""МТС""",7740000076,997750001,match,match,mismatch
9106,c2cd0fe9-dc6c-4731-9c27-6c9a5157cf82,tables,c2cd0fe9-dc6c-4731-9c27-6c9a5157cf82.ЗАК257-Д24442_ВК-ЛКСП-24_1_Даркстор_26133826 Копия документов 3х лиц № 260531-024 от 31.05.2026.pdf,Общество с ограниченной ответственностью «ЭмЭмЭс Коммьюникейшнз»,7714328921,,"ООО ""ЛАЙОН КОММЬЮНИКЕЙШНЗ""",7743068844,771401001,mismatch,llm_missing,mismatch
9114,69a30bb0-757d-43b5-9cf6-0f2c61c61d96,tables,69a30bb0-757d-43b5-9cf6-0f2c61c61d96.ON_SCHET_2401-2601RP347504.pdf,Филиал АО «Компания ТрансТелеКом» «Межрегиональный филиал Восток»,7709219099,246343002,"АО ""Компания ТрансТелеКом""",7709219099,775050001,match,mismatch,match
9119,22c8746f-f6fb-4479-853f-ef28df74ba4f,tables,22c8746f-f6fb-4479-853f-ef28df74ba4f.Vympelkom_Baza_PCh_03.2026.pdf,"ООО ""КР-КЭПИТАЛ""",500902384704,500901001,"ООО ""КР-КЭПИТАЛ""",5032310050,503201001,mismatch,mismatch,match
9135,290a03db-bcee-4d6a-a475-534cb35d0da4,tables,290a03db-bcee-4d6a-a475-534cb35d0da4.Счет-фактура № 108 от 28 февраля 2026 г.pdf,"АО ""ЕЭНС""",6671250899,668501001,"ООО КОМПАНИЯ ""ГАРАНТСТРОЙ""",6679110300,667801001,mismatch,mismatch,mismatch
9140,2775b833-094e-44a3-9602-63fc82038cb9,tables,2775b833-094e-44a3-9602-63fc82038cb9.Счет_на_оплату_№_4_от_12_марта_2026 г_2.pdf,"ООО ""КАСТОМЛАБ""",9724067084,772801001,"ООО ""КАСТОМЛАБ""",9724067084,772401001,match,mismatch,match
9143,0c5ba5b9-fa93-4b71-8cd5-bcdf3d924e7a,tables,0c5ba5b9-fa93-4b71-8cd5-bcdf3d924e7a.ccbprod_260127_1614_448540547587_lesk.pdf,"ПАО ""ЛЭСК""",4822001244,482201001,"ПАО ""ЛЭСК""",4822001244,482401001,match,mismatch,match
9157,6c347b9e-2062-48b1-8337-a4e2a1a83692,tables,6c347b9e-2062-48b1-8337-a4e2a1a83692.Гор-ть март 26г. УПД №46031159_4 от 31.03.26.pdf,"Акционерное общество ""Городские электрические сети""",8603004190,860343001,"ООО УК ""ЕВРОПА-СИТИ""",8603179320,860301001,mismatch,mismatch,mismatch
9163,97e6b19f-204d-4dd2-8ec0-60079968be5a,tables,97e6b19f-204d-4dd2-8ec0-60079968be5a.Счет_419c1267-0717-4725-8c0b-d52c7ed1bdcf.pdf,"ООО ""КОМУС""",7721793895,165645001,"ООО ""КОМУС""",7721793895,997350001,match,mismatch,match
9165,c0a69c3c-5115-426d-b3e2-124abf7eab59,tables,c0a69c3c-5115-426d-b3e2-124abf7eab59.1000_6402243784_37_31-12-2025.PDF,"АО ""ЭР-Телеком Холдинг""",7713076301,272102001,"АО ""ЭР-ТЕЛЕКОМ ХОЛДИНГ""",5902202276,590501001,mismatch,mismatch,match
9166,7048cd4c-c785-4ce3-8233-639d83026736,tables,7048cd4c-c785-4ce3-8233-639d83026736.900800966043_CDTP_2_28.02.2026.pdf,ПАО «Ростелеком»,7707049388,390643001,"Макрорегиональный филиал ""Северо-Запад"" ПАО ""Ростелеком""",7707049388,784243002,match,mismatch,match
9177,393322f9-f5b2-4902-af87-e6b4a658089b,tables,393322f9-f5b2-4902-af87-e6b4a658089b.900900745458_CDTP_2_30.04.2026.pdf,ПАО «Ростелеком»,7707049388,280143001,"Приморский филиал ПАО ""Ростелеком"" (Дальний Восток)",7707049388,253643002,match,mismatch,match
9194,0066ccf0-71ac-408a-ac02-37339ea72260,tables,0066ccf0-71ac-408a-ac02-37339ea72260.АктСверкиВзаиморасчетов_68220000019953.pdf,Филиал «Саратовский» ПАО «Т Плюс»,,,"Саратовский филиал АО ""ЭнергосбыТ Плюс""",5612042824,645443001,llm_missing,llm_missing,mismatch
9195,a7425ee2-0acc-4552-93f4-1060a703ceb4,tables,a7425ee2-0acc-4552-93f4-1060a703ceb4.SF9100183161.pdf,"СИБИРСКИЙ ФИЛИАЛ ПАО ""МЕГАФОН""",7812014560,407028108,"Сибирский филиал ПАО ""МегаФон""",7812014560,540643001,match,mismatch,match
9197,0f33ff55-fd53-44c3-820b-69357b0e6876,tables,0f33ff55-fd53-44c3-820b-69357b0e6876.СЧЕТ_Фрязино_02.26_ВК.pdf,ООО Колодяжный Г.В.,7713076301,997750001,"ООО ""ТАЙМ ТЕЛЕКОМ""",7728882110,772801001,mismatch,mismatch,mismatch
9198,24afb75d-b2fe-4457-9140-c1371e79929d,tables,24afb75d-b2fe-4457-9140-c1371e79929d.Schet_na_oplatu.pdf,ИП Чурсин К. А.,560300416957,,Чурсин Константин Алексеевич,560300416957,,match,both_missing,mismatch
9201,e9fbb799-0629-436e-8dfd-758d56ebcae1,tables,e9fbb799-0629-436e-8dfd-758d56ebcae1.213_2115384_4750011_Act.pdf,"Государственная компания ""Российские автомобильные дороги""",7717151380,770701001,"ООО ""АВТОДОР- ПЛАТНЫЕ ДОРОГИ""",7710965662,770701001,mismatch,match,mismatch
9209,43cc4081-fccc-452c-a9be-59a5d2560f97,tables,43cc4081-fccc-452c-a9be-59a5d2560f97.SF9100187848.pdf,УРАЛЬСКИЙ БАНК ПАО СБЕРБАНК,7713076301,,"Уральский филиал ПАО ""МегаФон"".",7812014560,667003001,mismatch,llm_missing,mismatch
9217,d2e812e7-cebb-4ff2-90ec-9453fc363667,tables,d2e812e7-cebb-4ff2-90ec-9453fc363667.Акт_7713076301_165543001_140860-67_2026.05.31_00.pdf,"ПУБЛИЧНОЕ АКЦИОНЕРНОЕ ОБЩЕСТВО ""ТАТТЕЛЕКОМ""",1681000024,163332001,"ПАО ""ТАТТЕЛЕКОМ""",1681000024,166001001,match,mismatch,match
9219,4c57b898-d839-45e5-8add-41fff9208315,tables,4c57b898-d839-45e5-8add-41fff9208315.СчетЗаказ.pdf,АО «ДРСК»,2801108200,272402001,"АО ""ДРСК""",2801108200,775050001,match,mismatch,match
9230,50af75a4-604e-4b34-bc5e-b801f0ad6d5e,tables,50af75a4-604e-4b34-bc5e-b801f0ad6d5e.900800608062_CDTP_2_30.04.2026.pdf,ПАО «Ростелеком»,7707049388,100143001,"Макрорегиональный филиал ""Северо-Запад"" ПАО ""Ростелеком""",7707049388,784243002,match,mismatch,match
9231,78d6e761-c222-4b29-8393-a13343e53fef,tables,78d6e761-c222-4b29-8393-a13343e53fef.Счет № 907515 - 1 от 31.05.2026.pdf,"Публичное акционерное общество ""Мобильные ТелеСистемы""",7740000076,997750001,"ПАО ""МТС""",7740000076,997750001,match,match,mismatch
9233,ab36108b-e556-49a6-a1e0-2c11f9097bb1,tables,ab36108b-e556-49a6-a1e0-2c11f9097bb1.900200606756_CDTP_2_31.03.2026.pdf,ПАО «Ростелеком»,7707049388,645243001,"Нижегородский филиал ПАО ""Ростелеком"" (Волга)",7707049388,526043002,match,mismatch,match
9234,b660758d-bc79-4168-83cc-714fbbeed5c3,tables,b660758d-bc79-4168-83cc-714fbbeed5c3.Счет 2600125711.pdf,"АО ""ДПД РУС""",,044525113,"АО ""ДПД РУС""",7713215523,774850001,llm_missing,mismatch,match
9238,98acafbe-7044-4324-a09a-ad0f5a8ce6fc,tables,98acafbe-7044-4324-a09a-ad0f5a8ce6fc.Счет на оплату № 17 от 02 февраля 2026 г.pdf,ИП ГРОШЕВ Ю. А.,280117643803,,Грошев Юрий Александрович,280117643803,,match,both_missing,mismatch
9257,af26ea26-2ba3-4283-ad68-13334872079a,tables,af26ea26-2ba3-4283-ad68-13334872079a.ЗАК233-Д24442_ВК-ЛКСП-24_49_TV_26127061 Копия документов 3х лиц № 260531-051 от 31.05.2026.pdf,"ООО ""РОРЕ МЕДИА""",7734440400,771401001,"ООО ""ЛАЙОН КОММЬЮНИКЕЙШНЗ""",7743068844,771401001,mismatch,match,mismatch
9261,4337007c-368a-4664-9428-e45ec86af82c,tables,4337007c-368a-4664-9428-e45ec86af82c.Счет на оплату № 182 от 2026-05-31 = 37 873.26 в т.ч. НДС 6 829.60.pdf,Солнечногорский филиал Общества с ограниченной ответственностью «Газпром теплоэнерго Московская область»,5007101649,504443001,"ООО ""ГАЗПРОМ ТЕПЛОЭНЕРГО МО""",5007101649,504301001,match,mismatch,match
9263,91c16ae7-ba9b-4703-bc18-06f1f854f453,tables,91c16ae7-ba9b-4703-bc18-06f1f854f453.Счет на оплату № 256 от 17 октября 2025 г.PDF,"ООО ФИРМА ""ФРОТЕК""",7715244103,771601001,"ООО ФИРМА ""ФРОТЕК""",7715244103,771501001,match,mismatch,match
9268,8f098a8f-ad00-48b9-9547-02ba9c44ed48,tables,8f098a8f-ad00-48b9-9547-02ba9c44ed48.Счет на оплату № 92 от 31 декабря 2025 г.pdf,ТОБОЛЬСКАЯ АШ ДОСААФ РОССИИ ПОУ ТЮМЕНСКОЙ ОБЛАСТИ,7206005911,720601001,"ПОУ ""ТОБОЛЬСКАЯ АВТОМОБИЛЬНАЯ ШКОЛА ДОСААФ РОССИИ""",7206005911,720601001,match,match,mismatch
9272,d183509a-b187-41cf-a995-865bbfdda568,tables,d183509a-b187-41cf-a995-865bbfdda568.Счет на оплату № 58 от 01 июня 2026 г.pdf,"ООО ""ИФОРМ""",7701177351,772001001,"ООО ""ИФОРМ""",7701177351,502701001,match,mismatch,match
9282,e155fd4f-41c2-45ef-82ff-ea51806052d6,tables,e155fd4f-41c2-45ef-82ff-ea51806052d6.ON_BILL_2BM_2BM_20260302_735130168#9151424#I.pdf,"Северо-Западный филиал ПАО ""МегаФон""",7812014560,780143001,"Северо-Западный филиал ПАО ""МегаФон""",7812014560,784143001,match,mismatch,match
9289,1edea07c-2ca6-41f2-a22b-e4460ad59bda,tables,1edea07c-2ca6-41f2-a22b-e4460ad59bda.ON_SCHET_2401-2604RP347372.pdf,Филиал АО «Компания ТрансТелеКом» «Межрегиональный филиал Восток»,7709219099,246343002,"АО ""Компания ТрансТелеКом""",7709219099,775050001,match,mismatch,match
9292,25a4fbd8-685d-4c1a-ab12-f186980d080a,tables,25a4fbd8-685d-4c1a-ab12-f186980d080a.Акт об оказании услуг № 155 от 31 декабря 2025 г.pdf,ИП Абрамович М. В.,231846517206,,Абрамович Михаил Валерьевич,231846517206,,match,both_missing,mismatch
9294,e4154fbf-0023-41dd-b4a1-280faae47e4a,tables,e4154fbf-0023-41dd-b4a1-280faae47e4a.Счёт №445 от 30 июня 2026.pdf,"ООО ""ГУОДОНГ""",9709124154,772801001,"ООО ""ГУОДОНГ""",9709124154,772501001,match,mismatch,match
9295,b768a742-5a19-4041-a4d5-0aec432a6ac0,tables,b768a742-5a19-4041-a4d5-0aec432a6ac0.900601166771_CDTP_2_30.04.2026.pdf,ПАО «Ростелеком»,7707049388,434543001,"Нижегородский филиал ПАО ""Ростелеком"" (Волга)",7707049388,526043002,match,mismatch,match
9297,9d5e4e81-a007-4d4f-985e-a4272781b1dc,tables,9d5e4e81-a007-4d4f-985e-a4272781b1dc.Счет на оплату № 440007 от 31 января 2026 г.PDF,"Открытое Акционерное Общество ""Костромская городская телефонная сеть""",4401006871,440101001,ОАО КГТС,4401006871,440101001,match,match,mismatch
9307,418a82f8-2e4d-493c-8351-89831d0224b5,tables,418a82f8-2e4d-493c-8351-89831d0224b5.Счет_24c07826-8d17-4724-9abb-8de48ea32750.pdf,"ООО ""КОМУС""",7721793895,500945001,"ООО ""КОМУС""",7721793895,997350001,match,mismatch,match
9310,a71843c0-6656-4807-998b-b7b2132972c0,tables,a71843c0-6656-4807-998b-b7b2132972c0.кс-2 Заявка PSK260219_1786_162.pdf,"ООО ""Северная Корона""",180006000000,,"ООО ""Северная корона""",6027012340,602701001,mismatch,llm_missing,match
9319,bcc1cb3b-dd28-41da-b6dd-4262dd466496,tables,bcc1cb3b-dd28-41da-b6dd-4262dd466496.4400_6400038194_31-05-2026.PDF,"АО ""Авантел""",7713076301,860245007,"АО ""АВАНТЕЛ""",5408185212,771501001,mismatch,mismatch,match
9324,6304b0ef-dec1-4b19-8085-3e549a848238,tables,6304b0ef-dec1-4b19-8085-3e549a848238.1985 предоплата 2026.03_NS.pdf,"Ярославские тепловые сети ПАО ""ТГК-2""",7713076301,997750001,"ПАО ""ТГК-2""",7606053324,760601001,mismatch,mismatch,match
9325,e2bc11a2-a2dc-49f0-ad51-3de3884e8b44,tables,e2bc11a2-a2dc-49f0-ad51-3de3884e8b44.Счет на оплату № 1 от 31 марта 2026 г..pdf,"ООО ""ГРАНД ВЭЙ""",2635219430,263401001,"ООО ""ГРАНД ВЭЙ""",2635219430,263501001,match,mismatch,match
9326,79286cfc-02aa-43f7-abde-b430b4d49862,tables,"79286cfc-02aa-43f7-abde-b430b4d49862.расчёт по коммуналке, февраль 2026 ВЫМПЕЛКОМ ПАО (салон).pdf",МОЭК ПАО,7713076301,771301001,"ЗАО ""АРТС-МЕДИА""",7722727951,772901001,mismatch,mismatch,mismatch
9329,54f219ff-cde2-4b44-a8a3-5f51448415bd,tables,"54f219ff-cde2-4b44-a8a3-5f51448415bd.АКТ № 13932 демонтажа, экспертизы и возврата оборудования и материалов.pdf","ЗАО ""ГК ""ЛогЛаб""",,,"ООО ""Ветекс""",7806433771,780601001,llm_missing,llm_missing,mismatch
9332,4790314a-0c74-49b3-8c58-61684f3fb584,tables,4790314a-0c74-49b3-8c58-61684f3fb584.31 счет вк лс 326695.pdf,"ОАО ""РЖД""",7708503727,997650001,Центральная станция связи ОАО «РЖД»,7708503727,771843001,match,mismatch,mismatch
9342,2d79267f-f39b-4d07-a282-81258304d328,tables,2d79267f-f39b-4d07-a282-81258304d328.АктВыдачи_WXX-4828123-1YAR333KW.PDF,"ООО ""КИПРЕСУРС""",,,"ООО ""СТА Карго""",7810825228,781401001,llm_missing,llm_missing,mismatch
9345,4976b99c-d286-40fa-89c1-73bc434df834,tables,4976b99c-d286-40fa-89c1-73bc434df834.900700716905_CDTP_2_31.12.2025.pdf,ПАО «Ростелеком»,7707049388,645243001,"Нижегородский филиал ПАО ""Ростелеком"" (Волга)",7707049388,526043002,match,mismatch,match
9346,cc22ba7e-048e-4352-a3ea-886014805748,tables,cc22ba7e-048e-4352-a3ea-886014805748.Счет на оплату № 206 от 31 декабря 2025 г.pdf,ИП Климов Д. В.,772396630908,,Климов Денис Владимирович,772396630908,,match,both_missing,mismatch
9353,d5c911fe-31a7-4cab-8a14-31c26be8ac8e,tables,d5c911fe-31a7-4cab-8a14-31c26be8ac8e.SF9100188742.pdf,УРАЛЬСКИЙ БАНК ПАО СБЕРБАНК,,,"Уральский филиал ПАО ""МегаФон"".",7812014560,667003001,llm_missing,llm_missing,mismatch
9357,1660c175-03c9-4490-aa64-8b4cffdce005,tables,1660c175-03c9-4490-aa64-8b4cffdce005.СЧЕТ 2 Вымпелком  коммуналка   Март 2026.pdf,ИП Любарский Ф.В.,231900338286,,Любарский Феликс Вольфович,231900338286,,match,both_missing,mismatch
9359,4925c3f7-510f-466d-b877-611517cf1b91,tables,4925c3f7-510f-466d-b877-611517cf1b91.Сч. №23 от 28.02.2026г.pdf,"ООО ""ЛАДОГА""",7811611902,781101001,"ООО ""ЛАДОГА""",7811611902,780201001,match,mismatch,match
9375,4d9de6c7-7c91-4d3d-99f8-1206aa7d4075,tables,4d9de6c7-7c91-4d3d-99f8-1206aa7d4075.Счет № 905263 - 1 от 30.04.2026.pdf,"Публичное акционерное общество ""Мобильные ТелеСистемы""",7740000076,997750001,"ПАО ""МТС""",7740000076,997750001,match,match,mismatch
9378,113a36cf-2821-4c20-8222-5211a939f85e,tables,113a36cf-2821-4c20-8222-5211a939f85e.СЧЁТ 00-26-00-FR017956.pdf,"Акционерное общество ""Страховое общество газовой промышленности""",7713076301,771301001,"АО ""СОГАЗ""",7736035485,770801001,mismatch,mismatch,mismatch
9379,a3ad8ea0-4391-4bf6-8a70-943cfae4e577,tables,a3ad8ea0-4391-4bf6-8a70-943cfae4e577.Мосэнеросбыт УПД 28.02.26 № Э-01-001730.pdf,"ООО ""Бизнес-Инвестиции""",7726524575,772701001,"ООО ""КТЦ""",7718737185,771501001,mismatch,mismatch,mismatch
9382,f5da3fa6-c675-471f-9b6f-21d6aef67c6b,tables,f5da3fa6-c675-471f-9b6f-21d6aef67c6b.Акт_7713076301_165543001_10294_2026.03.31_00.pdf,"Общество с ограниченной ответственностью ""Твои мобильные технологии""",1655327859,165501001,"ПАО ""ТАТТЕЛЕКОМ""",1681000024,166001001,mismatch,mismatch,mismatch
9388,1c98684a-a49a-419b-a7e2-571bdef2f84e,tables,1c98684a-a49a-419b-a7e2-571bdef2f84e.Счет_№2600196321_от_30.04.26.pdf,"АО ""ДПД РУС""",7713215523,540503001,"АО ""ДПД РУС""",7713215523,774850001,match,mismatch,match
9389,a1b00854-1df3-49a6-8bf1-8738f7e660e4,tables,a1b00854-1df3-49a6-8bf1-8738f7e660e4.[80912КЭКП] 65075811 - ТЭ Авансовый счет 2_487adbbd-c046-4896-9d6f-d34265587436.pdf,"Публичное акционерное общество энергетики и электрификации ""Камчатскэнерго""",4100000668,775050001,"ПАО ""ДЭК""",2723088770,997650001,mismatch,mismatch,mismatch
9390,efecfa8a-4da2-43e1-b513-fd0d13b96432,tables,efecfa8a-4da2-43e1-b513-fd0d13b96432.Счет на оплату  О92 от 31 января 2026 г.pdf,"Учебный центр ""Россети Урал""",6673215508,744743001,"УЧЕБНЫЙ ЦЕНТР ""МРСК УРАЛА""",6673215508,668601001,match,mismatch,mismatch
9394,392a68be-65df-4cb6-bbf4-ad1111c05c70,tables,392a68be-65df-4cb6-bbf4-ad1111c05c70.ON_SCHET___20260406_d33b93ce-454e-4761-8c2c-f04ed300c27b.pdf,"Общество с ограниченной ответственностью ""Сервис-Партнер""",7707700289,773101001,"ООО ""Сервис-Партнер""",7707700289,771401001,match,mismatch,match
9396,eb996eef-3a25-42fe-87d3-281f02a33ef8,tables,eb996eef-3a25-42fe-87d3-281f02a33ef8.АДО  MRB00RULEN014573.pdf,"ЗАО ""ГК ""ЛогЛаб""""",,,"ООО ""ЗСИ""",3906191631,772301001,llm_missing,llm_missing,mismatch
9404,8179dd54-f825-49ba-814c-ff9ede8f90f3,tables,8179dd54-f825-49ba-814c-ff9ede8f90f3.Счет на оплату № 185 от 17 марта 2026 г.pdf,"ООО ""ЛЕСТА ГЕЙМС ЭДЖЕНСИ""",9705161726,770901001,"ООО ""ЛЕСТА ГЕЙМС ЭДЖЕНСИ""",9705161726,997750001,match,mismatch,match
9406,34c78d95-e136-47ec-9507-bb90e6225144,tables,34c78d95-e136-47ec-9507-bb90e6225144.ЗАК247-Д24442ВК-ЛКСП-24_144 PR_26133951 Акт № 260430-0194 от 30.04.2026.pdf,ООО «ЭхоЭхоК Духовщинский»,7707083893,770701001,"ООО ""ЛАЙОН КОММЬЮНИКЕЙШНЗ""",7743068844,771401001,mismatch,mismatch,mismatch
9410,6363ab25-c208-44af-84c2-12355a4121f1,tables,6363ab25-c208-44af-84c2-12355a4121f1.Счет № 361 от 30.04.2026.pdf,ИП Ежков А. Г.,165060974030,,Ежков Александр Григорьевич,165060974030,,match,both_missing,mismatch
9415,cd77b557-4a9d-41b9-978e-1477f686e984,tables,cd77b557-4a9d-41b9-978e-1477f686e984.Акт сверки взаиморасчетов № 57 от 31 декабря 2025 г.pdf,"ООО ""САПФИР - ЭКСПЕРТ""",6672303952,667201001,"ООО ""САПФИР - ЭКСПЕРТ""",6672303952,667101001,match,mismatch,match
9416,601a19d8-713f-458c-9763-0a9c55e1fe51,tables,601a19d8-713f-458c-9763-0a9c55e1fe51.900500733052_CDTP_2_31.12.2025.pdf,ПАО «Ростелеком»,7707049388,631543001,"Нижегородский филиал ПАО ""Ростелеком"" (Волга)",7707049388,526043002,match,mismatch,match
9420,1fa28503-efc6-4476-86f7-bb17c10819e3,tables,1fa28503-efc6-4476-86f7-bb17c10819e3.SF9100185257.pdf,КРАСНОДАРСКОЕ ОТДЕЛЕНИЕ N8619 ПАО СБЕРБАНК,,,"Кавказский филиал ПАО ""МегаФон""",7812014560,230802001,llm_missing,llm_missing,mismatch
9423,c1a8c82e-d5ab-4ed8-8bca-49f68d24dad1,tables,c1a8c82e-d5ab-4ed8-8bca-49f68d24dad1.Акт сверки Вымпелком_СИТИЛИНК Контракт 20193403- Договор 58045 01.25-03.26 в руб.pdf,ООО СИТИЛИНК,7718979307,997750001,"ООО ""СИТИЛИНК""",7718979307,771801001,match,mismatch,match
9427,2c3f7538-23ab-4616-bde7-0851e79df211,tables,2c3f7538-23ab-4616-bde7-0851e79df211.Счет на оплату № 143 от 01 апреля 2026 г.pdf,МП Братское троллейбусное управление муниципального образования города Братска,3803100576,380401001,"МП ""БТУ""",3803100576,380401001,match,match,mismatch
9431,fd91b6a4-d65a-4899-8c66-6bf28b8ac39c,tables,fd91b6a4-d65a-4899-8c66-6bf28b8ac39c.Счет № 903071 - 1 от 31.12.2025.pdf,"Публичное акционерное общество ""Мобильные ТелеСистемы""",7740000076,997750001,"ПАО ""МТС""",7740000076,997750001,match,match,mismatch
9435,d649e07f-0053-45ca-b1d5-7b117ef7ebd0,tables,d649e07f-0053-45ca-b1d5-7b117ef7ebd0.Акт ВымпелКом.pdf,АО «Компания Геометрия»,012770200812,,"АО ""КОМПАНИЯ ГЕОМЕТРИЯ""",9707007230,770701001,mismatch,llm_missing,match
9451,4ae94a22-09a2-4167-864d-b1041255779e,tables,4ae94a22-09a2-4167-864d-b1041255779e.УПД (статус 1) № 23 от 28 февраля 2026 г.pdf,"ОАО ""УЖХ ОРДЖОНИКИДЗЕВСКОГО РАЙОНА""",0277101778,027710177,"ОАО ""УЖХ Орджоникидзевского района""",0277101778,027701001,match,mismatch,match
9459,5c9bafe7-c8ae-4ffc-a8e1-4af294f4c639,tables,5c9bafe7-c8ae-4ffc-a8e1-4af294f4c639.900100515609_CDTP_2_30.04.2026.pdf,ПАО «Ростелеком»,7707049388,213043001,"Нижегородский филиал ПАО ""Ростелеком"" (Волга)",7707049388,526043002,match,mismatch,match
9464,86464540-4208-4962-9c37-3f484f35fdf1,tables,86464540-4208-4962-9c37-3f484f35fdf1.Akt_ob_okazanii_uslug__50_ot_31_yanvarya_2026_g.pdf,"ООО "" УК ""ЗЕЛЕНАЯ РОЩА",6658215292,665821529,"ООО ""УК ""Зеленая роща""",6658215292,667101001,match,mismatch,match
9478,70d7cd3a-d139-4ce2-ad36-b93abe0f7de5,tables,70d7cd3a-d139-4ce2-ad36-b93abe0f7de5.ЭМ_147-147 Билайн_офисы. ОП Иркутск (ковры). Май 2026 - Акт.pdf,"ООО ""ЭКОМАКС""",,,"ООО ""ЭМ""",5404083146,540401001,llm_missing,llm_missing,mismatch
9481,2b78b489-10ca-4ac9-9e96-e9deab3e29b6,tables,2b78b489-10ca-4ac9-9e96-e9deab3e29b6.ЗАК152-Д24442_ВК-ЛКСП-24_43_TV_26096679 Копия документов 3х лиц № 260430-040 от 30.04.2026.pdf,"ООО ""РОРЕ МЕДИА""",7734440400,771401001,"ООО ""ЛАЙОН КОММЬЮНИКЕЙШНЗ""",7743068844,771401001,mismatch,match,mismatch
9484,086c82b5-88a8-4ba9-a74a-ed26315563d6,tables,086c82b5-88a8-4ba9-a74a-ed26315563d6.900800580500_CDTP_2_28.02.2026.pdf,ПАО «Ростелеком»,7707049388,246643001,"Новосибирский филиал ПАО ""Ростелеком"" (Сибирь)",7707049388,540643001,match,mismatch,match
9486,2d12e62f-418b-494c-b80b-2b8c5e000d91,tables,2d12e62f-418b-494c-b80b-2b8c5e000d91.ON_ASVER_2BM-7713076301-2012052807251168061080000000000_2BM-ac793fdeb7464e9a918dac26f8f00298_20260531_54473cc4-23c5-4980-9f8c-486907a2940a_0_0_0_0_0_00.pdf,"ПАО ""Саратовэнерго""",5002000001,500200000,"ПАО ""САРАТОВЭНЕРГО""",6450014808,785150001,mismatch,mismatch,match
9492,4b0f0db6-4b22-4fac-ac07-dfec0f781513,tables,4b0f0db6-4b22-4fac-ac07-dfec0f781513.Итоговый счет_7713076301_202512_15268895.pdf,"Акционерное Общество ""Дальневосточная Генерирующая Компания""",1434031363,790145001,"АО ""ДГК""",1434031363,272101001,match,mismatch,match
9493,d567e26a-8cff-45e6-b1b6-44814b0a7f71,tables,d567e26a-8cff-45e6-b1b6-44814b0a7f71.Вымпел 474-Р.pdf,"ОАО ""РЖД""",7708503727,997650001,Центральная станция связи ОАО «РЖД»,7708503727,771843001,match,mismatch,mismatch
9505,458de696-0c51-476a-95c4-cab791dd6a4c,tables,458de696-0c51-476a-95c4-cab791dd6a4c.Плата за негативное воздействие п.123(4) (с 03.06.2020) №42451 от 30.04.2026.pdf,"Акционерное Общество ""Ярославльводоканал""",7606069518,760601001,Чумак Андрей Николаевич,760600466792,,mismatch,edo_missing,mismatch
9506,769cac36-1175-4469-a2c1-7241234f281e,tables,769cac36-1175-4469-a2c1-7241234f281e.Славянская сбытовая.pdf,"АО ""ЭкспоФорум""",7811395296,780101001,"АО ""ЭКСПОФОРУМ""",7811395296,781101001,match,mismatch,match
9512,490b5598-b063-4aa2-822e-0a5a77cc330e,tables,490b5598-b063-4aa2-822e-0a5a77cc330e.Акт об оказании услуг № 2368 от 22 апреля 2026 г.pdf,"ООО ""ПРОТОН""",7802119050,780201001,"ООО ""Протон""",7802119050,780401001,match,mismatch,match
9529,64dd19ca-2ca3-41ec-9574-03ad888eca32,tables,64dd19ca-2ca3-41ec-9574-03ad888eca32.электроэнергия апрель 2026.pdf,АО «АПК «АгроКонтакт»,7707083893,770701001,"ООО УК ""РЕГИОНГАЗФИНАНС""",7701248637,773101001,mismatch,mismatch,mismatch
9541,8e0ba797-9a87-4b6b-9e2a-579abe72c8a2,tables,8e0ba797-9a87-4b6b-9e2a-579abe72c8a2.Счет № 908608 - 1 от 31.12.2025.pdf,"Публичное акционерное общество ""Мобильные ТелеСистемы""",7740000076,997750001,"ПАО ""МТС""",7740000076,997750001,match,match,mismatch
9543,fa4e6b94-4dd1-461a-85a8-a7bafa4e34e9,tables,fa4e6b94-4dd1-461a-85a8-a7bafa4e34e9.KRN260406_2141_2 Счёт_№51_от_14.04.2026.pdf,"ООО ""Банк Точка""",662329562361,,Закиров Тимур Ирфанович,662329562361,,match,both_missing,mismatch
9545,8b3b90ca-2377-490a-983d-12a2c4c26b0f,tables,8b3b90ca-2377-490a-983d-12a2c4c26b0f.АктСверкиВзаиморасчетов_68280000014626.pdf,"Филиал ""Свердловский"" ПАО ""Т Плюс""",7707083893,770701001,"Свердловский филиал АО ""ЭНЕРГОСБЫТ ПЛЮС"" ",5612042824,667043001,mismatch,mismatch,mismatch
9548,f2c09db0-d89b-4516-ae83-b218656cd10b,tables,f2c09db0-d89b-4516-ae83-b218656cd10b.1000_6402279183_3_31-12-2025.PDF,"АО ""ЭР-Телеком Холдинг""",7713076301,246303001,"АО ""ЭР-ТЕЛЕКОМ ХОЛДИНГ""",5902202276,590501001,mismatch,mismatch,match
9558,297d1455-f468-49f0-8b80-e4147dde6916,tables,297d1455-f468-49f0-8b80-e4147dde6916.900701100540_CDTP_2_31.12.2025.pdf,ПАО «Ростелеком»,7707049388,272143001,"Приморский филиал ПАО ""Ростелеком"" (Дальний Восток)",7707049388,253643002,match,mismatch,match
9564,46468c83-4dbe-4a6f-87b2-c5834dac5cc6,tables,46468c83-4dbe-4a6f-87b2-c5834dac5cc6.Счет на оплату № 48 от 01 мая 2026 г.pdf,"ООО ""ИФОРМ""",7701177351,772001001,"ООО ""ИФОРМ""",7701177351,502701001,match,mismatch,match
9570,a2bc6d62-46b7-423c-a675-64be23fc23da,tables,a2bc6d62-46b7-423c-a675-64be23fc23da.Акт_сверки_3301_20260331.pdf,"ПАО ""ПЕРМЭНЕРГОСБЫТ""",7707083893,770701001,"ПАО ""ПЕРМЭНЕРГОСБЫТ""",5904123809,590401001,mismatch,mismatch,match
9573,d3fc8bdc-c815-4e1b-8708-476100a7be1c,tables,d3fc8bdc-c815-4e1b-8708-476100a7be1c.VV390880_Certificate.pdf,"ООО ""РУССЕРТ""",,,"ООО ""Мерлион""",7719269331,997350001,llm_missing,llm_missing,mismatch
9584,29995bd1-6702-46f6-a84f-5b8293ec7a82,tables,29995bd1-6702-46f6-a84f-5b8293ec7a82.900500580502_CDTP_2_28.02.2026.pdf,ПАО «Ростелеком»,7707049388,246643001,"Новосибирский филиал ПАО ""Ростелеком"" (Сибирь)",7707049388,540643001,match,mismatch,match
9586,37f2a99c-6dd7-4d9c-a0f4-5d0e6c5a1b99,tables,37f2a99c-6dd7-4d9c-a0f4-5d0e6c5a1b99.900000918127_CDTP_2_31.03.2026.pdf,ПАО «Ростелеком»,7707049388,380843001,"Новосибирский филиал ПАО ""Ростелеком"" (Сибирь)",7707049388,540643001,match,mismatch,match
9590,892a5187-e167-42b1-acd2-f6529c136dff,tables,892a5187-e167-42b1-acd2-f6529c136dff.Счет-фактура №42541 от 28.02.26.pdf,АО «Самарагорэнергосбыт»,6316138990,,Голованова Инна Анатольевна,631229607498,,mismatch,both_missing,mismatch
9594,1ba2511a-b6fa-4976-b837-53d83f51e119,tables,1ba2511a-b6fa-4976-b837-53d83f51e119.КС-2 №541 от 20.05.2026.pdf,"ООО ""ФОРТ-КОНТРОЛЬ""",140180000000,140180000,"ООО ""ФОРТ-КОНТРОЛЬ""",5040125816,504001001,mismatch,mismatch,match
9598,c15ce4e1-e7b5-47e0-aae6-55a4ff9f9920,tables,c15ce4e1-e7b5-47e0-aae6-55a4ff9f9920.ЮЛ_АктПриемаПередачи_2.pdf,"ООО ""РУСЭНЕРГОСБЫТ""",7707083893,770701001,"ООО ""РУСЭНЕРГОСБЫТ""",7706284124,770401001,mismatch,mismatch,match
9605,752a9e94-7f49-483e-a03c-032b8e85e940,tables,752a9e94-7f49-483e-a03c-032b8e85e940.Счет на оплату № 41 от 30 апреля 2026 г.pdf,"МП г. Армавира "" Троллейбусное управление""",2302008948,230201001,МП АТУ,2302008948,230201001,match,match,mismatch
9608,e1f7f952-9fe9-45e5-88ab-21460e1b4006,tables,e1f7f952-9fe9-45e5-88ab-21460e1b4006.Счет_a6115352-9459-4c20-a687-b84f61e0aa31.pdf,"ООО ""КОМУС""",7721793895,165645001,"ООО ""КОМУС""",7721793895,997350001,match,mismatch,match
9613,61fd2012-4ba4-4977-bf30-7009d7dda15d,tables,61fd2012-4ba4-4977-bf30-7009d7dda15d.900400844333_CDTP_2_31.05.2026.pdf,ПАО «Ростелеком»,7707049388,272143001,"Приморский филиал ПАО ""Ростелеком"" (Дальний Восток)",7707049388,253643002,match,mismatch,match
9621,e44bab31-7778-42a1-995a-3ef70c9a4d56,tables,e44bab31-7778-42a1-995a-3ef70c9a4d56.ON_BILL_2BM_2BM_20260401_735110962#9210194#I.pdf,"Северо-Западный филиал ПАО ""МегаФон""",7812014560,780143001,"Северо-Западный филиал ПАО ""МегаФон""",7812014560,784143001,match,mismatch,match
9628,f96e3e98-daa5-455e-8b76-7193a7857321,tables,"f96e3e98-daa5-455e-8b76-7193a7857321.АКТ № 13932 демонтажа, экспертизы и возврата оборудования и материалов.pdf","ЗАО ""ГК ""ЛогЛаб""",,,"ООО ""Ветекс""",7806433771,780601001,llm_missing,llm_missing,mismatch
9630,f819efcb-0733-4346-8ac7-59f541b76404,tables,f819efcb-0733-4346-8ac7-59f541b76404.Счет_596b1aad-7928-4fe6-b5ef-28583d73f1bc.pdf,"ООО ""КОМУС""",7721793895,500945001,"ООО ""КОМУС""",7721793895,997350001,match,mismatch,match
9647,90aba6e3-5a04-4397-9665-81234e44ab2b,tables,90aba6e3-5a04-4397-9665-81234e44ab2b.Счет на оплату № 22 от 24 марта 2026 г.pdf,"ООО ""Сбербанк Факторинг""",7802754982,785250001,"ООО ""СИТИИНФО""",7810422780,781001001,mismatch,mismatch,mismatch
9653,92f8587a-5b13-4bf9-9375-d00760a51e71,tables,92f8587a-5b13-4bf9-9375-d00760a51e71.Акт № ЕИВ00002272 от 30 апреля 2026 Вымпелком 19.pdf,ИП Шагдарова И.В.,,,ИП Шагдарова Индира Валерьевна,032500432033,,llm_missing,both_missing,mismatch
9656,2f293216-2e8e-4520-8f2c-4753d376984d,tables,2f293216-2e8e-4520-8f2c-4753d376984d.900300589728_CDTP_2_31.05.2026.pdf,ПАО «Ростелеком»,7707049388,631543001,"Нижегородский филиал ПАО ""Ростелеком"" (Волга)",7707049388,526043002,match,mismatch,match
9657,70220578-cbf6-43b2-89bf-462c8ad20059,tables,70220578-cbf6-43b2-89bf-462c8ad20059.Счет на оплату № 461 от 31 марта 2026 г.pdf,"ООО ""Русский Мастер""",5404070958,772001001,"ООО ""РУССКИЙ МАСТЕР""",5404070958,772901001,match,mismatch,match
9667,109f44cd-a6f4-4885-99bc-a9522b382d57,tables,109f44cd-a6f4-4885-99bc-a9522b382d57.900200952174_CDTP_2_31.05.2026.pdf,ПАО «Ростелеком»,7707049388,290143001,"Макрорегиональный филиал ""Северо-Запад"" ПАО ""Ростелеком""",7707049388,784243002,match,mismatch,match
9671,aebab41f-3a5a-4b59-b99f-1cd46bf8f63d,tables,aebab41f-3a5a-4b59-b99f-1cd46bf8f63d.УПД (статус 1) № 250 от 28 февраля 2026 г.pdf,"АО ""РЕГИОНАЛЬНЫЕ ЭЛЕКТРИЧЕСКИЕ СЕТИ""",0264084691,026408469,"АО ""РЕГИОНАЛЬНЫЕ ЭЛЕКТРИЧЕСКИЕ СЕТИ""",0264084691,026401001,match,mismatch,match
9674,9ce82d57-a98c-427c-823a-72785d8189a3,tables,9ce82d57-a98c-427c-823a-72785d8189a3.Счет 2600196582.pdf,"АО ""ДПД РУС""",7713215523,997750001,"АО ""ДПД РУС""",7713215523,774850001,match,mismatch,match
9677,e7c42dfd-c3a6-46e3-84e7-211e5f0ad5bd,tables,e7c42dfd-c3a6-46e3-84e7-211e5f0ad5bd.1000_6400066801_41_31-01-2026.PDF,"АО ""ЭР-Телеком Холдинг""",7713076301,616502001,"АО ""ЭР-ТЕЛЕКОМ ХОЛДИНГ""",5902202276,590501001,mismatch,mismatch,match
9681,dd1dd10f-6def-4ec5-9e89-cc871e6257aa,tables,dd1dd10f-6def-4ec5-9e89-cc871e6257aa.12058 АМКЛ.pdf,Генеральный Подрядчик,,,"ООО ""СС""",5029235290,502901001,llm_missing,llm_missing,mismatch
9686,0a58ae4d-9011-4c39-a70c-54ed95091deb,tables,0a58ae4d-9011-4c39-a70c-54ed95091deb.счет 01_01470_26.pdf,"ООО ""ГАЗПРОМ ТРАНСГАЗ САНКТ-ПЕТЕРБУРГ""",7805018099,781001001,"ООО ""Газпром трансгаз Санкт-Петербург""",7805018099,997250001,match,mismatch,match
9688,b60e50f6-14cd-478c-a33f-0752bd895e8a,tables,b60e50f6-14cd-478c-a33f-0752bd895e8a.Счет-фактура и УПД 30.04.26 № 70044990 = 84 467.09 в т.ч. НДС 15 231.77.pdf,"ООО ""Томскводоканал""",7017270664,701701001,"ООО ""Спектр""",7017262134,701701001,mismatch,match,mismatch
9691,747c7114-58bd-4dc7-8e94-a259bcefc1ca,tables,747c7114-58bd-4dc7-8e94-a259bcefc1ca._VympelKom__22_3334-OKP_30.04.2026_3936245_Invoice.pdf,"АО ""КантриКом""",7713076301,997750001,"АКЦИОНЕРНОЕ ОБЩЕСТВО ""КАНТРИКОМ""",7715296373,771501001,mismatch,mismatch,match
9693,1853e49b-04c8-4e01-8a2a-f448e7a2fbf9,tables,1853e49b-04c8-4e01-8a2a-f448e7a2fbf9.Акт № 2605 от 31.08.2025.pdf,ИП Ежков А. Г.,165060974030,,Ежков Александр Григорьевич,165060974030,,match,both_missing,mismatch
9694,872dd1fd-686a-4c0f-976f-a7537b023d40,tables,872dd1fd-686a-4c0f-976f-a7537b023d40.УПД №23015257 от 31.01.26 Краснодар Водоканал (ул.Карасунская 86-45).pdf,"Общество с ограниченной ответственностью ""Краснодар Водоканал""",2308111927,231101001,Колодько Александра Геннадьевна,010600884284,,mismatch,edo_missing,mismatch
9697,b1d27bf5-6619-442b-b190-f635c4f716ec,tables,b1d27bf5-6619-442b-b190-f635c4f716ec.900700580504_CDTP_2_31.01.2026.pdf,ПАО «Ростелеком»,7707049388,246643001,"Новосибирский филиал ПАО ""Ростелеком"" (Сибирь)",7707049388,540643001,match,mismatch,match
9705,57e7d9bd-c848-4eb7-b129-465a2c7d79da,tables,57e7d9bd-c848-4eb7-b129-465a2c7d79da.6. Акт тех.присоединения 51540.pdf,АО ГК «СЕРВИС-ТЕЛЕКОМ»,,,"ООО ""НОРД-КОМ""",5262215891,526201001,llm_missing,llm_missing,mismatch
9709,0215dca6-f64d-4dd9-a1f7-4e2a8be3b994,tables,0215dca6-f64d-4dd9-a1f7-4e2a8be3b994.Счет на оплату № 124 от 01 июня 2026 г.pdf,ИП Лучицкая Г. Г.,890202059599,,Лучицкая Галина Григорьевна,890202059599,,match,both_missing,mismatch
9718,6974efda-4ac0-4dc0-b4b7-3e3f80ef0c01,tables,6974efda-4ac0-4dc0-b4b7-3e3f80ef0c01.900200732859_CDTP_2_28.02.2026.pdf,ПАО «Ростелеком»,7707049388,561243001,"Нижегородский филиал ПАО ""Ростелеком"" (Волга)",7707049388,526043002,match,mismatch,match
9726,a8e87f47-06fb-4c44-9e00-34fdac435b74,tables,a8e87f47-06fb-4c44-9e00-34fdac435b74.raschet_Udarnikov_fevral.pdf,Баландин К. Н.,,,Баландин Константин Николаевич,482412242220,,llm_missing,both_missing,mismatch
9733,3486a73c-5b57-4a7e-822e-d01f13abd27e,tables,3486a73c-5b57-4a7e-822e-d01f13abd27e.1000_6400078444_10_31-01-2026.PDF,"АО ""ЭР-Телеком Холдинг""",614066771307,434502001,"АО ""ЭР-ТЕЛЕКОМ ХОЛДИНГ""",5902202276,590501001,mismatch,mismatch,match
9745,c4ab1185-6276-436a-80df-3420b0a9f42b,tables,c4ab1185-6276-436a-80df-3420b0a9f42b.1000_6400422173_38_30-03-2026.PDF,"АО ""ЭР-Телеком Холдинг""",,997750001,"АО ""ЭР-ТЕЛЕКОМ ХОЛДИНГ""",5902202276,590501001,llm_missing,mismatch,match
9746,9424286b-9fdb-4373-a0bd-20e2862bffea,tables,9424286b-9fdb-4373-a0bd-20e2862bffea.1700_6400044118_28-02-2026.PDF,"ООО ""Новотелеком""",630099771307,540601001,"ООО ""Новотелеком""",5406260827,540601001,mismatch,match,match
9750,99528770-aa4f-447d-b517-a5dc45782d38,tables,99528770-aa4f-447d-b517-a5dc45782d38.Счет-фактура № 72 от 31.05.2026.pdf,"Муниципальное автономное учреждение культуры города Калининград ""Калининградский театр эстрады""",3908016280,390601001,"МАУК КТК ""ДОМ ИСКУССТВ""",3908016280,390601001,match,match,mismatch
9752,2cdf73c1-4a29-440a-9675-4c5bcf6ef559,tables,2cdf73c1-4a29-440a-9675-4c5bcf6ef559.Счет_dbf8e263-063e-40a4-a593-89f8e8bae52b.pdf,"ООО ""КОМУС""",7721793895,500945001,"ООО ""КОМУС""",7721793895,997350001,match,mismatch,match
9753,43fa9cf9-7a42-4eed-b31d-2d69b353432d,tables,43fa9cf9-7a42-4eed-b31d-2d69b353432d.900201047813_CDTP_2_31.01.2026.pdf,ПАО «Ростелеком»,7707049388,645243001,"Нижегородский филиал ПАО ""Ростелеком"" (Волга)",7707049388,526043002,match,mismatch,match
9756,2eb4b6cc-3de5-4eb8-8205-c35cf7596bc2,tables,2eb4b6cc-3de5-4eb8-8205-c35cf7596bc2.Расшифровка к СчФ корректировочной_01.01.2026_31.01.2026_ИННРСО5406993045_КППРСО540601001_ИНН7713076301_КПП540503001_ID04122_508_129633059.pdf,ООО «НТСК»,7707083893,770701001,ООО «СИБИРСКАЯ ТЕПЛОСБЫТОВАЯ КОМПАНИЯ»,2462222097,772501001,mismatch,mismatch,mismatch
9767,3c39dc86-9991-4bd9-8888-104d3b68c0f5,tables,3c39dc86-9991-4bd9-8888-104d3b68c0f5.900300580506_CDTP_2_30.04.2026.pdf,ПАО «Ростелеком»,7707049388,246643001,"Новосибирский филиал ПАО ""Ростелеком"" (Сибирь)",7707049388,540643001,match,mismatch,match
9779,76447572-bbde-462d-9963-9de91a222645,tables,76447572-bbde-462d-9963-9de91a222645.DOCUMENT_2BM-2308045181-2013012901150450930120000000000_2BM-7713076301-2012052807251168061080000000000_20260404_D7732_4EA197B8-5069-140E-E063-9D9E1A0A8FFF.pdf,"ПАО ""Кубинтерсвязь""",2308024086,231101001,"ПАО ""КУБИНТЕРСВЯЗЬ""",2308024086,231001001,match,mismatch,match
9780,8e72a74f-b244-4265-b7c1-53f36500bf2b,tables,8e72a74f-b244-4265-b7c1-53f36500bf2b.900500965519_CDTP_2_31.05.2026.pdf,ПАО «Ростелеком»,7707049388,532143002,"Макрорегиональный филиал ""Северо-Запад"" ПАО ""Ростелеком""",7707049388,784243002,match,mismatch,match
9787,4fafa9e1-ee76-40c7-a3b2-ff863d52a38f,tables,4fafa9e1-ee76-40c7-a3b2-ff863d52a38f.HN 654 АКТ ЗАЧЕТА ВОЗНАГРАЖДЕНИЯ от 31.01.2026.pdf,"ООО ""УГМК-Телеком""",7702011227,770201001,"ООО ""УГМК-Телеком""",6606022606,668601001,mismatch,mismatch,match
9792,8866badc-b362-4bbd-ad49-695f90983d45,tables,8866badc-b362-4bbd-ad49-695f90983d45.Приложение № 6 АВР КТСЗ ДВ 1 квартал 2026г..pdf,"ООО ""ФОРТ-КОНТРОЛЬ""",1108020000,110801001,"ООО ""ФОРТ-КОНТРОЛЬ""",5040125816,504001001,mismatch,mismatch,match
9794,64b168fb-2473-492c-bf65-b06d18108053,tables,64b168fb-2473-492c-bf65-b06d18108053.Расчетная ведомость (тепло) 2013_7713076301_202512_21445150.pdf,"СП ""Комсомольские тепловые сети"" АО ""ДГК""",,,"АО ""ДГК""",1434031363,272101001,llm_missing,llm_missing,mismatch
9797,847664eb-f1ee-4644-a304-8d93734198ca,tables,847664eb-f1ee-4644-a304-8d93734198ca.Вымпел УПД (статус 1) № 29 от 31 марта 2026 г (2).PDF,ИП Сысорин С. В.,524600164212,524600164,Сысорин Сергей Викторович,524600164212,,match,edo_missing,mismatch
9801,904721ea-7fff-4226-a8b0-53a90fb504c8,tables,904721ea-7fff-4226-a8b0-53a90fb504c8.СчетЗаказ.pdf,АО «ДРСК»,2801108200,272402001,"АО ""ДРСК""",2801108200,775050001,match,mismatch,match
9805,97094522-9f3d-46ae-b16e-32cf3028b4ac,tables,97094522-9f3d-46ae-b16e-32cf3028b4ac.900300607590_CDTP_2_28.02.2026.pdf,ПАО «Ростелеком»,7707049388,280143001,"Приморский филиал ПАО ""Ростелеком"" (Дальний Восток)",7707049388,253643002,match,mismatch,match
9809,63111cb2-3c4f-49ac-8779-de6adc9f7108,tables,63111cb2-3c4f-49ac-8779-de6adc9f7108.900900996476_CDTP_2_31.12.2025.pdf,ПАО «Ростелеком»,7707049388,645243001,"Нижегородский филиал ПАО ""Ростелеком"" (Волга)",7707049388,526043002,match,mismatch,match
9813,397a798a-8420-42b8-973e-534727cccb59,tables,397a798a-8420-42b8-973e-534727cccb59.Счет на оплату № 146 от 16 марта 2026 г (1).pdf,ИП Дубровская А. С.,645100390323,,Дубровская Анастасия Сергеевна,645100390323,,match,both_missing,mismatch
9819,1d6e6bd2-8686-421b-bcc9-60fae51b13d5,tables,1d6e6bd2-8686-421b-bcc9-60fae51b13d5.900300595803_CDTP_2_31.05.2026.pdf,ПАО «Ростелеком»,7707049388,631543001,"Нижегородский филиал ПАО ""Ростелеком"" (Волга)",7707049388,526043002,match,mismatch,match
9823,0a359e49-669d-4c16-a232-e2a210840185,tables,0a359e49-669d-4c16-a232-e2a210840185.raschet_Vympelkom_Industrialnaya_mart.pdf,ИП Баландина Л.Ф.,,,Баландина Любовь Федоровна,482406591960,,llm_missing,both_missing,mismatch
9825,38d9a8e2-235f-4799-b235-a09cc76da325,tables,38d9a8e2-235f-4799-b235-a09cc76da325.ON_SCHET_6101-2601RP312505.pdf,Филиал АО «Компания ТрансТелеКом» «Межрегиональный филиал Запад»,7709219099,616443002,"АО ""Компания ТрансТелеКом""",7709219099,775050001,match,mismatch,match
9835,73df4c66-5f90-4f36-b01b-9748d39116dd,tables,73df4c66-5f90-4f36-b01b-9748d39116dd.КС-2 №254 от 23.03.2026.pdf,"ООО ""ФОРТ-КОНТРОЛЬ""",7722059020,772201001,"ООО ""ФОРТ-КОНТРОЛЬ""",5040125816,504001001,mismatch,mismatch,match
9836,6adb6152-bf78-489d-a1f7-35f9ea194c77,tables,6adb6152-bf78-489d-a1f7-35f9ea194c77.Счет № 835173 - 1 от 31.01.2026.pdf,"ПАО ""Мобильные ТелеСистемы""",7740000076,781343001,"ПАО ""МТС""",7740000076,997750001,match,mismatch,mismatch
9841,9f8e07db-8585-41b2-ab1a-a5e90b5a5366,tables,9f8e07db-8585-41b2-ab1a-a5e90b5a5366.900000595941_CDTP_2_31.03.2026.pdf,ПАО «Ростелеком»,7707049388,183143001,"Нижегородский филиал ПАО ""Ростелеком"" (Волга)",7707049388,526043002,match,mismatch,match
9845,ae2c08d6-f774-4508-a584-7b984c820b1e,tables,ae2c08d6-f774-4508-a584-7b984c820b1e.1000_6400566494_27_31-03-2026.PDF,"АО ""ЭР-Телеком Холдинг""",7713076301,526245028,"АО ""ЭР-ТЕЛЕКОМ ХОЛДИНГ""",5902202276,590501001,mismatch,mismatch,match
9847,f181a82a-11b5-49f1-bd62-9505f78f9929,tables,f181a82a-11b5-49f1-bd62-9505f78f9929.АктВыдачи_WXX-5195991-1YAR310KW.PDF,"ООО ""ДИНАТ""",,,"ООО ""СТА Карго""",7810825228,781401001,llm_missing,llm_missing,mismatch
9849,3a55e9ef-c867-4fb0-a97c-b068ec4df8fd,tables,3a55e9ef-c867-4fb0-a97c-b068ec4df8fd.РК096 АКТ ЗАЧЕТА ВОЗНАГРАЖДЕНИЯ от 31.01.2026.pdf,"ООО ""УГМК-Телеком""",7702011227,770201001,"ООО ""УГМК-Телеком""",6606022606,668601001,mismatch,mismatch,match
9855,9420c1a4-7390-43ae-831c-156e6e4d3cfc,tables,9420c1a4-7390-43ae-831c-156e6e4d3cfc.Счет-фактура и УПД 28.02.26 № ОР280226-49068-01 = 14 689.13 в т.ч. НДС 2 648.86.pdf,Нерушева В. В.,575204013950,,Нерушева Вера Васильевна,575204013950,,match,both_missing,mismatch
9861,6fcbffee-5740-4b47-9eed-9feac0c61dd2,tables,6fcbffee-5740-4b47-9eed-9feac0c61dd2.Schet_pokupatelyu.pdf,ИП Маркова М. К.,772793938512,,Маркова Мария Константиновна,772793938512,,match,both_missing,mismatch
9866,68b3068d-6961-4ab5-a50b-94e78a478b32,tables,68b3068d-6961-4ab5-a50b-94e78a478b32.ЗАК246-Д24442ВК-ЛКСП-24_143 PR_26131527 Копия документов 3х лиц № 260430-159 от 30.04.2026.pdf,Общество с ограниченной ответственностью «ЭмЭмЭс Коммьюникейшнз»,,,"ООО ""ЛАЙОН КОММЬЮНИКЕЙШНЗ""",7743068844,771401001,llm_missing,llm_missing,mismatch
9870,702aef3c-a3b6-4439-95dd-4e21d06be2d3,tables,702aef3c-a3b6-4439-95dd-4e21d06be2d3.SF9100187857.pdf,"УРАЛЬСКИЙ ФИЛИАЛ ПАО ""МЕГАФОН""",7812014560,407028103,"Уральский филиал ПАО ""МегаФон"".",7812014560,667003001,match,mismatch,match
9873,ec7efd68-1261-427a-b244-31beadf087e8,tables,ec7efd68-1261-427a-b244-31beadf087e8.1700_6400103203_06-05-2026.PDF,"ООО ""Новотелеком""",630099771307,771301001,"ООО ""Новотелеком""",5406260827,540601001,mismatch,mismatch,match
9883,d063d376-846d-4d26-9e89-e1e6871c96d4,tables,d063d376-846d-4d26-9e89-e1e6871c96d4.НМ185 АКТ ЗАЧЕТА ВОЗНАГРАЖДЕНИЯ от 28.02.2026.pdf,"ООО ""УГМК-Телеком""",7702011227,770201001,"ООО ""УГМК-Телеком""",6606022606,668601001,mismatch,mismatch,match
9886,1a2c1b70-c48a-483f-9af2-c366181ced8e,tables,1a2c1b70-c48a-483f-9af2-c366181ced8e.Вымпел   11989.12 счет.pdf,"ОАО ""РЖД""",7708503727,997650001,Центральная станция связи ОАО «РЖД»,7708503727,771843001,match,mismatch,mismatch
9889,4a21aaae-8191-4a92-89ef-2db521fb5564,tables,4a21aaae-8191-4a92-89ef-2db521fb5564.900000918127_CDTP_2_31.01.2026.pdf,ПАО «Ростелеком»,7707049388,380843001,"Новосибирский филиал ПАО ""Ростелеком"" (Сибирь)",7707049388,540643001,match,mismatch,match
9900,ceec5326-5c5d-4aa8-b775-a847c06fb47d,tables,ceec5326-5c5d-4aa8-b775-a847c06fb47d.Счет на оплату № 22 от 30 июня 2026 г.pdf,ТСЖ Шевченко 21,6659069615,665901001,"ТСЖ ""Шевченко - 21""",6659069615,667801001,match,mismatch,match
9905,c2aadfbd-c549-4e7a-8ffa-c540340e2134,tables,c2aadfbd-c549-4e7a-8ffa-c540340e2134.04 2026 Пермь 39-01-19 Книга.pdf,ПРОТАСОВ СЕРГЕЙ ЮРЬЕВИЧ,590300156377,,"АО ""ЭР-ТЕЛЕКОМ ХОЛДИНГ""",5902202276,590501001,mismatch,llm_missing,mismatch
9909,435eb75f-92be-47e8-a6aa-9a6f0debd40e,tables,435eb75f-92be-47e8-a6aa-9a6f0debd40e.Счет на оплату № 500 от 31 марта 2026 г.pdf,"ООО ""Русский Мастер""",5404070958,772001001,"ООО ""РУССКИЙ МАСТЕР""",5404070958,772901001,match,mismatch,match
9916,83670171-3eb8-40ec-bfab-959035ce046e,tables,83670171-3eb8-40ec-bfab-959035ce046e.АктВыдачи_WXX-4932743-1YAR400KW.PDF,"ООО ""СЕРВИОНИКА""",,,"ООО ""СТА Карго""",7810825228,781401001,llm_missing,llm_missing,mismatch
9934,1295a999-0462-481f-a1d6-44ba6fed1916,tables,1295a999-0462-481f-a1d6-44ba6fed1916.ЭКОТЕХПРОМ УПД №СВАО-012748 от 28.02.26.pdf,"АО ""Экотехпром""",9706038813,770601001,"ООО ""СЗ ""МФЦ БОТАНИКА""",9704003830,770401001,mismatch,mismatch,mismatch
9942,cd477ad7-97fe-4ff0-b93a-50ee7608a98d,tables,cd477ad7-97fe-4ff0-b93a-50ee7608a98d.Счёт №232 от 30 апреля 2026.pdf,"ООО ""ГУОДОНГ""",9709124154,772801001,"ООО ""ГУОДОНГ""",9709124154,772501001,match,mismatch,match
9946,25ad9edc-4a58-4c2e-9ad6-0f56d6eaaa4a,tables,25ad9edc-4a58-4c2e-9ad6-0f56d6eaaa4a.сф № ЕИВ00003313 от 30 июня 2026 Вымпелком.pdf,ИП Шагдарова И.В.,032500432033,,ИП Шагдарова Индира Валерьевна,032500432033,,match,both_missing,mismatch
9949,d37cf7a2-e4f2-4863-a2f0-4d0a8e1380c5,tables,d37cf7a2-e4f2-4863-a2f0-4d0a8e1380c5.1000_6400452139_20_31-03-2026.PDF,"АО ""ЭР-Телеком Холдинг""",,780201001,"АО ""ЭР-ТЕЛЕКОМ ХОЛДИНГ""",5902202276,590501001,llm_missing,mismatch,match
9954,bd9b37b4-3096-473b-83f2-37beaf2ac433,tables,bd9b37b4-3096-473b-83f2-37beaf2ac433.26KMS26013100001  от 31.01.2026 счет ВымпелКом Кострома (база).pdf,ООО «АПР-Сити/ТВД»,7703225956,770601001,"ООО ""АПР-Сити/ТВД""",7703225956,771401001,match,mismatch,match
9957,1448a067-08ee-4f53-a4cf-4279655e47b3,tables,1448a067-08ee-4f53-a4cf-4279655e47b3.УПД (статус 1) № 35 от 31 мая 2026 г.pdf,ИП Чилоянц А. А.,230112500648,230112500,Чилоянц Азгануш Антраниковна,230112500648,,match,edo_missing,mismatch
9959,b123d489-2a68-46aa-a248-6ac45004336b,tables,b123d489-2a68-46aa-a248-6ac45004336b.900000684818_CDTP_2_31.12.2025.pdf,ПАО «Ростелеком»,7707049388,272143001,"Приморский филиал ПАО ""Ростелеком"" (Дальний Восток)",7707049388,253643002,match,mismatch,match
9960,e9645104-05de-4663-b147-eda500b7c4e8,tables,e9645104-05de-4663-b147-eda500b7c4e8.Универсальный передаточный документ (УПД) № 723 от 31.03.2026.pdf,"ООО ""СБЕР2В""",7730241227,773001001,"ООО ""ТОТ""",7730241227,773001001,match,match,mismatch
9961,ad5813c9-d5a7-4093-95d3-fdf02ad15228,tables,ad5813c9-d5a7-4093-95d3-fdf02ad15228.Счет_5334515b-61a4-48fb-928f-3483aeaf5620.pdf,"ООО ""КОМУС""",7721793895,231145002,"ООО ""КОМУС""",7721793895,997350001,match,mismatch,match
9977,6c8cc722-394f-46f5-8551-c34feb8cf529,tables,6c8cc722-394f-46f5-8551-c34feb8cf529.УПД (статус 1) № 646 от 30 апреля 2026 г.pdf,"МУП ""ЖКХ МО ""р.п. Верхнее Дуброво""",6639009336,663901001,"МУП ""ЖКХ""",6639009336,663901001,match,match,mismatch
9979,0fe01a2b-459a-4051-8411-45258a51cfc4,tables,0fe01a2b-459a-4051-8411-45258a51cfc4.Счет на оплату ЭР-13039 от 30.06.2026 .pdf,"ООО ""ЭкоЦентр""",3444177534,614943001,"ООО ""ЭкоЦентр""",3444177534,770301001,match,mismatch,match
9991,44c704d4-395d-4719-800f-6f9bddb30bca,tables,44c704d4-395d-4719-800f-6f9bddb30bca.Тариф Калинина 20_Счет_покупателю_№_24_от_13_февраля_2026_г_.pdf,ИП Шин Максим Анатольевич,251135193282,,"ООО ""Полином ДВ""",2502042777,250201001,mismatch,llm_missing,mismatch
9993,4bfe5e0c-d92e-43b2-b908-ec7656815366,tables,4bfe5e0c-d92e-43b2-b908-ec7656815366.Счет № 908528 - 1 от 30.04.2026.pdf,"Публичное акционерное общество ""Мобильные ТелеСистемы""",7740000076,997750001,"ПАО ""МТС""",7740000076,997750001,match,match,mismatch
9997,ab1f485f-194a-497c-9652-6e587334d212,tables,ab1f485f-194a-497c-9652-6e587334d212.Расшифровка к СчФ итоговой_01.02.2026_28.02.2026_ИННРСО5406993045_КППРСО540601001_ИНН7713076301_КПП540503001_ID04122_507_126638999.pdf,ООО «НТСК»,7707083893,770701001,ООО «СИБИРСКАЯ ТЕПЛОСБЫТОВАЯ КОМПАНИЯ»,2462222097,772501001,mismatch,mismatch,mismatch
10002,281c8c34-d323-4a53-b12e-fe22b000af62,text,281c8c34-d323-4a53-b12e-fe22b000af62.2260100015597_docs.pdf,"ООО ""Оранж Бизнес Сервисез""",103771001096,770701001,"ООО ""ОРАНЖ БИЗНЕС СЕРВИСЕЗ""",7710456087,770701001,mismatch,match,match
10008,40439847-018c-41ef-a530-682c98648336,text,40439847-018c-41ef-a530-682c98648336.Proforma_Invoice_2BM-7713076301-2012052807251168061080000000000_2BM-7826156685-783801001-201401201117022305126_20260629_b97f07dc-b9fc-4243-9787-cac07ab34a0f.pdf,"ООО ""КОМУС""",7721793895,772201001,"ООО ""Деловые Линии""",7826156685,997650001,mismatch,mismatch,mismatch
10009,9f15cac8-d76f-4218-9c7c-0587697ab657,text,9f15cac8-d76f-4218-9c7c-0587697ab657.2026_05__U99OM__250514.pdf,"ООО ""Меркури Констракшн Менеджмент Регион""",,,"ООО ""ИКСЕЛЕРЕЙТ 3""",9715371955,771501001,llm_missing,llm_missing,mismatch
10010,7b0f4114-d247-4b8c-8f90-3efee39e7543,text,7b0f4114-d247-4b8c-8f90-3efee39e7543.2251200014632_docs.pdf,"ООО ""Оранж Бизнес Сервисез""",103771001096,770701001,"ООО ""ОРАНЖ БИЗНЕС СЕРВИСЕЗ""",7710456087,770701001,mismatch,match,match
10012,6a35a285-7fda-44d8-b0e0-e6e18ef519b7,text,6a35a285-7fda-44d8-b0e0-e6e18ef519b7.Ф28 55070 - УЛ_Давыдова.pdf,ООО «Арзид»,432027000100,432027000,"ООО ""АРЗИД""",7325151541,732501001,mismatch,mismatch,match
10021,a4edb6b2-b9de-46c5-9fa7-ae185bbf2327,text,a4edb6b2-b9de-46c5-9fa7-ae185bbf2327.Истекает срок оплаты счета_735190340_18.02.2026.pdf,"ПАО ""МегаФон""",7702000000,770201001,"Дальневосточный филиал ПАО ""МегаФон""",7812014560,272143001,mismatch,mismatch,match
10023,050ea47a-d994-4a2d-843b-1533bee7535c,text,050ea47a-d994-4a2d-843b-1533bee7535c.Истекает срок оплаты счета_735149591_18.02.2026.pdf,"ПАО ""МегаФон""",7702000001,770201001,"ПАО ""МЕГАФОН""",7812014560,997750001,mismatch,mismatch,match
10027,a4950eee-8ec6-4093-83e4-35f0ea47bfd2,text,a4950eee-8ec6-4093-83e4-35f0ea47bfd2.Истекает срок оплаты счета_735191439_22.04.2026.pdf,"ПАО ""МегаФон""",7707083893,770701001,"Сибирский филиал ПАО ""МегаФон""",7812014560,540643001,mismatch,mismatch,match
10028,127f4cd6-04a1-47ad-8192-9a0d24baf13e,text,127f4cd6-04a1-47ad-8192-9a0d24baf13e.Proforma_Invoice_2BM-7713076301-2012052807251168061080000000000_2BM-7826156685-783801001-201401201117022305126_20260604_31cd5641-5641-4b8b-a9dd-b0c0bdd065f2.pdf,"ООО ""КОМУС""",7721793895,772201001,"ООО ""Деловые Линии""",7826156685,997650001,mismatch,mismatch,mismatch
10030,31e3edc9-38a5-415e-8e79-2cc0c1c504e6,text,31e3edc9-38a5-415e-8e79-2cc0c1c504e6.Proforma_Invoice_2BM-7713076301-2012052807251168061080000000000_2BM-7826156685-783801001-201401201117022305126_20260630_28bf952a-e59d-42db-b8ef-4eee39aceea3.pdf,"ООО ""КОМУС""",7721793895,772201001,"ООО ""Деловые Линии""",7826156685,997650001,mismatch,mismatch,mismatch
10032,dc6f28e2-2d88-4c8f-a141-aca14d63990e,text,dc6f28e2-2d88-4c8f-a141-aca14d63990e.Истекает срок оплаты счета_735087768_22.04.2026.pdf,"ПАО ""МегаФон""",7707083893,770701001,"Поволжский филиал ПАО ""МегаФон""",7812014560,631643002,mismatch,mismatch,match
10040,66f104ca-899b-45fd-a76a-df8ea52cba78,text,66f104ca-899b-45fd-a76a-df8ea52cba78.Счет_договор_ТаймПэд_112.pdf,Общество с ограниченной ответственностью «ТаймПэд Лтд»,7726703662,772670366,"ООО ""112""",7707783493,770501001,mismatch,mismatch,mismatch
10041,2f7a8b60-a5ea-4572-b4e4-9eebc9ba7850,text,2f7a8b60-a5ea-4572-b4e4-9eebc9ba7850.2260400014136E_docs.pdf,"ООО ""Оранж Бизнес Сервисез""",103771001096,,"ООО ""ОРАНЖ БИЗНЕС СЕРВИСЕЗ""",7710456087,770701001,mismatch,llm_missing,match
10046,6154206f-0eda-4d08-af75-894582214150,text,6154206f-0eda-4d08-af75-894582214150.Истекает срок оплаты счета_735108306_18.02.2026.pdf,"ПАО ""МегаФон""",7702000122,770201001,"Северо-Западный филиал ПАО ""МегаФон""",7812014560,784143001,mismatch,mismatch,match
10048,f50cd09f-2b05-40a2-9767-bdd6c2157f12,text,f50cd09f-2b05-40a2-9767-bdd6c2157f12.Счет № 231308137180 - 11555407015 от 31.12.2025.pdf,"ПАО ""МТС""",7740000076,312303001,"ПАО ""МТС""",7740000076,997750001,match,mismatch,match
10053,8c6608ec-8025-4f36-bb76-b52f0f9b31dd,text,8c6608ec-8025-4f36-bb76-b52f0f9b31dd.2026_04__PJ002__240790.pdf,"АО ""ПФК""",,,Филиал АО «ПФК»,7731121099,772243001,llm_missing,llm_missing,mismatch
10056,16d620ef-a3b2-4e98-b4aa-c8af87896f66,text,16d620ef-a3b2-4e98-b4aa-c8af87896f66.Proforma_Invoice_2BM-7713076301-2012052807251168061080000000000_2BM-7826156685-783801001-201401201117022305126_20260603_dbe47585-34e9-487e-8f01-99b4669d9710.pdf,"ООО ""КОМУС""",7721793895,772201001,"ООО ""Деловые Линии""",7826156685,997650001,mismatch,mismatch,mismatch
10059,a9981c24-08f9-4532-b329-ba3ec9dfdc20,text,a9981c24-08f9-4532-b329-ba3ec9dfdc20.Счет № 906100 - 2 от 31.12.2025.pdf,"ПАО ""Мобильные ТелеСистемы""",7740000076,997750001,"ПАО ""МТС""",7740000076,997750001,match,match,mismatch
10061,6f1eba1c-e123-43c5-862f-b86393d9157b,text,6f1eba1c-e123-43c5-862f-b86393d9157b.9767_Корректировка счета.pdf,"ООО ""ОБИТ""",1910140000,191001001,"ООО ""Обит""",7810204213,784201001,mismatch,mismatch,match
10064,889c0553-bb44-41fd-a1b5-7e0c31a09e13,text,889c0553-bb44-41fd-a1b5-7e0c31a09e13.57082_Счет на оплату.pdf,"ООО ""ОБИТ""",1910140000,191001001,"ООО ""Обит""",7810204213,784201001,mismatch,mismatch,match
10065,567c0a48-7c80-403a-900a-c502efa6ade1,text,567c0a48-7c80-403a-900a-c502efa6ade1.Истекает срок оплаты счета_735111858_23.06.2026.pdf,"ПАО ""МегаФон""",7707083893,770701001,"Поволжский филиал ПАО ""МегаФон""",7812014560,631643002,mismatch,mismatch,match
10068,663521f3-69e0-4f5f-80d4-f1bcb85dcb5f,text,663521f3-69e0-4f5f-80d4-f1bcb85dcb5f.Истекает срок оплаты счета_735190377_PST_22.04.2026.pdf,"ПАО ""МегаФон""",7702000122,770201001,"Дальневосточный филиал ПАО ""МегаФон""",7812014560,272143001,mismatch,mismatch,match
10070,5c382b27-0a39-4fa7-a046-52043673a927,text,5c382b27-0a39-4fa7-a046-52043673a927.Истекает срок оплаты счета_735126643_20.05.2026.pdf,"ПАО ""МегаФон""",7707083893,770701001,"Поволжский филиал ПАО ""МегаФон""",7812014560,631643002,mismatch,mismatch,match
10071,0bb4e02d-68c6-4058-956e-d3e1d49796e2,text,0bb4e02d-68c6-4058-956e-d3e1d49796e2.Истекает срок оплаты счета_735120549_20.05.2026.pdf,"ПАО ""МегаФон""",7707083893,770701001,"Поволжский филиал ПАО ""МегаФон""",7812014560,631643002,mismatch,mismatch,match
10074,98a8ac2e-d08f-4da8-9300-a4df8d14782b,text,98a8ac2e-d08f-4da8-9300-a4df8d14782b.ТД Самара-М коммунальные май.pdf,АО «Самарагорэнергосбыт»,6316138990,631601001,"ООО ТОРГОВЫЙ ДОМ ""САМАРА-М""",6318245758,631801001,mismatch,mismatch,mismatch
10077,9b4be653-65a0-4869-b175-6fc491e628b4,text,9b4be653-65a0-4869-b175-6fc491e628b4.Proforma_Invoice_2BM-7713076301-2012052807251168061080000000000_2BM-7826156685-783801001-201401201117022305126_20260519_1cdf241b-5303-474a-aafb-88afa0973a8c.pdf,"ООО ""КОМУС""",7721793895,772201001,"ООО ""Деловые Линии""",7826156685,997650001,mismatch,mismatch,mismatch
10078,a3b4318d-9d2b-4a94-9162-aa95524e00e7,text,a3b4318d-9d2b-4a94-9162-aa95524e00e7.Proforma_Invoice_2BM-7713076301-2012052807251168061080000000000_2BM-7826156685-783801001-201401201117022305126_20260604_82ed7f87-8e03-4258-b202-6a2d3e2e5ee3.pdf,"ООО ""КОМУС""",7721793895,772201001,"ООО ""Деловые Линии""",7826156685,997650001,mismatch,mismatch,mismatch
10079,0a3222dd-be76-43a5-8bfb-2254b28a85be,text,0a3222dd-be76-43a5-8bfb-2254b28a85be.2260400014632_docs.pdf,"ООО ""Оранж Бизнес Сервисез""",103771001096,770701001,"ООО ""ОРАНЖ БИЗНЕС СЕРВИСЕЗ""",7710456087,770701001,mismatch,match,match
10080,20ff319e-24ad-45ba-ab67-45e2f256165c,text,20ff319e-24ad-45ba-ab67-45e2f256165c.2026_02__ПФ0225009__255035.pdf,"ООО ""Радекс Технологии""",,,Владимиров Владислав Сергеевич,780437118807,,llm_missing,both_missing,mismatch
10081,0e610ed5-3ed6-4bfc-ad73-cc542d350797,text,0e610ed5-3ed6-4bfc-ad73-cc542d350797.Счет итоговый 19135 (0).pdf,"ПАО ""Кузбассэнергосбыт""",4205109214,420501001,"ПАО ""Кузбассэнергосбыт""",4205109214,775050001,match,mismatch,match
10085,afdc1148-4c14-4c69-8151-d8d71cd54d90,text,afdc1148-4c14-4c69-8151-d8d71cd54d90.15952 АТГ с приложениями.pdf,"ООО ""СтройСтандарт""",1149010000,114901001,"ООО ""СС""",5029235290,502901001,mismatch,mismatch,match
10086,b3627f7b-4e8e-476b-b095-ed69c2e4f0d2,text,b3627f7b-4e8e-476b-b095-ed69c2e4f0d2.Письмо о смене оператора ЭДО.PDF,АО «Калуга Аэропорт»,102781647265,311028016,Сафин Артур Раисович,027816472652,,mismatch,edo_missing,mismatch
10087,9308b68d-bff1-4272-b7ed-afd9f4d68e62,text,9308b68d-bff1-4272-b7ed-afd9f4d68e62.АРБП 37328.pdf,АО «Национальная Башенная Компания»,,,"АО ГК ""СЕРВИС-ТЕЛЕКОМ""",9705237140,770501001,llm_missing,llm_missing,mismatch
10088,044f1721-4321-4691-baa7-d8fb3e632090,text,044f1721-4321-4691-baa7-d8fb3e632090.Akt_28.pdf,"ООО ""ПРАЙМ ГРУП""",7707019877,770701001,"ООО ""ПРАЙМ ГРУП""",5405385728,540701001,mismatch,mismatch,match
10090,6dab7b31-1a24-4aef-b2a8-2df7f93d1aa6,text,6dab7b31-1a24-4aef-b2a8-2df7f93d1aa6.Счет № 906196 - 2 от 31.01.2026.pdf,"Публичное акционерное общество ""Мобильные ТелеСистемы""",7740000076,997750001,"ПАО ""МТС""",7740000076,997750001,match,match,mismatch
10104,451800db-2762-40b4-a7c4-6715182ecdfc,text,451800db-2762-40b4-a7c4-6715182ecdfc.130032606157_31.05.2026.pdf,"ПАО ""МегаФон""",7812014560,780143001,"Северо-Западный филиал ПАО ""МегаФон""",7812014560,784143001,match,mismatch,match
10107,e2c84924-eb38-43fc-afa5-1856014fcc09,text,e2c84924-eb38-43fc-afa5-1856014fcc09.Proforma_Invoice_2BM-7713076301-2012052807251168061080000000000_2BM-7826156685-783801001-201401201117022305126_20260415_88c14b50-6a04-43d7-9203-d7e0aee10489.pdf,"ООО ""КОМУС""",7721793895,772201001,"ООО ""Деловые Линии""",7826156685,997650001,mismatch,mismatch,mismatch
10110,f364ea84-774c-42b9-b5a2-0cea1e307af5,text,f364ea84-774c-42b9-b5a2-0cea1e307af5.Proforma_Invoice_2BM-7713076301-2012052807251168061080000000000_2BM-7826156685-783801001-201401201117022305126_20260605_85a37065-f27f-40aa-8620-94524215746f.pdf,"ООО ""КОМУС""",7721793895,772201001,"ООО ""Деловые Линии""",7826156685,997650001,mismatch,mismatch,mismatch
10115,fc3e8ca5-80d0-4e4b-8b58-b6b6bc091895,text,fc3e8ca5-80d0-4e4b-8b58-b6b6bc091895.АРБП 37325.pdf,АО ГК «Сервис-Телеком»,,770701001,"АО ГК ""СЕРВИС-ТЕЛЕКОМ""",9705237140,770501001,llm_missing,mismatch,match
10119,db800456-6e1f-4514-9a0e-96ce24cc501b,text,db800456-6e1f-4514-9a0e-96ce24cc501b.57 Акт приема.pdf,ИП Таурайте Милана Вальдовна,322732500000,,Таурайте Милана Вальдовна,732593719589,,mismatch,both_missing,match
10123,80486d4b-42a0-4d0a-bd00-bfec3e427e05,text,80486d4b-42a0-4d0a-bd00-bfec3e427e05.Proforma_Invoice_2BM-7713076301-2012052807251168061080000000000_2BM-7826156685-783801001-201401201117022305126_20260521_bd88948e-1e9d-4913-93cb-74c7bee7e590.pdf,"ООО ""КОМУС""",7721793895,772201001,"ООО ""Деловые Линии""",7826156685,997650001,mismatch,mismatch,mismatch
10134,535c0157-eb45-4e44-811c-0a706d27af9c,text,535c0157-eb45-4e44-811c-0a706d27af9c.ON_SOPRPISMO_2BM-7713076301-2012052807251168061080000000000_2BM-6168002922-616801001-201408060714163447308_20260401_00165693-0000-0115-0001-000175983749.PDF,"ПАО ""ТНС энерго Ростов-на-Дону""",344022000000,344022000,"ПАО ""ТНС энерго Ростов-на-Дону""",6168002922,997650001,mismatch,mismatch,match
10137,336f6b05-d2bc-467f-bf05-785e1d827455,text,336f6b05-d2bc-467f-bf05-785e1d827455.2026-04_Воскресенское.pdf,"ФГУП ""Торговый дом ""Кремлевский""",909000030071,,"ФГУП ""Торговый дом ""Кремлевский""",7703258101,771501001,mismatch,llm_missing,match
10140,bf5381d4-a165-408a-a7c4-c941fa3a91c0,text,bf5381d4-a165-408a-a7c4-c941fa3a91c0.2604_7713076301_482545001_848000010304_detkr_11.pdf,"АО КБ ""СИТИБАНК""",,,"Макрорегиональный филиал ""Центр"" ПАО ""Ростелеком""",7707049388,773443001,llm_missing,llm_missing,mismatch
10141,909e3c3a-ee1c-4073-a5fa-0082a8d3af3d,text,909e3c3a-ee1c-4073-a5fa-0082a8d3af3d.40161_РРС1.pdf,"ООО ""Теле-Нова""",2505014886,250770045,"ООО ""Теле-Нова""",7718904767,771801001,mismatch,mismatch,match
10143,6137d8d8-618c-4d3e-9353-88b05fdebe1e,text,6137d8d8-618c-4d3e-9353-88b05fdebe1e.Расчёт коммуналки март 2026.pdf,МУП Теплоэнергия,,,"АО ""СЕВЕРСТАЛЬ-ИНФОКОМ""",3528007105,352801001,llm_missing,llm_missing,mismatch
10146,c71f638b-6b9b-4635-8816-df1fef863761,text,c71f638b-6b9b-4635-8816-df1fef863761.74 Акт приема.pdf,ИП Таурайте Милана Вальдовна,322732500000,,Таурайте Милана Вальдовна,732593719589,,mismatch,both_missing,match
10149,60fbc612-ac5d-4c98-bbd1-1fd47db2ac0e,text,60fbc612-ac5d-4c98-bbd1-1fd47db2ac0e.Proforma_Invoice_2BM-7713076301-2012052807251168061080000000000_2BM-7826156685-783801001-201401201117022305126_20260526_61d8ac26-089e-42f2-8b18-bb2d7ff819b9.pdf,"ООО ""КОМУС""",7826156685,997650001,"ООО ""Деловые Линии""",7826156685,997650001,match,match,mismatch
10150,616a2d79-9b04-42b8-b49d-79bf4d99de7a,text,616a2d79-9b04-42b8-b49d-79bf4d99de7a.Истекает срок оплаты счета_735024118_19.03.2026.pdf,"ПАО ""МегаФон""",7702000123,770201001,"Кавказский филиал ПАО ""МегаФон""",7812014560,230802001,mismatch,mismatch,match
10158,afb08862-9538-43f9-9ec1-765e8964d021,text,afb08862-9538-43f9-9ec1-765e8964d021.Истекает срок оплаты счета_735158315_22.04.2026.pdf,"ПАО ""МегаФон""",7702000122,770201001,"Поволжский филиал ПАО ""МегаФон""",7812014560,631643002,mismatch,mismatch,match
10159,a21f283b-bfd0-4668-9ad0-a1067ec981a6,text,a21f283b-bfd0-4668-9ad0-a1067ec981a6.Счет № 832083 - 2 от 31.05.2026.pdf,"ПАО ""Мобильные ТелеСистемы""",7740000076,781343001,"ПАО ""МТС""",7740000076,997750001,match,mismatch,mismatch
10175,28fd6e61-3bb0-45c9-a8eb-e9f04d1dc7bf,text,28fd6e61-3bb0-45c9-a8eb-e9f04d1dc7bf.Proforma_Invoice_2BM-7713076301-2012052807251168061080000000000_2BM-7826156685-783801001-201401201117022305126_20260619_efc3a1d8-c761-44da-9610-c6dc4b50de11.pdf,"ООО ""КОМУС""",7721793895,772201001,"ООО ""Деловые Линии""",7826156685,997650001,mismatch,mismatch,mismatch
10178,e787eccb-56fc-44d2-a574-be16a69e04fa,text,e787eccb-56fc-44d2-a574-be16a69e04fa.Счет № 256362795175 - 6589487632 от 30.04.2026.pdf,"ПАО ""МТС""",7740000076,561002001,"ПАО ""МТС""",7740000076,997750001,match,mismatch,match
10182,828a033a-d85a-4dc5-ac46-54c27f23897a,text,828a033a-d85a-4dc5-ac46-54c27f23897a.Истекает срок оплаты счета_735109246_22.04.2026.pdf,"ПАО ""МегаФон""",7707083893,770701001,"Уральский филиал ПАО ""МегаФон"".",7812014560,667003001,mismatch,mismatch,match
10183,02956f2f-efa1-440b-9c99-faf6b0c2de48,text,02956f2f-efa1-440b-9c99-faf6b0c2de48.Ф28 54211 Новая Малыкла-2.pdf,ООО «Арзид»,432027000000,432027000,"ООО ""АРЗИД""",7325151541,732501001,mismatch,mismatch,match
10185,016067d5-5e87-42b0-ad42-0805226f26cb,text,016067d5-5e87-42b0-ad42-0805226f26cb.АВТ PO# 3781875_Резерв Елец – Задонск..pdf,Ассоциация «Объединение проектировщиков «УниверсалПроект»,6454084997,770101001,"ООО ""ВСС""",6454084997,770101001,match,match,mismatch
10188,de9b26be-1418-4bdc-bcf8-9ac96d120824,text,de9b26be-1418-4bdc-bcf8-9ac96d120824.Proforma_Invoice_2BM-7713076301-2012052807251168061080000000000_2BM-7826156685-783801001-201401201117022305126_20260515_30ef3166-1b3e-45e4-9489-5d4eda558678.pdf,"ООО ""КОМУС""",7721793895,772201001,"ООО ""Деловые Линии""",7826156685,997650001,mismatch,mismatch,mismatch
10193,778eafa9-1c5d-4020-ac79-14a5c75eb8a4,text,778eafa9-1c5d-4020-ac79-14a5c75eb8a4.2260200014136E_docs.pdf,"ООО ""Оранж Бизнес Сервисез""",103771001096,771045608,"ООО ""ОРАНЖ БИЗНЕС СЕРВИСЕЗ""",7710456087,770701001,mismatch,mismatch,match
10194,baf05963-cb7a-4c0e-95d8-ecd537d7c499,text,baf05963-cb7a-4c0e-95d8-ecd537d7c499.RUST2_RUSBD_202604_orig.pdf,ООО Т2 Мобайл,7743895280,997750001,"ООО ""Т2 МОБАЙЛ""",7743895280,775101001,match,mismatch,match
10197,6a00ff33-4ef4-41de-9746-17a0caed83af,text,6a00ff33-4ef4-41de-9746-17a0caed83af.2260300013808_docs.pdf,"ООО ""Оранж Бизнес Сервисез""",103771001096,771045608,"ООО ""ОРАНЖ БИЗНЕС СЕРВИСЕЗ""",7710456087,770701001,mismatch,mismatch,match
10198,b5dad899-1991-49de-81c4-54cb03d055ed,text,b5dad899-1991-49de-81c4-54cb03d055ed.Счет № 432 от 30 апреля 2026 года .PDF,"ООО ""3КАР""",3906951787,390601001,"ООО ""ЭКРАН""",3906951787,390601001,match,match,mismatch
10207,7ebffdd5-41d4-404b-a589-5b89ae8efe2c,text,7ebffdd5-41d4-404b-a589-5b89ae8efe2c.Истекает срок оплаты счета_735034049_19.03.2026.pdf,"ПАО ""МегаФон""",7702000123,770201001,"Центральный филиал ПАО ""МегаФон""",7812014560,526202001,mismatch,mismatch,match
10209,df00a203-2d0c-4953-9922-404ed303d31e,text,df00a203-2d0c-4953-9922-404ed303d31e.Proforma_Invoice_2BM-7713076301-2012052807251168061080000000000_2BM-7826156685-783801001-201401201117022305126_20260615_1c6c7e6f-f151-46f9-b0be-f286981f80c9.pdf,"ООО ""КОМУС""",7721793895,772201001,"ООО ""Деловые Линии""",7826156685,997650001,mismatch,mismatch,mismatch
10215,4b85fa9f-2f5a-4caf-9edc-d99a4e5bfdb8,text,4b85fa9f-2f5a-4caf-9edc-d99a4e5bfdb8.Proforma_Invoice_2BM-7713076301-2012052807251168061080000000000_2BM-7826156685-783801001-201401201117022305126_20260604_534107af-ea7a-403d-b3aa-109217efb4a3.pdf,"ООО ""КОМУС""",7721793895,772201001,"ООО ""Деловые Линии""",7826156685,997650001,mismatch,mismatch,mismatch
10216,67e6fee4-3e35-4e5e-9b83-1989f58b1cba,text,67e6fee4-3e35-4e5e-9b83-1989f58b1cba.22602EK002279_docs.pdf,"ООО ""Оранж Бизнес Сервисез""",103771001096,,"ООО ""ОРАНЖ БИЗНЕС СЕРВИСЕЗ""",7710456087,770701001,mismatch,llm_missing,match
10223,c307308a-da65-46fa-89b3-f72659b4e665,text,c307308a-da65-46fa-89b3-f72659b4e665.Proforma_Invoice_2BM-7713076301-2012052807251168061080000000000_2BM-7826156685-783801001-201401201117022305126_20260513_b21c87c7-59e8-4cc7-a2f8-4b159eacf68d.pdf,"ООО ""КОМУС""",7721793895,772201001,"ООО ""Деловые Линии""",7826156685,997650001,mismatch,mismatch,mismatch
10226,703599fe-6638-492d-9609-a18f6d0bb155,text,703599fe-6638-492d-9609-a18f6d0bb155.Счет № 904504 - 3 от 30.11.2025.pdf,"Публичное акционерное общество ""Мобильные ТелеСистемы""",7740000076,997750001,"ПАО ""МТС""",7740000076,997750001,match,match,mismatch
10227,ee5a1bc7-b1fc-4ca5-a2f2-b80dbf3c7431,text,ee5a1bc7-b1fc-4ca5-a2f2-b80dbf3c7431.Акт Новое Шигалеево от 30.01.2026.pdf,ИП Ленинг В.А.,,,ИП Ленинг Виталий Александрович,561006528520,,llm_missing,both_missing,mismatch
10228,f57f8355-86f7-4ed2-921a-cfb630a941b7,text,f57f8355-86f7-4ed2-921a-cfb630a941b7.Истекает срок оплаты счета_735126856_20.05.2026.pdf,"ПАО ""МегаФон""",7702000122,770201001,"ПАО ""МЕГАФОН""",7812014560,997750001,mismatch,mismatch,match
10231,0b98e74f-71c0-42dd-b819-ead47e53fb3f,text,0b98e74f-71c0-42dd-b819-ead47e53fb3f.2251200012377_docs.pdf,"ООО ""Оранж Бизнес Сервисез""",103771001096,771045608,"ООО ""ОРАНЖ БИЗНЕС СЕРВИСЕЗ""",7710456087,770701001,mismatch,mismatch,match
10233,c8893775-b831-4398-a7b3-a2b208beabc0,text,c8893775-b831-4398-a7b3-a2b208beabc0.173092591775_31.01.2026.pdf,"Северо-Западный филиал ПАО ""МегаФон""",7812014560,780143001,"Северо-Западный филиал ПАО ""МегаФон""",7812014560,784143001,match,mismatch,match
10234,fd78cfa5-06d2-4c45-9bf4-8d3f427d2dab,text,fd78cfa5-06d2-4c45-9bf4-8d3f427d2dab.Истекает срок оплаты счета_735122841_18.02.2026.pdf,"ПАО ""МегаФон""",7702000001,770201001,"Сибирский филиал ПАО ""МегаФон""",7812014560,540643001,mismatch,mismatch,match
10239,2f37abbe-e000-457e-a5ad-caf2aa0a7fed,text,2f37abbe-e000-457e-a5ad-caf2aa0a7fed.123093065338_28.02.2026.pdf,"ПАО ""МегаФон""",7812014560,780143001,"Северо-Западный филиал ПАО ""МегаФон""",7812014560,784143001,match,mismatch,match
10240,9d53d595-7fcc-462a-8d6b-4e51e3ae9281,text,9d53d595-7fcc-462a-8d6b-4e51e3ae9281.Истекает срок оплаты счета_735114341_18.02.2026.pdf,"ПАО ""МегаФон""",7702000122,770201001,"Уральский филиал ПАО ""МегаФон"".",7812014560,667003001,mismatch,mismatch,match
10247,92930fe0-72bc-42cb-82d2-83c315a0982f,text,92930fe0-72bc-42cb-82d2-83c315a0982f.Истекает срок оплаты счета_707849401_19.03.2026.pdf,"ПАО ""МегаФон""",7702000123,770201001,"Северо-Западный филиал ПАО ""МегаФон""",7812014560,784143001,mismatch,mismatch,match
10250,a788a1e7-87c1-4c34-baa4-5e575a6fb6b3,text,a788a1e7-87c1-4c34-baa4-5e575a6fb6b3.Proforma_Invoice_2BM-7713076301-2012052807251168061080000000000_2BM-7826156685-783801001-201401201117022305126_20260612_3e6a292b-bb0c-40f0-9839-903e5e0ca8e0.pdf,"ООО ""КОМУС""",7721793895,772201001,"ООО ""Деловые Линии""",7826156685,997650001,mismatch,mismatch,mismatch
10251,980a335c-c9e0-4604-8ed6-7b8ff4a5138b,text,980a335c-c9e0-4604-8ed6-7b8ff4a5138b.63 Акт приема.pdf,ИП Таурайте Милана Вальдовна,322732500000,,Таурайте Милана Вальдовна,732593719589,,mismatch,both_missing,match
10252,d93e8588-6c78-4b86-a3cb-72a664c429e5,text,d93e8588-6c78-4b86-a3cb-72a664c429e5.СЧЁТ_90422237.PDF,ООО Техноэволаб,7705029530,774850001,"ООО ""ТЕХНОЭВОЛАБ""",7705029530,771701001,match,mismatch,match
10258,85143e65-c792-4e65-9f9e-865efdc6b7cf,text,85143e65-c792-4e65-9f9e-865efdc6b7cf.64 Акт приема.pdf,ИП Таурайте Милана Вальдовна,322732500000,,Таурайте Милана Вальдовна,732593719589,,mismatch,both_missing,match
10259,add1a0ef-a561-4e72-ad61-94831cf3dc06,text,add1a0ef-a561-4e72-ad61-94831cf3dc06.Счет № 836023 - 369251 от 30.04.2026.pdf,"ПАО ""Мобильные ТелеСистемы""",7740000076,781343001,"ПАО ""МТС""",7740000076,997750001,match,mismatch,mismatch
10262,0cdcab75-25dc-4828-97f7-7d4bf0916b25,text,0cdcab75-25dc-4828-97f7-7d4bf0916b25.Ф28_23018.pdf,ООО «Телетауэр»,1088149012,770701001,"ООО ""ТЕЛЕТАУЭР""",7743130852,775101001,mismatch,mismatch,match
10267,40669bdf-8362-4433-8084-4cc93032190c,text,40669bdf-8362-4433-8084-4cc93032190c.04.2026 MEGA Kazan 1111040 ВЫМПЕЛКОМ ПАО Beeline M03_3168.pdf,ООО «Мега 2»,5047202308,141501001,"ООО ""МЕГА 2""",5047202308,504701001,match,mismatch,match
10273,966e3624-9d4e-4224-bcb2-1f06e1b5b052,text,966e3624-9d4e-4224-bcb2-1f06e1b5b052.вымпел ком коммун. май.pdf,ООО «Логистик»,1401000014,770201001,"ООО ""Юнион""",5012014335,501201001,mismatch,mismatch,mismatch
10274,b41ff311-30a7-4e17-990c-7d3f30aae793,text,b41ff311-30a7-4e17-990c-7d3f30aae793.Proforma_Invoice_2BM-7713076301-2012052807251168061080000000000_2BM-7826156685-783801001-201401201117022305126_20260512_fe0448ed-020f-41ff-a6a8-967c4d289b1a.pdf,"ООО ""КОМУС""",7721793895,772201001,"ООО ""Деловые Линии""",7826156685,997650001,mismatch,mismatch,mismatch
10276,aee92d31-7821-4622-83b0-657dc5999bff,text,aee92d31-7821-4622-83b0-657dc5999bff.2260100014223_docs.pdf,"ООО ""Оранж Бизнес Сервисез""",103771001096,771045608,"ООО ""ОРАНЖ БИЗНЕС СЕРВИСЕЗ""",7710456087,770701001,mismatch,mismatch,match
10280,36ae5b92-33af-46f3-82fb-92cea6e11b65,text,36ae5b92-33af-46f3-82fb-92cea6e11b65.Счет № 907475 - 1 от 28.02.2026.pdf,ПАО «Мобильные ТелеСистемы»,7740000076,997750001,"ПАО ""МТС""",7740000076,997750001,match,match,mismatch
10281,a8a507b4-d37b-4856-bafb-70a154425efe,text,a8a507b4-d37b-4856-bafb-70a154425efe.Истекает срок оплаты счета_735030144_18.02.2026.pdf,"ПАО ""МегаФон""",7702000001,770201001,"Поволжский филиал ПАО ""МегаФон""",7812014560,631643002,mismatch,mismatch,match
10285,c0433fa4-cf70-472a-982e-41275596b5d6,text,c0433fa4-cf70-472a-982e-41275596b5d6.Вымпелком.pdf,ООО «Газпром трансгаз Казань»,7707083893,770701001,"ООО ""Газпром трансгаз Казань""",1600000036,168150001,mismatch,mismatch,match
10296,99d8e643-9580-4188-b3fe-dafd726b7a86,text,99d8e643-9580-4188-b3fe-dafd726b7a86.Счет № 903963 - 3 от 31.03.2026.pdf,"Публичное акционерное общество ""Мобильные ТелеСистемы""",7740000076,997750001,"ПАО ""МТС""",7740000076,997750001,match,match,mismatch
10297,9171f858-bb52-4f6e-be77-83db809601a4,text,9171f858-bb52-4f6e-be77-83db809601a4.IMG_20260525_0004.pdf,Банк,6674090450,,"ТСЖ ""РОДОНИТОВАЯ, 3 кор. 2""",6674090450,667901001,match,llm_missing,mismatch
10298,571fa37f-031d-4eac-b827-2135e7642e7e,text,571fa37f-031d-4eac-b827-2135e7642e7e.Ф28 51248.pdf,ООО «Теле-Нова»,7707083893,770701001,"ООО ""ТЕЛЕКОМРАЗВИТИЕ""",5261113826,526101001,mismatch,mismatch,mismatch
10299,29890cf9-9ba5-42c3-83b9-0d5f68369172,text,29890cf9-9ba5-42c3-83b9-0d5f68369172.2605_7713076301_997750001_836000001128_detkr_11.pdf,ЦЕНТРАЛЬНО-ЧЕРНОЗЕМНЫЙ БАНК ПАО СБЕРБАНК,,,"Макрорегиональный филиал ""Центр"" ПАО ""Ростелеком""",7707049388,773443001,llm_missing,llm_missing,mismatch
10300,b09e4063-8401-4751-9443-c5956e2807c5,text,b09e4063-8401-4751-9443-c5956e2807c5.2260100016126_docs.pdf,"ООО ""Оранж Бизнес Сервисез""",103771001096,771045608,"ООО ""ОРАНЖ БИЗНЕС СЕРВИСЕЗ""",7710456087,770701001,mismatch,mismatch,match
10302,d08819f4-76fa-4962-b110-db86e2d9ac99,text,d08819f4-76fa-4962-b110-db86e2d9ac99.Истекает срок оплаты счета_735126748_23.06.2026.pdf,"ПАО ""МегаФон""",7702000122,770201001,"ПАО ""МЕГАФОН""",7812014560,997750001,mismatch,mismatch,match
10303,35b0d40e-18b5-479f-b7df-395f9c2cb25f,text,35b0d40e-18b5-479f-b7df-395f9c2cb25f.Расчёт коммуналки март 2026.pdf,МУП Теплоэнергия,,,"АО ""СЕВЕРСТАЛЬ-ИНФОКОМ""",3528007105,352801001,llm_missing,llm_missing,mismatch
10304,7b5840bc-413e-4ca1-96eb-73d07208a0a2,text,7b5840bc-413e-4ca1-96eb-73d07208a0a2.2260300037389_docs.pdf,"ООО ""Оранж Бизнес Сервисез""",103771001096,770701001,"ООО ""ОРАНЖ БИЗНЕС СЕРВИСЕЗ""",7710456087,770701001,mismatch,match,match
10309,630b56a1-2706-42d1-ab94-9622cc476ad8,text,630b56a1-2706-42d1-ab94-9622cc476ad8.Расчёт коммуналки март 2026.pdf,МУП Теплоэнергия,,,"АО ""СЕВЕРСТАЛЬ-ИНФОКОМ""",3528007105,352801001,llm_missing,llm_missing,mismatch
10310,07d06d0b-6e58-4e19-b9fd-402aeea9762d,text,07d06d0b-6e58-4e19-b9fd-402aeea9762d.Письмо на возврат обеспечительного взноса_ПАО ВымпелКом_май 2026.pdf,ЗАО «Биллинговый центр»,5401152049,540801001,"РНКО ""ПЛАТЕЖНЫЙ ЦЕНТР"" (ООО)",2225031594,540501001,mismatch,mismatch,mismatch
10312,5a8d398b-223a-4f27-bfd5-f8e56fe8bfcc,text,5a8d398b-223a-4f27-bfd5-f8e56fe8bfcc.2251200013578_docs.pdf,"ООО ""Оранж Бизнес Сервисез""",103771001096,771045608,"ООО ""ОРАНЖ БИЗНЕС СЕРВИСЕЗ""",7710456087,770701001,mismatch,mismatch,match
10316,fdd2b668-27df-4b76-97ca-5f7b39b0dc5e,text,fdd2b668-27df-4b76-97ca-5f7b39b0dc5e.Proforma_Invoice_2BM-7713076301-2012052807251168061080000000000_2BM-7826156685-783801001-201401201117022305126_20260623_f93a960b-ed74-4df6-bf67-40d5eb9a6244.pdf,"ООО ""КОМУС""",7721793895,772201001,"ООО ""Деловые Линии""",7826156685,997650001,mismatch,mismatch,mismatch
10322,5e385ae4-6a1f-4eb3-9a0f-50ebb8bcb73a,text,5e385ae4-6a1f-4eb3-9a0f-50ebb8bcb73a.Akt_1_kv_Vympelkom.PDF,Управление по эксплуатации и ремонту-Кубань,2311114082,350001001,"ООО ""УЭР-Кубань""",2311114082,231101001,match,mismatch,match
10323,af73da43-4a74-4956-ab77-f74147a6fd39,text,af73da43-4a74-4956-ab77-f74147a6fd39.ВымпелКом ПАО информ.отчет.PDF,Wallera FZE,,,"АО ""НКБ""",7714611569,773001001,llm_missing,llm_missing,mismatch
10324,74571067-c937-439c-8ba1-fc098a8dec34,text,74571067-c937-439c-8ba1-fc098a8dec34.Счет итоговый 19135 (0).pdf,"ПАО ""Кузбассэнергосбыт""",4205109214,420501001,"ПАО ""Кузбассэнергосбыт""",4205109214,775050001,match,mismatch,match
10330,cc90e9a9-2817-4d03-805a-eec589d229d9,text,cc90e9a9-2817-4d03-805a-eec589d229d9.Истекает срок оплаты счета_735111858_20.05.2026.pdf,"ПАО ""МегаФон""",7707083893,770701001,"Поволжский филиал ПАО ""МегаФон""",7812014560,631643002,mismatch,mismatch,match
10337,38e77c92-92f7-4f92-b260-9d5340068444,text,38e77c92-92f7-4f92-b260-9d5340068444.Истекает срок оплаты счета_735121499_22.04.2026.pdf,"ПАО ""МегаФон""",7707083893,770701001,"Кавказский филиал ПАО ""МегаФон""",7812014560,230802001,mismatch,mismatch,match
10340,f6bc45ed-ceb6-4e1e-90b7-b6553c7e1e9d,text,f6bc45ed-ceb6-4e1e-90b7-b6553c7e1e9d.Истекает срок оплаты счета_735139956_20.05.2026.pdf,"ПАО ""МегаФон""",7707083893,770701001,"Кавказский филиал ПАО ""МегаФон""",7812014560,230802001,mismatch,mismatch,match
10342,8eb664ba-21a0-43cd-ab6d-7b63c99d4f70,text,8eb664ba-21a0-43cd-ab6d-7b63c99d4f70.Proforma_Invoice_2BM-7713076301-2012052807251168061080000000000_2BM-7826156685-783801001-201401201117022305126_20260529_35b6079e-b2c0-47b6-a84d-7ad12e370594.pdf,"ООО ""КОМУС""",7826156685,997650001,"ООО ""Деловые Линии""",7826156685,997650001,match,match,mismatch
10349,66639481-af3c-43fd-a7fd-71909abafaea,text,66639481-af3c-43fd-a7fd-71909abafaea.2251200013854_docs.pdf,"ООО ""Оранж Бизнес Сервисез""",103771001096,771045608,"ООО ""ОРАНЖ БИЗНЕС СЕРВИСЕЗ""",7710456087,770701001,mismatch,mismatch,match
10350,304517d5-a118-422d-9e3b-71bd6d958667,text,304517d5-a118-422d-9e3b-71bd6d958667.АВТ PO #3796064. Резервирование ТКТ 20+ г. Грязи - г. Липецк.pdf,Ассоциация «Объединение проектировщиков «УниверсалПроект»,6454084997,770101001,"ООО ""ВСС""",6454084997,770101001,match,match,mismatch
10351,42085dd3-fdc9-4df8-b72d-9f2e5ba788b7,text,42085dd3-fdc9-4df8-b72d-9f2e5ba788b7.2251200012777_docs.pdf,"ООО ""Оранж Бизнес Сервисез""",103771001096,770701001,"ООО ""ОРАНЖ БИЗНЕС СЕРВИСЕЗ""",7710456087,770701001,mismatch,match,match
10352,5c27fae6-0e66-4673-b570-28a5b6570c3e,text,5c27fae6-0e66-4673-b570-28a5b6570c3e.Счет № 828086 - 368929 от 31.01.2026.pdf,"ПАО ""Мобильные ТелеСистемы""",7740000076,781343001,"ПАО ""МТС""",7740000076,997750001,match,mismatch,mismatch
10354,1419052f-ba43-41ef-8412-011e290a1964,text,1419052f-ba43-41ef-8412-011e290a1964.163108297850_31.05.2026.pdf,"Северо-Западный филиал ПАО ""МегаФон""",7812014560,780143001,"Северо-Западный филиал ПАО ""МегаФон""",7812014560,784143001,match,mismatch,match
10356,ddf0959b-42d3-417d-a413-98dd8d243ad9,text,ddf0959b-42d3-417d-a413-98dd8d243ad9.2260200014223_docs.pdf,"ООО ""Оранж Бизнес Сервисез""",103771001096,771045608,"ООО ""ОРАНЖ БИЗНЕС СЕРВИСЕЗ""",7710456087,770701001,mismatch,mismatch,match
10357,6f0a42a9-ca74-4bdf-8c84-81dd6df85a9e,text,6f0a42a9-ca74-4bdf-8c84-81dd6df85a9e.Счет № 525891 - 368922 от 31.01.2026.pdf,"ПАО ""Мобильные ТелеСистемы""",7740000076,997750001,"ПАО ""МТС""",7740000076,997750001,match,match,mismatch
10361,4a9412e6-4efa-4153-b1d3-42460b1792f7,text,4a9412e6-4efa-4153-b1d3-42460b1792f7.05.2026 MEGA Omsk 1111032 ВЫМПЕЛКОМ ПАО Beeline M18_2004.pdf,ООО «Мега 2»,5047202308,141501001,"ООО ""МЕГА 2""",5047202308,504701001,match,mismatch,match
10369,b531d930-4e45-4014-8fd6-d60d9dd9ed8a,text,b531d930-4e45-4014-8fd6-d60d9dd9ed8a.Счет № 266389777155 - 6611064474 от 31.05.2026.pdf,ПАО «МТС»,7740000076,668543001,"ПАО ""МТС""",7740000076,997750001,match,mismatch,match
10370,35d7a2e7-bf4d-4208-ab20-170347f992bb,text,35d7a2e7-bf4d-4208-ab20-170347f992bb.Истекает срок оплаты счета_735169130_20.05.2026.pdf,"ПАО ""МегаФон""",7702000123,770201001,"Сибирский филиал ПАО ""МегаФон""",7812014560,540643001,mismatch,mismatch,match
10374,e793453c-dc4e-4ba9-93ce-b51dc7744d3b,text,e793453c-dc4e-4ba9-93ce-b51dc7744d3b.Акт взаимозачета Вымпелком.pdf,"ООО ""КЕХ еКоммерц""",770701001000,770701001,"ООО ""КЕХ еКоммерц""",7710668349,997750001,mismatch,mismatch,match
10383,aa1186bf-0e23-49ba-a97b-314fd0940ec0,text,"aa1186bf-0e23-49ba-a97b-314fd0940ec0.Акт приема-передачи г. Всеволожск, пр-кт. Всеволожский, д. 55.pdf",ООО «ВЕРТЕКС»,7707019898,770701001,"ООО ""ВЕРТЕКС""",6686080255,667801001,mismatch,mismatch,match
10387,31ce0f94-91ba-4858-ab81-479ff8286463,text,31ce0f94-91ba-4858-ab81-479ff8286463.Истекает срок оплаты счета_735124150_18.02.2026.pdf,"ПАО ""МегаФон""",7702000123,770201001,"Сибирский филиал ПАО ""МегаФон""",7812014560,540643001,mismatch,mismatch,match
10389,ef4c0e75-efd0-4674-8dac-dfb6ea0329c1,text,ef4c0e75-efd0-4674-8dac-dfb6ea0329c1.Schet_2_kv_Vympelkom.PDF,ООО «Управление по эксплуатации и ремонту-Кубань»,2311114042,231101001,"ООО ""УЭР-Кубань""",2311114082,231101001,mismatch,match,match
10390,c7c5367f-d9c7-4631-b796-70ae751eecaf,text,c7c5367f-d9c7-4631-b796-70ae751eecaf.2251200017702_docs.pdf,"ООО ""Оранж Бизнес Сервисез""",103771001096,770701001,"ООО ""ОРАНЖ БИЗНЕС СЕРВИСЕЗ""",7710456087,770701001,mismatch,match,match
10396,a51049ef-1e2d-488a-911f-10729c09e383,text,a51049ef-1e2d-488a-911f-10729c09e383.69 Акт приема.pdf,ИП Таурайте Милана Вальдовна,322732500000,,Таурайте Милана Вальдовна,732593719589,,mismatch,both_missing,match
10397,b6f8af4f-c09c-457b-85e8-9b738ab92616,text,b6f8af4f-c09c-457b-85e8-9b738ab92616.123093065338_31.03.2026.pdf,"Северо-Западный филиал ПАО ""МегаФон""",7812014560,780143001,"Северо-Западный филиал ПАО ""МегаФон""",7812014560,784143001,match,mismatch,match
10401,b9c93fc9-ad7e-4c7c-b87c-7fbcd8e5efa2,text,b9c93fc9-ad7e-4c7c-b87c-7fbcd8e5efa2.Акт к Заказу № материалы 01-2026-СТК-ЮГ.pdf,ООО «СТК-Юг»,111230800666,111230800,"ООО ""СТК-Юг""",2308180857,230801001,mismatch,mismatch,match
10405,e03112e1-e4c9-4a13-b3e2-588eaf7f94eb,text,e03112e1-e4c9-4a13-b3e2-588eaf7f94eb.2260300012777_docs.pdf,"ООО ""Оранж Бизнес Сервисез""",103771001096,770701001,"ООО ""ОРАНЖ БИЗНЕС СЕРВИСЕЗ""",7710456087,770701001,mismatch,match,match
10411,b2bdc439-28f4-46e6-b7f7-77e5ac32f572,text,b2bdc439-28f4-46e6-b7f7-77e5ac32f572.Счет № 828086 - 369073 от 13.02.2026.pdf,"ПАО ""Мобильные ТелеСистемы""",7740000076,781343001,"ПАО ""МТС""",7740000076,997750001,match,mismatch,mismatch
10413,a08baa20-34a1-4044-8421-c1c391b5d17a,text,a08baa20-34a1-4044-8421-c1c391b5d17a.Истекает срок оплаты счета_735124150_22.04.2026.pdf,"ПАО ""МегаФон""",7707083893,770701001,"Сибирский филиал ПАО ""МегаФон""",7812014560,540643001,mismatch,mismatch,match
10424,f62e67f6-3665-4d11-8fa5-45092bd6a1ad,text,f62e67f6-3665-4d11-8fa5-45092bd6a1ad.21113 Форма 28_акт допуска электроустановки.pdf,ООО «Постлинк»,,,"АО ""ИнсталСайт""",7713183945,771301001,llm_missing,llm_missing,mismatch
10428,45dc4f35-e2b0-44fb-8723-04cd540ede32,text,45dc4f35-e2b0-44fb-8723-04cd540ede32.Письмо об оплате задолженности № 97 от 19 февраля 2026 г.pdf,ИП Белов С.А.,235201128300,,Белов Сергей Александрович,235201128300,,match,both_missing,mismatch
10430,7abab475-f45b-4d83-98b5-8465288abc67,text,7abab475-f45b-4d83-98b5-8465288abc67.Истекает срок оплаты счета_735024556_28.05.2026.pdf,"ПАО ""МегаФон""",7707083893,770701001,"Уральский филиал ПАО ""МегаФон"".",7812014560,667003001,mismatch,mismatch,match
10433,6ccb11d3-232f-4f8c-a885-348cc26957a2,text,6ccb11d3-232f-4f8c-a885-348cc26957a2.Истекает срок оплаты счета_735019487_19.03.2026.pdf,"ПАО ""МегаФон""",7702000001,770201001,"Кавказский филиал ПАО ""МегаФон""",7812014560,230802001,mismatch,mismatch,match
10435,b878a94d-3bcb-40fe-bb82-a35041ff75dd,text,b878a94d-3bcb-40fe-bb82-a35041ff75dd.Счет итоговый 19135 (0).pdf,"ПАО ""Кузбассэнергосбыт""",4205109214,420501001,"ПАО ""Кузбассэнергосбыт""",4205109214,775050001,match,mismatch,match
10437,dee06414-ceec-45d5-8f54-08a0804b06b5,text,dee06414-ceec-45d5-8f54-08a0804b06b5.123094115762_30.04.2026.pdf,"Северо-Западный филиал ПАО ""МегаФон""",7812014560,780143001,"Северо-Западный филиал ПАО ""МегаФон""",7812014560,784143001,match,mismatch,match
10440,ad13545e-f21d-4899-8718-0034d0f52778,text,ad13545e-f21d-4899-8718-0034d0f52778.Письмо об оплате задолженности № 506 от 13 апреля 2026 г.pdf,"ООО ""ФИРМА ""ЗЕЛЕНАЯ АПТЕКА САДОВОДА""",7727110954,774301001,"ООО ""Фирма ""Зеленая Аптека Садовода""",7727110954,772701001,match,mismatch,match
10442,ea089ae8-8ce2-48ed-b423-b20ef58fbe83,text,ea089ae8-8ce2-48ed-b423-b20ef58fbe83.Вымпелком 02.26.pdf,ООО «СтройРосурс»,4632037115,463201001,"ООО ТК ""СТРОЙРЕСУРС""",4632037115,463201001,match,match,mismatch
10444,5fd9cf62-5b65-481b-8504-1fe34b5a6d3f,text,5fd9cf62-5b65-481b-8504-1fe34b5a6d3f.Proforma_Invoice_2BM-7713076301-2012052807251168061080000000000_2BM-7826156685-783801001-201401201117022305126_20260622_dd7b93af-d1fa-4e4b-9648-659eae2e6774.pdf,"ООО ""КОМУС""",7721793895,772201001,"ООО ""Деловые Линии""",7826156685,997650001,mismatch,mismatch,mismatch
10448,d30923c5-36e1-447b-9d01-8ad435f46249,text,d30923c5-36e1-447b-9d01-8ad435f46249.Proforma_Invoice_2BM-7713076301-2012052807251168061080000000000_2BM-7826156685-783801001-201401201117022305126_20260408_1a181e99-b9ef-4aad-bd46-75072f07d2b1.pdf,"ООО ""Деловые Линии""",7713076301,771301001,"ООО ""Деловые Линии""",7826156685,997650001,mismatch,mismatch,match
10452,307fc2ab-f6c4-4f1f-8e60-7436fdf7d68d,text,307fc2ab-f6c4-4f1f-8e60-7436fdf7d68d.Акт Кастомизация ПО этап №1.pdf,Пуговкин А.А.,,,"ООО ""ИНТЭКО""",7737501308,772401001,llm_missing,llm_missing,mismatch
10454,2c160a5b-c143-4578-a54a-7277ea723777,text,2c160a5b-c143-4578-a54a-7277ea723777.Proforma_Invoice_2BM-7713076301-2012052807251168061080000000000_2BM-7826156685-783801001-201401201117022305126_20260413_a335fa88-1af8-456d-afec-9771cd548410.pdf,"ООО ""КОМУС""",7721793895,772201001,"ООО ""Деловые Линии""",7826156685,997650001,mismatch,mismatch,mismatch
10458,8c004afb-b4d1-451c-8563-5d38f3a6d40b,text,8c004afb-b4d1-451c-8563-5d38f3a6d40b.Акт №3 от 31.03.2026.pdf,АО «Ростелеком»,7706920000,770692000,"ПАО ""РОССЕТИ ЦЕНТР""",6901067107,997650001,mismatch,mismatch,mismatch
10465,1642752e-7942-44ba-9e61-3ed74175ca5c,text,1642752e-7942-44ba-9e61-3ed74175ca5c.Истекает срок оплаты счета_735089036_20.05.2026.pdf,"ПАО ""МегаФон""",7702000123,770201001,"Кавказский филиал ПАО ""МегаФон""",7812014560,230802001,mismatch,mismatch,match
10466,3ff36f8f-957b-4b91-9f86-f3de98ffc485,text,3ff36f8f-957b-4b91-9f86-f3de98ffc485.Proforma_Invoice_2BM-7713076301-2012052807251168061080000000000_2BM-7826156685-783801001-201401201117022305126_20260619_de13b623-79ad-48fa-9c7d-8ca8b29e6367.pdf,"ООО ""КОМУС""",7826156685,997650001,"ООО ""Деловые Линии""",7826156685,997650001,match,match,mismatch
10468,1be31c3e-c256-4fca-9692-2afbf3117942,text,1be31c3e-c256-4fca-9692-2afbf3117942.Истекает срок оплаты счета_735023681_19.03.2026.pdf,"ПАО ""МегаФон""",7702000001,770201001,"Кавказский филиал ПАО ""МегаФон""",7812014560,230802001,mismatch,mismatch,match
10469,bf980126-e6eb-4752-92ec-a5b43010322a,text,bf980126-e6eb-4752-92ec-a5b43010322a.47216_Счет на оплату.pdf,"ООО ""ОБИТ""",1910140000,191010000,"ООО ""Обит""",7810204213,784201001,mismatch,mismatch,match
10476,068072f8-405a-4dfb-a81b-ac0bd062d783,text,068072f8-405a-4dfb-a81b-ac0bd062d783.66 Акт приема.pdf,ИП Таурайте Милана Вальдовна,322732500000,,Таурайте Милана Вальдовна,732593719589,,mismatch,both_missing,match
10481,b327d943-be6c-4efe-88e3-37f5667ef135,text,b327d943-be6c-4efe-88e3-37f5667ef135.74652 Исполнительная документация_ОК.pdf,Стулов В.В.,744713805634,,Стулов Виктор Васильевич,744713805634,,match,both_missing,mismatch
10484,d5b43361-baf9-4eb0-bce6-767a4c88ccbf,text,d5b43361-baf9-4eb0-bce6-767a4c88ccbf.123094115762_31.01.2026.pdf,"Северо-Западный филиал ПАО ""МегаФон""",7812014560,780143001,"Северо-Западный филиал ПАО ""МегаФон""",7812014560,784143001,match,mismatch,match
10487,eb51a67b-2aed-4aea-bdf4-94e64cbe78a3,text,eb51a67b-2aed-4aea-bdf4-94e64cbe78a3.100041404262_31.01.2026.pdf,"Северо-Западный филиал ПАО ""МегаФон""",7812014560,780143001,"Северо-Западный филиал ПАО ""МегаФон""",7812014560,784143001,match,mismatch,match
10488,efd8c4ce-92f3-4617-89aa-22cba221d982,text,efd8c4ce-92f3-4617-89aa-22cba221d982.65 Акт приема.pdf,ИП Таурайте Милана Вальдовна,322732500000,,Таурайте Милана Вальдовна,732593719589,,mismatch,both_missing,match
10499,ca59261d-e62d-4107-a407-89ffe7f73faf,text,ca59261d-e62d-4107-a407-89ffe7f73faf.Истекает срок оплаты счета_735169233_PST_18.02.2026.pdf,"ПАО ""МегаФон""",7702000122,770201001,"Кавказский филиал ПАО ""МегаФон""",7812014560,230802001,mismatch,mismatch,match
10503,56fed3d5-63df-4f28-a32f-cbbc4c9fb51f,text,56fed3d5-63df-4f28-a32f-cbbc4c9fb51f.Истекает срок оплаты счета_735134336_18.02.2026.pdf,"ПАО ""МегаФон""",7702000001,770201001,"Уральский филиал ПАО ""МегаФон"".",7812014560,667003001,mismatch,mismatch,match
10506,320b2816-ef01-47dc-bf34-a56ccaf33c68,text,320b2816-ef01-47dc-bf34-a56ccaf33c68.2026_05__D7234__253274.pdf,"ООО ""ПКФ ""РЕГИОН""",,,"ООО ""ГУДВИЛЛ""",7203494830,720301001,llm_missing,llm_missing,mismatch
10507,6a8977ca-1612-4245-ae54-09212f1b9d80,text,6a8977ca-1612-4245-ae54-09212f1b9d80.Акт Билайн.pdf,ИП Коченихин С.А.,,,ИП Коченихин Сергей Александрович,710600055536,,llm_missing,both_missing,mismatch
10508,1bf1e1aa-3346-4400-a5e6-04cafe1286fe,text,1bf1e1aa-3346-4400-a5e6-04cafe1286fe.Справка 2025 11 ЭЭ- в январе 2026.pdf,С-3 (ОСС) ll.H.AJ1BaHoB,,,"ДОСС ОАО ""РЖД""",7708503727,770843004,llm_missing,llm_missing,mismatch
10509,9f14f2e9-ceda-4f2f-aa09-ac50f527a408,text,9f14f2e9-ceda-4f2f-aa09-ac50f527a408.66 Акт приема.pdf,ИП Таурайте Милана Вальдовна,322732500000,,Таурайте Милана Вальдовна,732593719589,,mismatch,both_missing,match
10516,fa41e17c-5d55-4d8e-b3d6-a2034f4c8353,text,fa41e17c-5d55-4d8e-b3d6-a2034f4c8353.Proforma_Invoice_2BM-7713076301-2012052807251168061080000000000_2BM-7826156685-783801001-201401201117022305126_20260623_61c1f9b7-59b9-4d73-87c4-d6e56fc00c7c.pdf,"ООО ""КОМУС""",7826156685,997650001,"ООО ""Деловые Линии""",7826156685,997650001,match,match,mismatch
10519,1becc282-4e14-4e46-bc76-3a711f62cc2a,text,1becc282-4e14-4e46-bc76-3a711f62cc2a.22512IZ000012_docs.pdf,"ООО ""Оранж Бизнес Сервисез""",103771001096,771045608,"ООО ""ОРАНЖ БИЗНЕС СЕРВИСЕЗ""",7710456087,770701001,mismatch,mismatch,match
10521,64a2c632-c975-4325-a08e-43e73e286f25,text,64a2c632-c975-4325-a08e-43e73e286f25.Истекает срок оплаты счета_735111858_18.02.2026.pdf,"ПАО ""МегаФон""",7702000001,770201001,"Поволжский филиал ПАО ""МегаФон""",7812014560,631643002,mismatch,mismatch,match
10524,f01dc3d5-9ecc-46d6-a409-74b0f01857be,text,f01dc3d5-9ecc-46d6-a409-74b0f01857be.NESK_akt_26_03_fakt_do_18.pdf,Новороссийский участок Приморского филиала АО «НЭСК»,2308091759,231545006,"ПАО ""НОВОШИП""",2315012204,231501001,mismatch,mismatch,mismatch
10528,e59b1667-8781-4647-9953-3222d200f0e1,text,e59b1667-8781-4647-9953-3222d200f0e1.NESK_akt_26_01_fakt_do_18.pdf,"ПАО ""Новошип""",3539012204,,"ПАО ""НОВОШИП""",2315012204,231501001,mismatch,llm_missing,match
10533,da835414-fe26-4994-b4ae-fed07b9d2c37,text,da835414-fe26-4994-b4ae-fed07b9d2c37.Акт об уступке прав требования Вымпелком_D0717362_042026_93DF6B2A-22AA-47D3-8C82-E8072B4F2A8F.pdf,ПАО «МТС»,7703005698,770301001,"ПАО ""МТС""",7740000076,997750001,mismatch,mismatch,match
10534,288fb006-f63b-4f47-bed7-11a3621c87ed,text,288fb006-f63b-4f47-bed7-11a3621c87ed.Счет № 1000000697947 - 7382974902 от 31.05.2026.pdf,"ПАО ""МТС""",7740000076,420502001,"ПАО ""МТС""",7740000076,997750001,match,mismatch,match
10535,d959d8a0-a8ea-4465-a671-eda0f1a4c9e0,text,d959d8a0-a8ea-4465-a671-eda0f1a4c9e0.2251200016126_docs.pdf,"ООО ""Оранж Бизнес Сервисез""",103771001096,771045608,"ООО ""ОРАНЖ БИЗНЕС СЕРВИСЕЗ""",7710456087,770701001,mismatch,mismatch,match
10551,11d92c29-6e76-421e-8c5c-9eb687485cdc,text,11d92c29-6e76-421e-8c5c-9eb687485cdc.Вымпелком претензия.pdf,АО «Бурят-КommunicaLlr»,,270060001,"ОАО ""РОКОТЕЛ""",2508012480,250801001,llm_missing,mismatch,mismatch
10554,4091f2bd-8c23-47d7-ad5e-ce2403a0b48d,text,4091f2bd-8c23-47d7-ad5e-ce2403a0b48d.Истекает срок оплаты счета_735037582_28.05.2026.pdf,"ПАО ""МегаФон""",7702000122,770201001,"Уральский филиал ПАО ""МегаФон"".",7812014560,667003001,mismatch,mismatch,match
10555,b7aef574-7e94-4502-b63e-fde21e089a5d,text,b7aef574-7e94-4502-b63e-fde21e089a5d.Счет на электроэнергию за январь 2026.PDF,ПАО «Россети Центр и Приволжье»,7713076301,860245007,"ООО ""Ника-94""",8904004490,890401001,mismatch,mismatch,mismatch
10564,8a9aecea-7ede-459a-91d2-de11c795fbe4,text,8a9aecea-7ede-459a-91d2-de11c795fbe4.Proforma_Invoice_2BM-7713076301-2012052807251168061080000000000_2BM-7826156685-783801001-201401201117022305126_20260612_04d13f74-05e9-4888-b30f-910a6b8b1e22.pdf,"ООО ""КОМУС""",7721793895,772201001,"ООО ""Деловые Линии""",7826156685,997650001,mismatch,mismatch,mismatch
10566,1cb6468d-8a0e-41a7-824e-e7ac09d3458a,text,1cb6468d-8a0e-41a7-824e-e7ac09d3458a.163111290853_28.02.2026.pdf,"Северо-Западный филиал ПАО ""МегаФон""",7812014560,780143001,"Северо-Западный филиал ПАО ""МегаФон""",7812014560,784143001,match,mismatch,match
10571,14537ee5-eafb-4295-a48b-1de25fefe63d,text,14537ee5-eafb-4295-a48b-1de25fefe63d.Proforma_Invoice_2BM-7713076301-2012052807251168061080000000000_2BM-7826156685-783801001-201401201117022305126_20260604_08dbe62a-0ea7-4171-8412-aac299e9252a.pdf,"ООО ""КОМУС""",7721793895,772201001,"ООО ""Деловые Линии""",7826156685,997650001,mismatch,mismatch,mismatch
10572,b3b9a915-07f7-48a6-9427-9bc728fc5e43,text,b3b9a915-07f7-48a6-9427-9bc728fc5e43.Счет № 202370760390 - 6589491421 от 30.04.2026.pdf,"ПАО ""МТС""",7740000076,027602001,"ПАО ""МТС""",7740000076,997750001,match,mismatch,match
10573,9b2cb930-d973-442a-a256-04efc9b9a38f,text,9b2cb930-d973-442a-a256-04efc9b9a38f.2512_7713076301_997750001_850000138851_detkr_1.pdf,"АО КБ ""СИТИБАНК""",,,"Макрорегиональный филиал ""Центр"" ПАО ""Ростелеком""",7707049388,773443001,llm_missing,llm_missing,mismatch
10583,8aaff2d4-f813-4d67-a0d7-d688b02ef33d,text,8aaff2d4-f813-4d67-a0d7-d688b02ef33d.83285_АМТ_АРБП.pdf,ООО «АМТ»,1410130000,141013000,"ООО ""АМТ""",3528245572,502901001,mismatch,mismatch,match
10590,cef0824e-e342-4bc0-9dfe-ed2696a1faae,text,cef0824e-e342-4bc0-9dfe-ed2696a1faae.Счет итоговый 19135 (0).pdf,"ПАО ""Кузбассэнергосбыт""",4205109214,420501001,"ПАО ""Кузбассэнергосбыт""",4205109214,775050001,match,mismatch,match
10592,da427090-b88f-45b1-9672-321ccbd89fe0,text,da427090-b88f-45b1-9672-321ccbd89fe0.Истекает срок оплаты счета_722181301_19.03.2026.pdf,"ПАО ""МегаФон""",7702000001,770201001,"Северо-Западный филиал ПАО ""МегаФон""",7812014560,784143001,mismatch,mismatch,match
10602,86658057-02a3-457b-9807-7e3554d14f44,text,86658057-02a3-457b-9807-7e3554d14f44.RUST2_RUSBD_202605_orig.pdf,ООО Т2 Мобайл,7743895280,997750001,"ООО ""Т2 МОБАЙЛ""",7743895280,775101001,match,mismatch,match
10606,56612c3e-6e83-4720-9eac-5675b542f52c,text,56612c3e-6e83-4720-9eac-5675b542f52c.Акт к Заказу 06-2026-ТО-СТК-ЮГ.pdf,ООО «СТК-Юг»,111230800666,111230800,"ООО ""СТК-Юг""",2308180857,230801001,mismatch,mismatch,match
10609,6cdd1e9d-0386-47cf-a137-26ed57ad0ec1,text,6cdd1e9d-0386-47cf-a137-26ed57ad0ec1.2605_7713076301_482545001_848000008676_detkr_1.pdf,"АО КБ ""СИТИБАНК""",,,"Макрорегиональный филиал ""Центр"" ПАО ""Ростелеком""",7707049388,773443001,llm_missing,llm_missing,mismatch
10611,f5f1a39d-d0b4-4a4d-a299-fede94e74e5a,text,f5f1a39d-d0b4-4a4d-a299-fede94e74e5a.Proforma_Invoice_2BM-7713076301-2012052807251168061080000000000_2BM-7826156685-783801001-201401201117022305126_20260606_b0a5a7c1-06d9-42d8-87d0-d51b8169a83e.pdf,"ООО ""КОМУС""",7721793895,772201001,"ООО ""Деловые Линии""",7826156685,997650001,mismatch,mismatch,mismatch
10613,455a9b51-b679-45c7-a254-f2a29bcd737e,text,455a9b51-b679-45c7-a254-f2a29bcd737e.Акт к Заказу 05-2026-ТО-СТК-ЮГ.pdf,ООО «СТК-Юг»,111230800666,111230800,"ООО ""СТК-Юг""",2308180857,230801001,mismatch,mismatch,match
10615,9daa9e6d-8d52-44cd-b2bc-bbb608a888be,text,9daa9e6d-8d52-44cd-b2bc-bbb608a888be.173092986796_28.02.2026.pdf,"ПАО ""МегаФон""",7812014560,780143001,"Северо-Западный филиал ПАО ""МегаФон""",7812014560,784143001,match,mismatch,match
10618,41c272b0-cadc-49f7-aef3-9e6d8ac74605,text,41c272b0-cadc-49f7-aef3-9e6d8ac74605.2512_7713076301_482545001_848000010304_detkr_11.pdf,"АО КБ ""СИТИБАНК""",,,"Макрорегиональный филиал ""Центр"" ПАО ""Ростелеком""",7707049388,773443001,llm_missing,llm_missing,mismatch
10620,8cd0ddde-053c-41d5-8b20-4074375b2feb,text,8cd0ddde-053c-41d5-8b20-4074375b2feb.Истекает срок оплаты счета_735117932_24.06.2026.pdf,"ПАО ""МегаФон""",7702000122,770201001,"Уральский филиал ПАО ""МегаФон"".",7812014560,667003001,mismatch,mismatch,match
10622,c330b8b1-4efb-41d5-ad9c-c65153112d03,text,c330b8b1-4efb-41d5-ad9c-c65153112d03.2260500014206_docs.pdf,"ООО ""Оранж Бизнес Сервисез""",103771001096,771045608,"ООО ""ОРАНЖ БИЗНЕС СЕРВИСЕЗ""",7710456087,770701001,mismatch,mismatch,match
10624,910d80d5-8034-45b1-a53d-4d064f99ffca,text,910d80d5-8034-45b1-a53d-4d064f99ffca.Истекает срок оплаты счета_735111018_23.06.2026.pdf,"ПАО ""МегаФон""",7703000122,770301001,"Северо-Западный филиал ПАО ""МегаФон""",7812014560,784143001,mismatch,mismatch,match
10625,80327eab-d1af-42c4-a2c0-78d2edb7d9ad,text,80327eab-d1af-42c4-a2c0-78d2edb7d9ad.Истекает срок оплаты счета_735108296_22.04.2026.pdf,"ПАО ""МегаФон""",7702000122,770201001,"Северо-Западный филиал ПАО ""МегаФон""",7812014560,784143001,mismatch,mismatch,match
10632,f9734d4b-35f3-4eec-bbf6-0940fa0af6d1,text,f9734d4b-35f3-4eec-bbf6-0940fa0af6d1.Счет_ЭЭ_118210_30.04.2026.pdf,АО «Альфа-банк»,7713076301,044525593,"Свердловский филиал АО ""ЭНЕРГОСБЫТ ПЛЮС"" ",5612042824,667043001,mismatch,mismatch,mismatch
10634,996e991c-2e60-4efb-95c0-3affdfb3c9fa,text,996e991c-2e60-4efb-95c0-3affdfb3c9fa.Истекает срок оплаты счета_735021016_25.02.2026.pdf,"ПАО ""МегаФон""",7702000001,770201001,"Сибирский филиал ПАО ""МегаФон""",7812014560,540643001,mismatch,mismatch,match
10636,20c53061-83a0-4893-b970-9cb139efcdb2,text,20c53061-83a0-4893-b970-9cb139efcdb2.Клиентский счёт.pdf,"ПАО ""МТС""",7740000076,744702001,"ПАО ""МТС""",7740000076,997750001,match,mismatch,match
10637,da84f245-2d1d-4984-8702-46f15ff78a27,text,da84f245-2d1d-4984-8702-46f15ff78a27.Счет № 902040 - 2 от 30.04.2026.pdf,"628403, ХМАО Тюменская обл. г. Сургут, пр-т. Мира",,,"ПАО ""МТС""",7740000076,997750001,llm_missing,llm_missing,mismatch
10643,650677fe-d2ae-4c13-ab8d-519516653231,text,650677fe-d2ae-4c13-ab8d-519516653231.БИЛ_АКТ_Компенсация за открытие БС_Калининград_Московский 277_.pdf,ИП Герасименок А.А.,,,Герасименок Анатолий Анатольевич,390603126665,,llm_missing,both_missing,mismatch
10647,1df26327-f580-4573-abce-c7e3a68bcb2f,text,1df26327-f580-4573-abce-c7e3a68bcb2f.Счет № 836023 - 368945 от 31.01.2026.pdf,"ПАО ""Мобильные ТелеСистемы""",7740000076,781343001,"ПАО ""МТС""",7740000076,997750001,match,mismatch,mismatch
10652,0d41a41a-c004-44a3-94d2-055beb6f1b12,text,0d41a41a-c004-44a3-94d2-055beb6f1b12.Счет итоговый 19135 (0).pdf,"ПАО ""Кузбассэнергосбыт""",4205109214,420501001,"ПАО ""Кузбассэнергосбыт""",4205109214,775050001,match,mismatch,match
10653,5049d139-b637-4226-8581-5190650af3be,text,5049d139-b637-4226-8581-5190650af3be.Акт №1 - 1 этап Архыз (Карачаево-Черкесск).pdf,ООО «Константа»,7707083893,770701001,"ООО ""Константа""",1001142070,780401001,mismatch,mismatch,match
10657,50faf740-2dca-4e2e-99fb-d8886d7c3053,text,50faf740-2dca-4e2e-99fb-d8886d7c3053.Истекает срок оплаты счета_735136035_22.04.2026.pdf,"ПАО ""МегаФон""",7702000123,770201001,"Поволжский филиал ПАО ""МегаФон""",7812014560,631643002,mismatch,mismatch,match
10662,ddfe1a02-cc82-474a-8fae-9da8ad14f9f6,text,ddfe1a02-cc82-474a-8fae-9da8ad14f9f6.Акт_Назина_ИП.pdf,Индивидуальный предприниматель Назина Ольга Евгеньевна,772791965180,,"ООО ""112""",7707783493,770501001,mismatch,llm_missing,mismatch
10668,af5202dd-60b8-4f4b-9b96-af3cf0ccc617,text,af5202dd-60b8-4f4b-9b96-af3cf0ccc617.Акт №6 от 30.06.2026.pdf,АО «Ростелеком»,7706920000,770692000,"ПАО ""РОССЕТИ ЦЕНТР""",6901067107,997650001,mismatch,mismatch,mismatch
10671,419838bf-8402-4a7e-8544-4456d7147618,text,419838bf-8402-4a7e-8544-4456d7147618.Акт сверки RU20 01.02.2026 - 28.02.2026.PDF,"ООО ""ХАЙДЕЛЬБЕРГЦЕМЕНТ РУС""",5036074848,503607484,"ООО ""ХайдельбергЦемент Рус""",5036074848,470701001,match,mismatch,match
10674,1645b79e-78e1-403b-958a-5d3ec0b35123,text,1645b79e-78e1-403b-958a-5d3ec0b35123.Proforma_Invoice_2BM-7713076301-2012052807251168061080000000000_2BM-7826156685-783801001-201401201117022305126_20260415_396835b6-df85-4299-b153-37b9dbaf4300.pdf,"ООО ""КОМУС""",7721793895,772201001,"ООО ""Деловые Линии""",7826156685,997650001,mismatch,mismatch,mismatch
10680,341146bf-70b1-4dfe-8edf-e28990017a1c,text,341146bf-70b1-4dfe-8edf-e28990017a1c.Истекает срок оплаты счета_735169130_18.02.2026.pdf,"ПАО ""МегаФон""",7702000123,770201001,"Сибирский филиал ПАО ""МегаФон""",7812014560,540643001,mismatch,mismatch,match
10682,acd23ffd-2e2b-4be9-a262-cedfe99f5e48,text,acd23ffd-2e2b-4be9-a262-cedfe99f5e48.АКТ №3 от 31.03.2026.pdf,ȻDSAE>QA9D7B,,,"ПАО ""РОССЕТИ ЦЕНТР""",6901067107,997650001,llm_missing,llm_missing,mismatch
10689,ade416c0-c451-4db2-a857-ba95049c0a0e,text,ade416c0-c451-4db2-a857-ba95049c0a0e.2026_03__PJ002__240790.pdf,"АО ""ПФК""",,,Филиал АО «ПФК»,7731121099,772243001,llm_missing,llm_missing,mismatch
10690,83d53dae-1df0-496e-8d7e-5daa8b763159,text,83d53dae-1df0-496e-8d7e-5daa8b763159.Счет № 903963 - 1 от 28.02.2026.pdf,"Публичное акционерное общество ""Мобильные ТелеСистемы""",7740000076,997750001,"ПАО ""МТС""",7740000076,997750001,match,match,mismatch
10691,00552e50-f121-495e-a22d-59ff88ce034a,text,00552e50-f121-495e-a22d-59ff88ce034a.Счет № 907475 - 2 от 31.03.2026.pdf,"Публичное акционерное общество ""Мобильные ТелеСистемы""",7740000076,997750001,"ПАО ""МТС""",7740000076,997750001,match,match,mismatch
10693,318cab56-7189-4861-b69f-ba5a7a032878,text,318cab56-7189-4861-b69f-ba5a7a032878.Расчет переменной платы Вымпелком.pdf,ООО «Кэвэлри Хаус Ист»,7707083893,770701001,"ООО ""КХ ИСТ""",7839308208,783801001,mismatch,mismatch,match
10694,afa7e695-4f52-4cc3-a603-b944607e0a36,text,afa7e695-4f52-4cc3-a603-b944607e0a36.Акт.pdf,ИП Заборцева Татьяна Юрьевна,324246800140,,Заборцева Татьяна Юрьевна,246005978797,,mismatch,both_missing,match
10697,62091c91-f2a3-4078-8d5f-3dd70d9267ec,text,62091c91-f2a3-4078-8d5f-3dd70d9267ec.Отчет.pdf,МУП Теплоэнергия,,,"АО ""СЕВЕРСТАЛЬ-ИНФОКОМ""",3528007105,352801001,llm_missing,llm_missing,mismatch
10699,6f298f81-d210-4699-a58a-23e08933c1b4,text,6f298f81-d210-4699-a58a-23e08933c1b4.Счет № 1000000697947 - 7382794265 от 31.01.2026.pdf,"ПАО ""МТС""",7740000076,420502001,"ПАО ""МТС""",7740000076,997750001,match,mismatch,match
10701,319af8a5-f399-4d62-b67e-dc116fd1778c,text,319af8a5-f399-4d62-b67e-dc116fd1778c.Истекает срок оплаты счета_735021014_19.03.2026.pdf,"ПАО ""МегаФон""",7702000123,770201001,"Сибирский филиал ПАО ""МегаФон""",7812014560,540643001,mismatch,mismatch,match
10704,bde069ee-d53c-4ba8-9bd8-2792d76c61f1,text,bde069ee-d53c-4ba8-9bd8-2792d76c61f1.Счет № 1000000697947 - 7382833243 от 28.02.2026.pdf,"ПАО ""МТС""",7740000076,420502001,"ПАО ""МТС""",7740000076,997750001,match,mismatch,match
10706,0501cf9c-44bb-45be-9ef1-a0d71b2cb650,text,0501cf9c-44bb-45be-9ef1-a0d71b2cb650.Истекает срок оплаты счета_735011945_25.02.2026.pdf,"ПАО ""МегаФон""",7702000001,770201001,"Дальневосточный филиал ПАО ""МегаФон""",7812014560,272143001,mismatch,mismatch,match
10708,402b90f0-d546-4c2b-88e7-78188e283c11,text,402b90f0-d546-4c2b-88e7-78188e283c11.Proforma_Invoice_2BM-7713076301-2012052807251168061080000000000_2BM-7826156685-783801001-201401201117022305126_20260608_f3eed972-5de5-4030-835b-a3898d7e58c0.pdf,"ООО ""КОМУС""",7721793895,772201001,"ООО ""Деловые Линии""",7826156685,997650001,mismatch,mismatch,mismatch
10722,4e85c518-3038-4ef8-b6a1-a7a4f223f0af,text,4e85c518-3038-4ef8-b6a1-a7a4f223f0af.Истекает срок оплаты счета_735155792_PST_18.02.2026.pdf,"ПАО ""МегаФон""",7702000001,770201001,"Северо-Западный филиал ПАО ""МегаФон""",7812014560,784143001,mismatch,mismatch,match
10726,0ab68104-31d4-49b1-943b-99c2f2f03ed0,text,0ab68104-31d4-49b1-943b-99c2f2f03ed0.Счет № 212302935449 - 6611088171 от 31.05.2026.pdf,"ПАО ""МТС""",7740000076,121543001,"ПАО ""МТС""",7740000076,997750001,match,mismatch,match
10727,c1969701-8c90-4559-ba43-8396dc67ea84,text,"c1969701-8c90-4559-ba43-8396dc67ea84.№61 О согласовании пересечения ВЛИ-0,38 кВ ВОЛС Усолье-Сибирскре - Тулун по ул. Фрунзе в р.п. Куйтун.pdf",ООО Магна,381601442445,,"ООО ""РАДИЙ""",3801146092,772401001,mismatch,llm_missing,mismatch
10728,399d1889-507e-43ac-9be4-67d2555f3ba1,text,399d1889-507e-43ac-9be4-67d2555f3ba1.Proforma_Invoice_2BM-7713076301-2012052807251168061080000000000_2BM-7826156685-783801001-201401201117022305126_20260629_431376a3-21a7-4d44-9dab-e6c6d7c5474d.pdf,"ООО ""КОМУС""",7721793895,772201001,"ООО ""Деловые Линии""",7826156685,997650001,mismatch,mismatch,mismatch
10730,dbfea0f2-d664-43d1-b7a2-f303a7d94579,text,dbfea0f2-d664-43d1-b7a2-f303a7d94579.123093065338_31.05.2026.pdf,"ПАО ""МегаФон""",7812014560,780143001,"Северо-Западный филиал ПАО ""МегаФон""",7812014560,784143001,match,mismatch,match
10743,4df94e57-d9da-4bb3-8a53-ecd6a5430139,text,4df94e57-d9da-4bb3-8a53-ecd6a5430139.2260100013578_docs.pdf,"ООО ""Оранж Бизнес Сервисез""",103771001096,771045608,"ООО ""ОРАНЖ БИЗНЕС СЕРВИСЕЗ""",7710456087,770701001,mismatch,mismatch,match
10747,a76330c9-a64e-4e98-aa19-1f7bd062cf48,text,a76330c9-a64e-4e98-aa19-1f7bd062cf48.Акт к Заказу № 01-03-2026-СТК-ЮГ.pdf,ООО «СТК-Юг»,111230800666,111230800,"ООО ""СТК-Юг""",2308180857,230801001,mismatch,mismatch,match
10750,4d878806-d4bd-4a05-a6d8-374ffb10de97,text,4d878806-d4bd-4a05-a6d8-374ffb10de97.67 Акт приема.pdf,ИП Таурайте Милана Вальдовна,322732500000,,Таурайте Милана Вальдовна,732593719589,,mismatch,both_missing,match
10758,8ec5d85a-79fb-4da7-800e-c1684721aa13,text,8ec5d85a-79fb-4da7-800e-c1684721aa13.Proforma_Invoice_2BM-7713076301-2012052807251168061080000000000_2BM-7826156685-783801001-201401201117022305126_20260416_3d86954b-f911-40dc-b70b-de82a08aacb4.pdf,"ООО ""Деловые Линии""",7713076301,771301001,"ООО ""Деловые Линии""",7826156685,997650001,mismatch,mismatch,match
10764,090de462-90bb-4dae-8e52-f7ffbd730d63,text,090de462-90bb-4dae-8e52-f7ffbd730d63.2260200012777_docs.pdf,"ООО ""Оранж Бизнес Сервисез""",103771001096,771045608,"ООО ""ОРАНЖ БИЗНЕС СЕРВИСЕЗ""",7710456087,770701001,mismatch,mismatch,match
10766,48f0c553-e108-4175-820f-0862d7c45137,text,48f0c553-e108-4175-820f-0862d7c45137.Истекает срок оплаты счета_735011947_19.03.2026.pdf,"ПАО ""МегаФон""",7702000001,770201001,"Дальневосточный филиал ПАО ""МегаФон""",7812014560,272143001,mismatch,mismatch,match
10768,2f64916b-aadb-45e1-9350-aa041b8e62f9,text,2f64916b-aadb-45e1-9350-aa041b8e62f9.2260200017702_docs.pdf,"ООО ""Оранж Бизнес Сервисез""",103771001096,770701001,"ООО ""ОРАНЖ БИЗНЕС СЕРВИСЕЗ""",7710456087,770701001,mismatch,match,match
10773,b7fcb415-9d14-4682-a9c4-f3f273afa03d,text,b7fcb415-9d14-4682-a9c4-f3f273afa03d.Счет итоговый 19135 (0).pdf,"ПАО ""Кузбассэнергосбыт Белово""",4205109214,420501001,"ПАО ""Кузбассэнергосбыт""",4205109214,775050001,match,mismatch,match
10774,79d7f7d5-6f90-442b-9463-1ed040ef1a33,text,79d7f7d5-6f90-442b-9463-1ed040ef1a33.Proforma_Invoice_2BM-7713076301-2012052807251168061080000000000_2BM-7826156685-783801001-201401201117022305126_20260403_ea9ca509-45c3-4de7-9cbb-347e26205ca5.pdf,"ООО ""Деловые Линии""",7713076301,771301001,"ООО ""Деловые Линии""",7826156685,997650001,mismatch,mismatch,match
10779,f2be7d7d-517b-4087-b6f6-4e8a9387fbd8,text,f2be7d7d-517b-4087-b6f6-4e8a9387fbd8.Proforma_Invoice_2BM-7713076301-2012052807251168061080000000000_2BM-7826156685-783801001-201401201117022305126_20260605_5b3aefd4-b0e2-4bbe-8d41-7629fe92f78b.pdf,"ООО ""КОМУС""",7721793895,772201001,"ООО ""Деловые Линии""",7826156685,997650001,mismatch,mismatch,mismatch
10783,a904b729-57c9-4cbc-919d-b968c8c43a64,text,a904b729-57c9-4cbc-919d-b968c8c43a64.Истекает срок оплаты счета_735012004_25.02.2026.pdf,"ПАО ""МегаФон""",7702000123,770201001,"Дальневосточный филиал ПАО ""МегаФон""",7812014560,272143001,mismatch,mismatch,match
10786,89a3163e-53b2-4771-bacc-b66a23cce805,text,89a3163e-53b2-4771-bacc-b66a23cce805.УПД №3208 от 31.05.26.pdf,ООО «ОлимпПлюс»,2312153550,231701001,"ООО ""ОЛИМППЛЮС""",2312153550,237801001,match,mismatch,match
10790,33f0a995-d60e-434d-837e-5a3c42fef554,text,33f0a995-d60e-434d-837e-5a3c42fef554.Истекает срок оплаты счета_735108306_20.05.2026.pdf,"ПАО ""МегаФон""",7702002628,770201001,"Северо-Западный филиал ПАО ""МегаФон""",7812014560,784143001,mismatch,mismatch,match
10791,8b82943e-67b0-40f3-b06b-5099d2b32209,text,8b82943e-67b0-40f3-b06b-5099d2b32209.Истекает срок оплаты счета_735129911_23.06.2026.pdf,"ПАО ""МегаФон""",7707083893,770701001,"Центральный филиал ПАО ""МегаФон""",7812014560,526202001,mismatch,mismatch,match
10793,b38c37a1-f8fb-4b8b-9bae-5b806e6b5e6a,text,b38c37a1-f8fb-4b8b-9bae-5b806e6b5e6a.150028332941_28.02.2026.pdf,"Северо-Западный филиал ПАО ""МегаФон""",7812014560,780143001,"Северо-Западный филиал ПАО ""МегаФон""",7812014560,784143001,match,mismatch,match
10795,e7719028-e72b-4e4d-a75a-02ebde38e4e2,text,e7719028-e72b-4e4d-a75a-02ebde38e4e2.Истекает срок оплаты счета_735037602_28.05.2026.pdf,"ПАО ""МегаФон""",7702002628,770201001,"Уральский филиал ПАО ""МегаФон"".",7812014560,667003001,mismatch,mismatch,match
10803,6a1a1553-3e63-4074-abd4-2f711558335f,text,6a1a1553-3e63-4074-abd4-2f711558335f.Вымпелком ком.услуги март 2026.pdf,"ГАУЗ РТ ""Больница скорой медицинской помощи им. Р.С. Акчурина""",1650201838,165001001,"ГАУЗ РТ ""БСМП""",1650201838,165001001,match,match,mismatch
10805,8b5af992-b47e-4632-b32b-d3b7fef8ecc4,text,8b5af992-b47e-4632-b32b-d3b7fef8ecc4.Истекает срок оплаты счета_735121499_20.05.2026.pdf,"ПАО ""МегаФон""",7707083893,770701001,"Кавказский филиал ПАО ""МегаФон""",7812014560,230802001,mismatch,mismatch,match
10806,0526e207-6917-4adb-96f3-d098305b9955,text,0526e207-6917-4adb-96f3-d098305b9955.22601TU000039_docs.pdf,"ООО ""Оранж Бизнес Сервисез""",103771001096,770701001,"ООО ""ОРАНЖ БИЗНЕС СЕРВИСЕЗ""",7710456087,770701001,mismatch,match,match
10809,c6cd5569-9bcb-4db4-b245-e7d317ed1501,text,c6cd5569-9bcb-4db4-b245-e7d317ed1501.2026_01__D7234__253274 (1).pdf,"ООО ""ПКФ ""РЕГИОН""",,,"ООО ""ГУДВИЛЛ""",7203494830,720301001,llm_missing,llm_missing,mismatch
10811,d24fbd9d-c6d4-4247-a82c-f7d2002efd2b,text,d24fbd9d-c6d4-4247-a82c-f7d2002efd2b.Истекает срок оплаты счета_735089912_18.02.2026.pdf,"ПАО ""МегаФон""",7702000123,770201001,"Уральский филиал ПАО ""МегаФон"".",7812014560,667003001,mismatch,mismatch,match
10821,37cb866a-caf0-4d32-bf04-23f432c0675f,text,37cb866a-caf0-4d32-bf04-23f432c0675f.Proforma_Invoice_2BM-7713076301-2012052807251168061080000000000_2BM-7826156685-783801001-201401201117022305126_20260619_f830bb8b-cca1-4799-9194-7642b9cf69d6.pdf,"ООО ""КОМУС""",7721793895,772201001,"ООО ""Деловые Линии""",7826156685,997650001,mismatch,mismatch,mismatch
10823,12668026-08f5-42aa-b7b7-a96ddd87be11,text,12668026-08f5-42aa-b7b7-a96ddd87be11.АРБП 37325.pdf,АО «Национальная Башенная Компания»,,,"АО ГК ""СЕРВИС-ТЕЛЕКОМ""",9705237140,770501001,llm_missing,llm_missing,mismatch
10826,cdc1c987-4809-4a17-acd7-bcea7e2ac35a,text,cdc1c987-4809-4a17-acd7-bcea7e2ac35a.Ф28 55086_УлО_Криуши_2.pdf,ООО «Арзид»,432027000000,432027000,"ООО ""АРЗИД""",7325151541,732501001,mismatch,mismatch,match
10829,e48a3791-645a-43ce-89b7-b4037006f0cf,text,e48a3791-645a-43ce-89b7-b4037006f0cf.Истекает срок оплаты счета_735110326_22.04.2026.pdf,"ПАО ""МегаФон""",7702000122,770201001,"Сибирский филиал ПАО ""МегаФон""",7812014560,540643001,mismatch,mismatch,match
10830,3349a065-c61d-42ff-aa64-d5834cd79d5b,text,3349a065-c61d-42ff-aa64-d5834cd79d5b.Proforma_Invoice_2BM-7713076301-2012052807251168061080000000000_2BM-7826156685-783801001-201401201117022305126_20260415_d9817be0-f46a-42ee-8bf2-7b0c83e22b02.pdf,"ООО ""КОМУС""",7721793895,772201001,"ООО ""Деловые Линии""",7826156685,997650001,mismatch,mismatch,mismatch
10832,4bdbbb17-871a-42cf-95d9-1605e61ed99d,text,4bdbbb17-871a-42cf-95d9-1605e61ed99d.АКТ №2 от 28.02.2026.pdf,ȻDSAE>QA9D7B,,,"ПАО ""РОССЕТИ ЦЕНТР""",6901067107,997650001,llm_missing,llm_missing,mismatch
10833,30cebca9-af4f-450c-a8f2-2ca4ac6917c5,text,30cebca9-af4f-450c-a8f2-2ca4ac6917c5.2260100012377_docs.pdf,"ООО ""Оранж Бизнес Сервисез""",103771001096,770701001,"ООО ""ОРАНЖ БИЗНЕС СЕРВИСЕЗ""",7710456087,770701001,mismatch,match,match
10835,5cb9673c-5d37-4f31-8be4-4dba5816f5c9,text,5cb9673c-5d37-4f31-8be4-4dba5816f5c9.МТС Стандартный счет на предоплату с 01.01.0001 по 01.01.0001.pdf,"ПАО ""МТС""",7740000076,027602001,"ПАО ""МТС""",7740000076,997750001,match,mismatch,match
10837,8e45718b-64c6-45b6-99f6-e832c1a4519b,text,8e45718b-64c6-45b6-99f6-e832c1a4519b.Счет № 264362884611 - 6568657041 от 31.3.2026.pdf,ПАО «МТС»,7740000076,645202001,"ПАО ""МТС""",7740000076,997750001,match,mismatch,match
10840,64e0a6bd-1c48-417d-8caa-6741053152da,text,64e0a6bd-1c48-417d-8caa-6741053152da.Счет № 544 от 31 мая 2026 года.PDF,ПАО «Канал-Телеком»,7713076301,771301001,"ООО ""ЭКРАН""",3906951787,390601001,mismatch,mismatch,mismatch
10843,e448f5c3-253b-4e37-9de1-7e1f071a3eaa,text,e448f5c3-253b-4e37-9de1-7e1f071a3eaa.2260500013685_docs.pdf,"ООО ""Оранж Бизнес Сервисез""",103771001096,771045608,"ООО ""ОРАНЖ БИЗНЕС СЕРВИСЕЗ""",7710456087,770701001,mismatch,mismatch,match
10847,50bbe5c7-4c39-4295-a976-71aeed2dc306,text,50bbe5c7-4c39-4295-a976-71aeed2dc306.Proforma_Invoice_2BM-7713076301-2012052807251168061080000000000_2BM-7826156685-783801001-201401201117022305126_20260423_12357f62-0dba-4726-b8b0-899aa1c48646.pdf,"ООО ""КОМУС""",7721793895,772201001,"ООО ""Деловые Линии""",7826156685,997650001,mismatch,mismatch,mismatch
10852,8d9daf06-7275-4756-9a7b-03292897f434,text,8d9daf06-7275-4756-9a7b-03292897f434.Истекает срок оплаты счета_735096918_19.03.2026.pdf,"ПАО ""МегаФон""",7702000001,770201001,"ПАО ""МЕГАФОН""",7812014560,997750001,mismatch,mismatch,match
10854,3e03436d-1161-4c91-9dae-fd3b638a93bd,text,3e03436d-1161-4c91-9dae-fd3b638a93bd.Истекает срок оплаты счета_735011945_28.05.2026.pdf,"ПАО ""МегаФон""",7702000001,770201001,"Дальневосточный филиал ПАО ""МегаФон""",7812014560,272143001,mismatch,mismatch,match
10861,db5e6b04-d38f-4467-ad83-52e2142ce54a,text,db5e6b04-d38f-4467-ad83-52e2142ce54a.Расчёт коммуналки апрель 2026.pdf,МУП Теплоэнергия,,,"АО ""СЕВЕРСТАЛЬ-ИНФОКОМ""",3528007105,352801001,llm_missing,llm_missing,mismatch
10865,e09ac659-d58e-45f5-b473-584845fe35b1,text,e09ac659-d58e-45f5-b473-584845fe35b1.Отчет.pdf,МУП Теплоэнергия,,,"АО ""СЕВЕРСТАЛЬ-ИНФОКОМ""",3528007105,352801001,llm_missing,llm_missing,mismatch
10870,8f14a79b-ff12-4472-8f25-b1ba3db24a78,text,8f14a79b-ff12-4472-8f25-b1ba3db24a78.Proforma_Invoice_2BM-7713076301-2012052807251168061080000000000_2BM-7826156685-783801001-201401201117022305126_20260504_63f19cbf-b09a-4fa8-a5e6-4f7049d2f076.pdf,"ООО ""КОМУС""",7826156685,997650001,"ООО ""Деловые Линии""",7826156685,997650001,match,match,mismatch
10875,b9a7379f-8be8-4d48-88c8-cf08bb081d28,text,b9a7379f-8be8-4d48-88c8-cf08bb081d28.Акт №1 - 2 этап Ельники.pdf,ООО «Константа»,7707083893,770701001,"ООО ""Константа""",1001142070,780401001,mismatch,mismatch,match
10880,01f290f2-35e6-4009-bc5f-78ae9c9e56a6,text,"01f290f2-35e6-4009-bc5f-78ae9c9e56a6.Акт приема-передачи г. Сокол, ул. Советская, д. 87, Рынок.pdf",ООО «ВЕРТЕКС»,7707083893,770701001,"ООО ""ВЕРТЕКС""",6686080255,667801001,mismatch,mismatch,match
10882,8c307f55-2634-4f5c-8501-4938280c261b,text,8c307f55-2634-4f5c-8501-4938280c261b.АКТ.pdf,Пузырев А.С.,319645100039,,Пузырев Арсений Сергеевич,641901849690,,mismatch,both_missing,mismatch
10883,39760eae-5173-4684-a2be-7bcb649e9dc3,text,39760eae-5173-4684-a2be-7bcb649e9dc3.Истекает срок оплаты счета_735176759_20.05.2026.pdf,"ПАО ""МегаФон""",7702000122,770201001,"Сибирский филиал ПАО ""МегаФон""",7812014560,540643001,mismatch,mismatch,match
10887,9b6f4353-7bcb-4f49-8f7a-d45f317f30d9,text,9b6f4353-7bcb-4f49-8f7a-d45f317f30d9.Акт к Заказу № 03-01-2026-СТК-ЮГ.pdf,ООО «СТК-Юг»,111230800666,111230800,"ООО ""СТК-Юг""",2308180857,230801001,mismatch,mismatch,match
10888,953b3f55-56ec-4b54-b465-6f92d21509bd,text,953b3f55-56ec-4b54-b465-6f92d21509bd.Ф28 54177 УлО_Дмтр_Толстого-53.pdf,ООО «Арзид»,432027000111,432001001,"ООО ""АРЗИД""",7325151541,732501001,mismatch,mismatch,match
10889,b05955e4-0e84-4d73-8974-779842499706,text,b05955e4-0e84-4d73-8974-779842499706.Proforma_Invoice_2BM-7713076301-2012052807251168061080000000000_2BM-7826156685-783801001-201401201117022305126_20260603_4bf30049-01db-46e9-b97b-560b0e465066.pdf,"ООО ""КОМУС""",7826156685,997650001,"ООО ""Деловые Линии""",7826156685,997650001,match,match,mismatch
10890,fb699bee-61b0-465f-ba5c-90727da4a031,text,fb699bee-61b0-465f-ba5c-90727da4a031.2026_04__ПФ0225019__254537.pdf,ИП ПАНКРАТОВА ЮЛИЯ ИЛЬИНИЧНА,7701000000,770100000,Асылгараев Ильдар Рабиясович,165057951554,,mismatch,edo_missing,mismatch
10891,47b5dbd7-182e-4200-b82b-505fa4de0e1a,text,47b5dbd7-182e-4200-b82b-505fa4de0e1a.173092591775_31.03.2026.pdf,"Северо-Западный филиал ПАО ""МегаФон""",7812014560,780143001,"Северо-Западный филиал ПАО ""МегаФон""",7812014560,784143001,match,mismatch,match
10894,95710aa5-5f08-41af-abe6-c52059da78fc,text,95710aa5-5f08-41af-abe6-c52059da78fc.Истекает срок оплаты счета_735110818_19.03.2026.pdf,"ПАО ""МегаФон""",7702000122,770201001,"Северо-Западный филиал ПАО ""МегаФон""",7812014560,784143001,mismatch,mismatch,match
10897,b42d94c4-532b-4591-be76-0fbf3dc3c542,text,b42d94c4-532b-4591-be76-0fbf3dc3c542.МТС Стандартный счет на предоплату с 01.01.0001 по 01.01.0001.pdf,"ПАО ""МТС""",7740000076,027602001,"ПАО ""МТС""",7740000076,997750001,match,mismatch,match
10899,ea225366-edd8-424d-9d37-bf00e212c4dc,text,ea225366-edd8-424d-9d37-bf00e212c4dc.УПД №26033101252_02_201 от 31.03.26.pdf,"Акционерное общество ""ЭНЕРГОСБЫТОВАЯ КОМПАНИЯ ""ВОСТОК""",7705424509,720344001,"ПОУ ""ТОБОЛЬСКАЯ АВТОМОБИЛЬНАЯ ШКОЛА ДОСААФ РОССИИ""",7206005911,720601001,mismatch,mismatch,mismatch
10904,d1302027-93c5-4ed4-a51b-4a6d96013339,text,d1302027-93c5-4ed4-a51b-4a6d96013339.АКТ.pdf,Пузырев А.С.,319645100039,,Пузырев Арсений Сергеевич,641901849690,,mismatch,both_missing,mismatch
10906,00af195a-6589-4951-84f7-6eb5369f00fc,text,00af195a-6589-4951-84f7-6eb5369f00fc.Истекает срок оплаты счета_735098610_18.02.2026.pdf,"ПАО ""МегаФон""",7702000123,770201001,"Уральский филиал ПАО ""МегаФон"".",7812014560,667003001,mismatch,mismatch,match
10907,b54b3e19-73a2-456d-859b-b391b89d573c,text,b54b3e19-73a2-456d-859b-b391b89d573c.2260500012777_docs.pdf,"ООО ""Оранж Бизнес Сервисез""",103771001096,770701001,"ООО ""ОРАНЖ БИЗНЕС СЕРВИСЕЗ""",7710456087,770701001,mismatch,match,match
10912,af4ba82c-6fa1-42ac-8eb7-86e04c48a784,text,af4ba82c-6fa1-42ac-8eb7-86e04c48a784.Proforma_Invoice_2BM-7713076301-2012052807251168061080000000000_2BM-7826156685-783801001-201401201117022305126_20260625_f7367283-e3d3-48e7-ab29-00e4fb04f7ac.pdf,"ООО ""КОМУС""",7721793895,772201001,"ООО ""Деловые Линии""",7826156685,997650001,mismatch,mismatch,mismatch
10915,58e2ba6f-66f6-49f1-b5fb-6d49ca71cf9d,text,58e2ba6f-66f6-49f1-b5fb-6d49ca71cf9d.Счет № 832215 - 1 от 31.12.2025.pdf,"ПАО ""Мобильные ТелеСистемы""",7740000076,781343001,"ПАО ""МТС""",7740000076,997750001,match,mismatch,mismatch
10916,8765a070-17ab-4776-a72d-5f57dad8e97d,text,8765a070-17ab-4776-a72d-5f57dad8e97d.Клиентский счёт.pdf,ПАО «МТС»,7740000076,668543001,"ПАО ""МТС""",7740000076,997750001,match,mismatch,match
10918,41f4cc7d-6db0-4e08-9363-1c4085150249,text,41f4cc7d-6db0-4e08-9363-1c4085150249.Истекает срок оплаты счета_735126748_18.02.2026.pdf,"ПАО ""МегаФон""",7702000001,770201001,"ПАО ""МЕГАФОН""",7812014560,997750001,mismatch,mismatch,match
10921,5b804876-b524-4a41-9926-40ad2958471f,text,5b804876-b524-4a41-9926-40ad2958471f.Истекает срок оплаты счета_735035858_19.03.2026.pdf,"ПАО ""МегаФон""",7702000123,770201001,"ПАО ""МЕГАФОН""",7812014560,997750001,mismatch,mismatch,match
10922,0d3aa2a6-c4cc-4027-8bea-2e80c17912e1,text,0d3aa2a6-c4cc-4027-8bea-2e80c17912e1.2260300014136D_docs.pdf,"ООО ""Оранж Бизнес Сервисез""",103771001096,770701001,"ООО ""ОРАНЖ БИЗНЕС СЕРВИСЕЗ""",7710456087,770701001,mismatch,match,match
10927,c802024c-de16-4650-a072-d138634b6b61,text,c802024c-de16-4650-a072-d138634b6b61.6 Вымпелком.pdf,ООО «Газпром трансгаз Казань»,7707083893,770701001,"ООО ""Газпром трансгаз Казань""",1600000036,168150001,mismatch,mismatch,match
10929,a8e29ccf-dd1d-43f9-98a3-09e3ba310a4d,text,a8e29ccf-dd1d-43f9-98a3-09e3ba310a4d.Proforma_Invoice_2BM-7713076301-2012052807251168061080000000000_2BM-7826156685-783801001-201401201117022305126_20260423_7d52f43e-c87e-483a-a9da-ad1f428fcdfb.pdf,"ООО ""КОМУС""",7826156685,997650001,"ООО ""Деловые Линии""",7826156685,997650001,match,match,mismatch
10930,48787206-4f1b-49e2-b5ff-010cea48fadb,text,48787206-4f1b-49e2-b5ff-010cea48fadb.2260400014206_docs.pdf,"ООО ""Оранж Бизнес Сервисез""",103771001096,771045608,"ООО ""ОРАНЖ БИЗНЕС СЕРВИСЕЗ""",7710456087,770701001,mismatch,mismatch,match
10934,cd06023a-b841-413f-8ae3-ac59327bd0cd,text,cd06023a-b841-413f-8ae3-ac59327bd0cd.2251200015727_docs.pdf,"ООО ""Оранж Бизнес Сервисез""",103771001096,770701001,"ООО ""ОРАНЖ БИЗНЕС СЕРВИСЕЗ""",7710456087,770701001,mismatch,match,match
10945,d6fdfe4c-331d-4d5b-a086-d4cfffd1fd2d,text,d6fdfe4c-331d-4d5b-a086-d4cfffd1fd2d.Истекает срок оплаты счета_290154813321_25.05.2026.pdf,"ПАО ""МегаФон""",7702000122,770201001,"ПАО ""МЕГАФОН""",7812014560,997750001,mismatch,mismatch,match
10948,c881b8bd-c516-446d-b73f-d02038c8db51,text,c881b8bd-c516-446d-b73f-d02038c8db51.Proforma_Invoice_2BM-7713076301-2012052807251168061080000000000_2BM-7826156685-783801001-201401201117022305126_20260630_d7eb939a-4834-4ba3-a8be-955db4051919.pdf,"ООО ""КОМУС""",7721793895,772201001,"ООО ""Деловые Линии""",7826156685,997650001,mismatch,mismatch,mismatch
10951,779a9c05-c59f-4eec-9bdd-aca656a64821,text,779a9c05-c59f-4eec-9bdd-aca656a64821.Истекает срок оплаты счета_735111858_22.04.2026.pdf,"ПАО ""МегаФон""",7707089567,770701001,"Поволжский филиал ПАО ""МегаФон""",7812014560,631643002,mismatch,mismatch,match
10954,9f65001e-32db-4ab0-95c0-fce7e89b9fc3,text,9f65001e-32db-4ab0-95c0-fce7e89b9fc3.Истекает срок оплаты счета_735126856_23.06.2026.pdf,"ПАО ""МегаФон""",7707083893,770701001,"ПАО ""МЕГАФОН""",7812014560,997750001,mismatch,mismatch,match
10957,f51b7be8-c295-4731-b72f-387b310f0083,text,f51b7be8-c295-4731-b72f-387b310f0083.130032606157_30.04.2026.pdf,"ПАО ""МегаФон""",7812014560,780143001,"Северо-Западный филиал ПАО ""МегаФон""",7812014560,784143001,match,mismatch,match
10958,1df3de56-27f2-49bd-82a4-8e48a8c4d2fb,text,1df3de56-27f2-49bd-82a4-8e48a8c4d2fb.Proforma_Invoice_2BM-7713076301-2012052807251168061080000000000_2BM-7826156685-783801001-201401201117022305126_20260611_a4727899-b208-42da-a05a-bf488ddff18b.pdf,"ООО ""КОМУС""",7721793895,772201001,"ООО ""Деловые Линии""",7826156685,997650001,mismatch,mismatch,mismatch
10959,46114506-b561-42a4-a82e-28ae59024069,text,46114506-b561-42a4-a82e-28ae59024069.68 Акт приема.pdf,ИП Таурайте Милана Вальдовна,322732500000,,Таурайте Милана Вальдовна,732593719589,,mismatch,both_missing,match
10960,9f772d97-de6b-4e94-9b4e-34d065b9e5cf,text,9f772d97-de6b-4e94-9b4e-34d065b9e5cf.ВымпелКом эл.энер.ноябрь счет.PDF,ООО «Вимм-Билль-Данн»,7713076301,271301001,"АО ""ВОЛГОГРАД-БАКАЛЕЯ""",3443010772,344301001,mismatch,mismatch,mismatch
10963,7b720e4f-e26d-4ff0-a16d-f28c9f86cb99,text,7b720e4f-e26d-4ff0-a16d-f28c9f86cb99.123093065338_31.01.2026.pdf,"ПАО ""МегаФон""",7812014560,780143001,"Северо-Западный филиал ПАО ""МегаФон""",7812014560,784143001,match,mismatch,match
10969,6d22dd21-9954-4b89-b790-b3883025f45c,text,6d22dd21-9954-4b89-b790-b3883025f45c.Proforma_Invoice_2BM-7713076301-2012052807251168061080000000000_2BM-7826156685-783801001-201401201117022305126_20260615_4c4b7f96-a69b-4943-9b52-79b0c237a232.pdf,"ООО ""КОМУС""",7721793895,772201001,"ООО ""Деловые Линии""",7826156685,997650001,mismatch,mismatch,mismatch
10972,5b2ba847-1b98-4ce5-9509-cd53f9e3c7d0,text,5b2ba847-1b98-4ce5-9509-cd53f9e3c7d0.Истекает срок оплаты счета_735166468_PST_18.02.2026.pdf,"ПАО ""МегаФон""",7702000001,770201001,"Северо-Западный филиал ПАО ""МегаФон""",7812014560,784143001,mismatch,mismatch,match
10982,6ec07223-61e2-402d-96ee-829152278234,text,6ec07223-61e2-402d-96ee-829152278234.Акт и счет.PDF,АО «А1»,7704525593,301010102,"ООО ""НТТ""",3702062846,370201001,mismatch,mismatch,mismatch
10983,cb62f6b2-0702-4af0-bd85-89b1c03d4dbf,text,cb62f6b2-0702-4af0-bd85-89b1c03d4dbf.Истекает срок оплаты счета_735111018_20.05.2026.pdf,"ПАО ""МегаФон""",7703000122,770301001,"Северо-Западный филиал ПАО ""МегаФон""",7812014560,784143001,mismatch,mismatch,match
10984,60ce522d-7e06-455c-94b8-9593eece17d1,text,60ce522d-7e06-455c-94b8-9593eece17d1.АРБП 56275 n.pdf,ООО «РЕНТАЛ МОБАЙЛ»,,,"ООО ""НОРД-КОМ""",5262215891,526201001,llm_missing,llm_missing,mismatch
10993,482db407-b7ef-48f8-8526-acd50b8beaf4,text,482db407-b7ef-48f8-8526-acd50b8beaf4.вымпелком 01.26.pdf,ООО СтроРесурс,4632037115,463201001,"ООО ТК ""СТРОЙРЕСУРС""",4632037115,463201001,match,match,mismatch
10996,ca2f3002-d338-469a-803c-c80aa90ff005,text,ca2f3002-d338-469a-803c-c80aa90ff005.67 Акт приема.pdf,ИП Таурайте Милана Вальдовна,322732500000,,Таурайте Милана Вальдовна,732593719589,,mismatch,both_missing,match
10997,1cdab179-035a-4571-ae67-38859ed91142,text,1cdab179-035a-4571-ae67-38859ed91142.2602_7713076301_482545001_848000008676_detkr_11.pdf,"АО КБ ""СИТИБАНК""",,,"Макрорегиональный филиал ""Центр"" ПАО ""Ростелеком""",7707049388,773443001,llm_missing,llm_missing,mismatch
11001,7b22b9f9-5f73-4e88-9fdf-77c544fc8b42,text,7b22b9f9-5f73-4e88-9fdf-77c544fc8b42.Истекает срок оплаты счета_735110326_20.05.2026.pdf,"ПАО ""МегаФон""",7702000122,770201001,"Сибирский филиал ПАО ""МегаФон""",7812014560,540643001,mismatch,mismatch,match
11016,cf8d82db-23ae-444c-8805-4bafdbe38489,text,cf8d82db-23ae-444c-8805-4bafdbe38489.75 Акт приема.pdf,ИП Таурайте Милана Вальдовна,322732500000,,Таурайте Милана Вальдовна,732593719589,,mismatch,both_missing,match
11018,a639910e-2847-4e3d-9022-630a64361416,text,a639910e-2847-4e3d-9022-630a64361416.Ф28 50029 Сенгилей.pdf,ООО «Арзид»,432027000000,432027000,"ООО ""АРЗИД""",7325151541,732501001,mismatch,mismatch,match
11019,fdfb078e-f8d3-4c6c-a86d-954d89aefce1,text,fdfb078e-f8d3-4c6c-a86d-954d89aefce1.2260300017015_docs.pdf,"ООО ""Оранж Бизнес Сервисез""",103771001096,770701001,"ООО ""ОРАНЖ БИЗНЕС СЕРВИСЕЗ""",7710456087,770701001,mismatch,match,match
11021,ddf0db07-a915-45d8-8087-6590e9e28fb7,text,ddf0db07-a915-45d8-8087-6590e9e28fb7.Акт Красный Кут от 03.02.2026.pdf,ИП Ленинг В.А.,,,ИП Ленинг Виталий Александрович,561006528520,,llm_missing,both_missing,mismatch
11024,cbafb109-9058-42eb-9148-697f20b41b62,text,cbafb109-9058-42eb-9148-697f20b41b62.Proforma_Invoice_2BM-7713076301-2012052807251168061080000000000_2BM-7826156685-783801001-201401201117022305126_20260408_e72b9111-93d2-4152-a013-83549a34dc57.pdf,"ООО ""Деловые Линии""",7713076301,771301001,"ООО ""Деловые Линии""",7826156685,997650001,mismatch,mismatch,match
11025,c16a6c01-afc5-4f6a-94a3-ebfe5fef491f,text,c16a6c01-afc5-4f6a-94a3-ebfe5fef491f.Истекает срок оплаты счета_735012804_19.03.2026.pdf,"ПАО ""МегаФон""",7702000122,770201001,"Центральный филиал ПАО ""МегаФон""",7812014560,526202001,mismatch,mismatch,match
11026,44b8b3f6-5074-4539-a2e2-4a3324008fe8,text,44b8b3f6-5074-4539-a2e2-4a3324008fe8.Ф28 55285 - УЛ_Рябикова-12.pdf,ООО «Арзид»,432027000100,432027000,"ООО ""АРЗИД""",7325151541,732501001,mismatch,mismatch,match
11033,1b41bedf-0400-4912-94a2-bf05f17f1399,text,1b41bedf-0400-4912-94a2-bf05f17f1399.Proforma_Invoice_2BM-7713076301-2012052807251168061080000000000_2BM-7826156685-783801001-201401201117022305126_20260608_9d0495c5-330d-435c-9912-4cf052241b3c.pdf,"ООО ""Деловые Линии""",7713076301,771301001,"ООО ""Деловые Линии""",7826156685,997650001,mismatch,mismatch,match
11036,197fb6a5-4530-4ae9-aa6e-cfa794e64e98,text,197fb6a5-4530-4ae9-aa6e-cfa794e64e98.Истекает срок оплаты счета_735176825_20.05.2026.pdf,"ПАО ""МегаФон""",7702002623,770201001,"Поволжский филиал ПАО ""МегаФон""",7812014560,631643002,mismatch,mismatch,match
11039,024a14e3-a9c1-48e6-a6f0-8de6e281a0b0,text,024a14e3-a9c1-48e6-a6f0-8de6e281a0b0.Истекает срок оплаты счета_735114760_20.05.2026.pdf,"ПАО ""МегаФон""",7702000122,770201001,"Уральский филиал ПАО ""МегаФон"".",7812014560,667003001,mismatch,mismatch,match
11044,7d2572e2-4bf7-4d8c-8b69-b2d10dffc6c4,text,7d2572e2-4bf7-4d8c-8b69-b2d10dffc6c4.Proforma_Invoice_2BM-7713076301-2012052807251168061080000000000_2BM-7826156685-783801001-201401201117022305126_20260605_62c44696-9fad-4b1c-a583-5ba62b7be331.pdf,"ООО ""КОМУС""",7721793895,772201001,"ООО ""Деловые Линии""",7826156685,997650001,mismatch,mismatch,mismatch
11046,56300843-ac70-47c1-902b-13feaffc341a,text,56300843-ac70-47c1-902b-13feaffc341a.173092591775_28.02.2026.pdf,"Северо-Западный филиал ПАО ""МегаФон""",7812014560,780143001,"Северо-Западный филиал ПАО ""МегаФон""",7812014560,784143001,match,mismatch,match
11050,5d897791-f60d-40ee-9c93-6fd35fe1668d,text,5d897791-f60d-40ee-9c93-6fd35fe1668d.Истекает срок оплаты счета_735011947_28.05.2026.pdf,"ПАО ""МегаФон""",7702000123,770201001,"Дальневосточный филиал ПАО ""МегаФон""",7812014560,272143001,mismatch,mismatch,match
11051,56d9eda5-60bd-4259-a5c8-88467df47331,text,56d9eda5-60bd-4259-a5c8-88467df47331.Истекает срок оплаты счета_735120549_22.04.2026.pdf,"ПАО ""МегаФон""",7707089522,770701001,"Поволжский филиал ПАО ""МегаФон""",7812014560,631643002,mismatch,mismatch,match
11054,4e9e4bda-ecd4-44e6-a746-28776cb657fa,text,4e9e4bda-ecd4-44e6-a746-28776cb657fa.Счет итоговый 19135 (0).pdf,"ПАО ""Кузбассэнергосбыт""",4205109214,420501001,"ПАО ""Кузбассэнергосбыт""",4205109214,775050001,match,mismatch,match
11059,7799add7-d2d5-431b-8cd8-0ad9608f80e0,text,7799add7-d2d5-431b-8cd8-0ad9608f80e0.Истекает срок оплаты счета_323152200003_25.03.2026.pdf,"ПАО ""МегаФон""",7702002628,770201001,"Центральный филиал ПАО ""МегаФон""",7812014560,526202001,mismatch,mismatch,match
11060,440e9d4a-a408-4240-846b-030f33297a4a,text,440e9d4a-a408-4240-846b-030f33297a4a.Истекает срок оплаты счета_735122841_20.05.2026.pdf,"ПАО ""МегаФон""",7702002628,770201001,"Сибирский филиал ПАО ""МегаФон""",7812014560,540643001,mismatch,mismatch,match
11062,30e56925-28c4-4b3e-8b22-9f9241f02ea2,text,30e56925-28c4-4b3e-8b22-9f9241f02ea2.Истекает срок оплаты счета_735009689_25.02.2026.pdf,"ПАО ""МегаФон""",7702000123,770201001,"ПАО ""МЕГАФОН""",7812014560,997750001,mismatch,mismatch,match
11074,e21f1c85-c595-4adf-a14d-d84a1c4c762a,text,e21f1c85-c595-4adf-a14d-d84a1c4c762a.МТС Стандартный счет на предоплату с 01.01.0001 по 01.01.0001.pdf,"ПАО ""МТС""",7740000076,027602001,"ПАО ""МТС""",7740000076,997750001,match,mismatch,match
11075,cd1ac3a7-e5f6-43fd-88e7-de786f4fc082,text,cd1ac3a7-e5f6-43fd-88e7-de786f4fc082.Истекает срок оплаты счета_735122841_22.04.2026.pdf,"ПАО ""МегаФон""",7707083893,770701001,"Сибирский филиал ПАО ""МегаФон""",7812014560,540643001,mismatch,mismatch,match
11076,264fd54e-0fac-470a-bc9e-e8c5f6d176c8,text,264fd54e-0fac-470a-bc9e-e8c5f6d176c8.Proforma_Invoice_2BM-7713076301-2012052807251168061080000000000_2BM-7826156685-783801001-201401201117022305126_20260603_0e28a7cf-85d2-452d-8930-20408cc0c0aa.pdf,"ООО ""КОМУС""",7721793895,772201001,"ООО ""Деловые Линии""",7826156685,997650001,mismatch,mismatch,mismatch
11081,80cb6e75-0ed5-4e7a-9ed8-d7596cf2b71d,text,80cb6e75-0ed5-4e7a-9ed8-d7596cf2b71d.2603_7713076301_997750001_836000001128_detkr_1.pdf,Г-ВО РОССИЙСКАЯ ФЕДЕРАЦИЯ ОБЛ ВОРОНЕЖСКАЯ Г.Воронеж УЛ.КОМИССАРЖЕВСКОЙ д.10,,,"Макрорегиональный филиал ""Центр"" ПАО ""Ростелеком""",7707049388,773443001,llm_missing,llm_missing,mismatch
11082,cbc2146f-d69c-42f4-afe2-7fef9c42cf02,text,cbc2146f-d69c-42f4-afe2-7fef9c42cf02.Письмо № 36 от 17 05 2026-Вымпел-Ком-подписание за март и май 2026.pdf,ФИЛИАЛ ОАО «РЖД»ДИРЕЦИЯ ЖЕЛЕЗНОДОРОЖНОГО ТРАНСПОРТА ЗАПАДНО-СИБИРСКАЯ РЕГИОНАЛЬНАЯ,,,Дирекция железнодорожных вокзалов – филиал ОАО «РЖД»,7708503727,770943001,llm_missing,llm_missing,mismatch
11086,fb2423aa-7e05-4fa7-a676-c733f4ba0b37,text,fb2423aa-7e05-4fa7-a676-c733f4ba0b37.Proforma_Invoice_2BM-7713076301-2012052807251168061080000000000_2BM-7826156685-783801001-201401201117022305126_20260508_8e05f6c7-4f49-407f-8942-97697d0af571.pdf,"ООО ""КОМУС""",7721793895,772201001,"ООО ""Деловые Линии""",7826156685,997650001,mismatch,mismatch,mismatch
11091,56ddcf42-f7f0-4b03-af10-e3eb9745cf29,text,56ddcf42-f7f0-4b03-af10-e3eb9745cf29.Proforma_Invoice_2BM-7713076301-2012052807251168061080000000000_2BM-7826156685-783801001-201401201117022305126_20260413_6030e6de-9866-4ee8-aa12-5c338214e235.pdf,"ООО ""КОМУС""",7721793895,772201001,"ООО ""Деловые Линии""",7826156685,997650001,mismatch,mismatch,mismatch
11093,9c989440-f30b-48bf-b725-7a06eff6dc96,text,9c989440-f30b-48bf-b725-7a06eff6dc96.55104 Красный Гуляй - Форма 28_акт допуска электроустановки.pdf,ООО «Альянс Телеком»,410000000000,410000000,"ООО ""АЛЬЯНС ТЕЛЕКОМ""",6450079731,645001001,mismatch,mismatch,match
11098,56debc88-7e45-4c2d-a92c-941d72e16e9e,text,56debc88-7e45-4c2d-a92c-941d72e16e9e.Истекает срок оплаты счета_735011945_19.03.2026.pdf,"ПАО ""МегаФон""",7702000122,770201001,"Дальневосточный филиал ПАО ""МегаФон""",7812014560,272143001,mismatch,mismatch,match
11100,3d4a5437-8ee4-4b8f-8444-a4b45c511b82,text,3d4a5437-8ee4-4b8f-8444-a4b45c511b82.Истекает срок оплаты счета_735145958_20.05.2026.pdf,"ПАО ""МегаФон""",7702000122,770201001,"Кавказский филиал ПАО ""МегаФон""",7812014560,230802001,mismatch,mismatch,match
11102,c1ad5113-2455-47f2-a971-ede2ad7bd765,text,c1ad5113-2455-47f2-a971-ede2ad7bd765.Истекает срок оплаты счета_735030290_19.03.2026.pdf,"ПАО ""МегаФон""",7702000123,770201001,"Поволжский филиал ПАО ""МегаФон""",7812014560,631643002,mismatch,mismatch,match
11104,706088c9-a261-4f5f-bc2a-dea75fb6bc16,text,706088c9-a261-4f5f-bc2a-dea75fb6bc16.ВымпелКом (переменка) от 31.03.2026г..pdf,"ООО ТК ""Петровско-Разумовский""",1310107201,,"ООО ТК ""ПЕТРОВСКО-РАЗУМОВСКИЙ""",7713551532,771301001,mismatch,llm_missing,match
11105,030a3a2b-9b09-47f0-9c59-1448aba414db,text,030a3a2b-9b09-47f0-9c59-1448aba414db.51537 АРБП .pdf,АО ГК «СЕРВИС-ТЕЛЕКОМ»,115184000000,115184000,"ООО ""НОРД-КОМ""",5262215891,526201001,mismatch,mismatch,mismatch
11107,a7ca894a-749c-4343-ad2a-91fc1e063770,text,a7ca894a-749c-4343-ad2a-91fc1e063770._Акт ПУ 55919.pdf,АО ГК «Сервис-Телеком»,,,"ООО ""ЭТАЛОНСТРОЙСВЯЗЬ""",7325112221,732501001,llm_missing,llm_missing,mismatch
11111,5e5a61da-a3f5-47eb-a453-d46e72d6d6d9,text,5e5a61da-a3f5-47eb-a453-d46e72d6d6d9.Уведомление об изменении юр. адреса и КПП ООО Эникеи_.pdf,ООО «Ростелеком»,7722010010,772201001,"ООО ""ЭНИКЕЙ""",5029290277,502901001,mismatch,mismatch,mismatch
11112,6d3f9219-6a2a-4e6f-a01f-a153ba1287bd,text,6d3f9219-6a2a-4e6f-a01f-a153ba1287bd.2603_7713076301_997750001_836000001128_detkr_11.pdf,ЦЕНТРАЛЬНО-ЧЕРНОЗЕМНЫЙ БАНК ПАО СБЕРБАНК,,,"Макрорегиональный филиал ""Центр"" ПАО ""Ростелеком""",7707049388,773443001,llm_missing,llm_missing,mismatch
11113,ddf06077-ac35-489e-9e40-1afb8cc4a4b6,text,ddf06077-ac35-489e-9e40-1afb8cc4a4b6.Счет № 218307385611 - 6611056380 от 31.05.2026.pdf,ПАО «МТС»,7740000076,183502001,"ПАО ""МТС""",7740000076,997750001,match,mismatch,match
11124,7d166c73-96b6-444a-9772-ae4b8063f401,text,7d166c73-96b6-444a-9772-ae4b8063f401.Истекает срок оплаты счета_735176759_23.06.2026.pdf,"ПАО ""МегаФон""",7702000001,770201001,"Сибирский филиал ПАО ""МегаФон""",7812014560,540643001,mismatch,mismatch,match
11125,ab0406d6-0dde-479d-afff-2d29c1ddb965,text,ab0406d6-0dde-479d-afff-2d29c1ddb965.Счет № 266389777155 - 6568663008 от 31.3.2026.pdf,ПАО «МТС»,7740000076,668543001,"ПАО ""МТС""",7740000076,997750001,match,mismatch,match
11128,3be5b1f8-9961-40af-a84d-b1ea14f4e235,text,3be5b1f8-9961-40af-a84d-b1ea14f4e235.Счет № 60308001836 - 7382970814 от 31.05.2026.pdf,"ПАО ""МТС""",7740000076,561002001,"ПАО ""МТС""",7740000076,997750001,match,mismatch,match
11130,1a6b52a8-dff9-477d-8420-d15630e00da3,text,1a6b52a8-dff9-477d-8420-d15630e00da3.Proforma_Invoice_2BM-7713076301-2012052807251168061080000000000_2BM-7826156685-783801001-201401201117022305126_20260604_f691c678-b81d-435f-a6c7-c9671a672221.pdf,"ООО ""КОМУС""",7721793895,772201001,"ООО ""Деловые Линии""",7826156685,997650001,mismatch,mismatch,mismatch
11131,eaed8fc7-2fbd-48bc-a1d9-ff28d63266b6,text,eaed8fc7-2fbd-48bc-a1d9-ff28d63266b6.Proforma_Invoice_2BM-7713076301-2012052807251168061080000000000_2BM-7826156685-783801001-201401201117022305126_20260609_c69ed4e1-4a9f-44a2-b12d-cdfb8eeffbf8.pdf,"ООО ""КОМУС""",7721793895,772201001,"ООО ""Деловые Линии""",7826156685,997650001,mismatch,mismatch,mismatch
11132,5616b5ce-951b-4958-86ae-8380e48dac3b,text,5616b5ce-951b-4958-86ae-8380e48dac3b.2026_03__D7234__253274.pdf,"ООО ""ПКФ ""РЕГИОН""",,,"ООО ""ГУДВИЛЛ""",7203494830,720301001,llm_missing,llm_missing,mismatch
11135,2e9c306e-1d1b-4499-a0d7-b7c06cc969d2,text,2e9c306e-1d1b-4499-a0d7-b7c06cc969d2.Письмо об оплате задолженности № 39 от 05 февраля 2026 г.pdf,"ООО КОМПАНИЯ ""ГАРАНТСТРОЙ""",6679110300,668601001,"ООО КОМПАНИЯ ""ГАРАНТСТРОЙ""",6679110300,667801001,match,mismatch,match
11138,aab73448-c62b-4eb8-8d6f-51b845704296,text,aab73448-c62b-4eb8-8d6f-51b845704296.Proforma_Invoice_2BM-7713076301-2012052807251168061080000000000_2BM-7826156685-783801001-201401201117022305126_20260603_90c07a5c-4389-4e7d-8e20-f26692fdcef9.pdf,"ООО ""КОМУС""",7721793895,772201001,"ООО ""Деловые Линии""",7826156685,997650001,mismatch,mismatch,mismatch
11145,22038920-6857-43ce-b905-550fef6fe872,text,22038920-6857-43ce-b905-550fef6fe872.2260300015597_docs.pdf,"ООО ""Оранж Бизнес Сервисез""",103771001096,770701001,"ООО ""ОРАНЖ БИЗНЕС СЕРВИСЕЗ""",7710456087,770701001,mismatch,match,match
11153,ed7470cb-1c76-4f3f-b917-5569d0f9857f,text,ed7470cb-1c76-4f3f-b917-5569d0f9857f.Истекает срок оплаты счета_735126643_23.06.2026.pdf,"ПАО ""МегаФон""",7702002628,770201001,"Поволжский филиал ПАО ""МегаФон""",7812014560,631643002,mismatch,mismatch,match
11155,a30f4ea5-44d1-4bdc-938a-e4c8e5e08fcb,text,a30f4ea5-44d1-4bdc-938a-e4c8e5e08fcb.Истекает срок оплаты счета_735089036_22.04.2026.pdf,"ПАО ""МегаФон""",7702000122,770201001,"Кавказский филиал ПАО ""МегаФон""",7812014560,230802001,mismatch,mismatch,match
11158,f27dd2af-9948-4726-adae-5bfccdaa77b6,text,f27dd2af-9948-4726-adae-5bfccdaa77b6.Расчет возмещения ком. услуг за апрель 2026.pdf,Областной клинический № 11 (кардиологический),,,"ГУЗ ""ОККД""",6451417239,645101001,llm_missing,llm_missing,mismatch
11163,d0b88b9a-83ac-4f76-bfda-d33c7e32a283,text,d0b88b9a-83ac-4f76-bfda-d33c7e32a283.Истекает срок оплаты счета_735120549_18.02.2026.pdf,"ПАО ""МегаФон""",7707083893,770701001,"Поволжский филиал ПАО ""МегаФон""",7812014560,631643002,mismatch,mismatch,match
11166,d053e6d2-93ca-4a61-9e81-16125d1a8603,text,d053e6d2-93ca-4a61-9e81-16125d1a8603.Счет № 622423 - 369076 от 28.02.2026.pdf,"ПАО ""Мобильные ТелеСистемы""",7740000076,997750001,"ПАО ""МТС""",7740000076,997750001,match,match,mismatch
11167,fa8d3da3-6a64-424c-b47b-17ef382b95d7,text,fa8d3da3-6a64-424c-b47b-17ef382b95d7.Счет № 274382131114 - 6568295443 от 31.3.2026.pdf,"ПАО ""МТС""",7740000076,744702001,"ПАО ""МТС""",7740000076,997750001,match,mismatch,match
11170,b1062b61-018e-47ad-b3a4-eddcc834bae4,text,b1062b61-018e-47ad-b3a4-eddcc834bae4.Proforma_Invoice_2BM-7713076301-2012052807251168061080000000000_2BM-7826156685-783801001-201401201117022305126_20260630_f4134d83-362a-410f-816a-3f8d1b812b1a.pdf,"ООО ""КОМУС""",7721793895,772201001,"ООО ""Деловые Линии""",7826156685,997650001,mismatch,mismatch,mismatch
11172,e7aee0c2-646e-427a-ad6e-71ee95e62f4d,text,e7aee0c2-646e-427a-ad6e-71ee95e62f4d.Истекает срок оплаты счета_735037817_18.02.2026.pdf,"ПАО ""МегаФон""",7702000000,770201001,"Дальневосточный филиал ПАО ""МегаФон""",7812014560,272143001,mismatch,mismatch,match
11174,3a4d3097-665f-47fe-b456-d4c41bb5cb76,text,3a4d3097-665f-47fe-b456-d4c41bb5cb76.Акт зачета 0326.PDF,ООО «Оргон Телерет»,7402000001,740201001,"ООО ""ФОРВАРД ТЕЛЕКОМ ЛТД""",7726735939,772601001,mismatch,mismatch,mismatch
11179,03742e93-50a1-4c0b-8fc3-08e8f24959cc,text,03742e93-50a1-4c0b-8fc3-08e8f24959cc.2604_7713076301_997750001_836000001128_detkr_11.pdf,ЦЕНТРАЛЬНО-ЧЕРНОЗЕМНЫЙ БАНК ПАО СБЕРБАНК,,,"Макрорегиональный филиал ""Центр"" ПАО ""Ростелеком""",7707049388,773443001,llm_missing,llm_missing,mismatch
11182,864bcff9-519c-4b62-a716-a6716e76a82d,text,864bcff9-519c-4b62-a716-a6716e76a82d.183095886449_28.02.2026.pdf,"ПАО ""МегаФон""",7812014560,780143001,"Северо-Западный филиал ПАО ""МегаФон""",7812014560,784143001,match,mismatch,match
11183,3fc60991-abae-4cbc-8689-108be8428177,text,3fc60991-abae-4cbc-8689-108be8428177.АКТ №2 от 28.02.2026.pdf,ȻDSAE>QA9D7B,,,"ПАО ""РОССЕТИ ЦЕНТР""",6901067107,997650001,llm_missing,llm_missing,mismatch
11185,cec85cc8-0725-4aad-8db6-7c5df40d014f,text,cec85cc8-0725-4aad-8db6-7c5df40d014f.Акт об уступке прав требования Вымпелком_D0717362_012026_7E7887EF-CFF9-4FD9-AD8F-121AFBCDD1A3.pdf,ПАО «МТС»,7703005698,770301001,"ПАО ""МТС""",7740000076,997750001,mismatch,mismatch,match
11186,d7f6502b-47a0-437b-8d2b-b8ab3a70f141,text,d7f6502b-47a0-437b-8d2b-b8ab3a70f141.Акт зачета 0126.PDF,ООО «Орг-4рА Телесет»,1277800000,127700000,"ООО ""ФОРВАРД ТЕЛЕКОМ ЛТД""",7726735939,772601001,mismatch,mismatch,mismatch
11196,fdbc631e-9adf-478d-aa52-764ea7c0f3e3,text,fdbc631e-9adf-478d-aa52-764ea7c0f3e3.АРБП 37328.pdf,АО ГК «Сервис-Телеком»,,770701001,"АО ГК ""СЕРВИС-ТЕЛЕКОМ""",9705237140,770501001,llm_missing,mismatch,match
11197,872f2c10-2ba0-47c4-a392-19484bebba79,text,872f2c10-2ba0-47c4-a392-19484bebba79.Истекает срок оплаты счета_735124150_20.05.2026.pdf,"ПАО ""МегаФон""",7703000001,770301001,"Сибирский филиал ПАО ""МегаФон""",7812014560,540643001,mismatch,mismatch,match
11198,705d648f-21fb-4172-abcf-a84f688dfb2c,text,705d648f-21fb-4172-abcf-a84f688dfb2c.Счет № 901661 - 2 от 30.04.2026.pdf,"ПАО ""Мобильные ТелеСистемы""",7740000076,997750001,"ПАО ""МТС""",7740000076,997750001,match,match,mismatch
11199,c6dd694b-8419-4428-88d1-119e53d5fa78,text,c6dd694b-8419-4428-88d1-119e53d5fa78.2026_03__PR278__233205.pdf,ООО Ригла,,,"АО ""МДМ""",7704082997,772101001,llm_missing,llm_missing,mismatch
11210,6cc1e10b-6da5-4b9c-9da6-cabd22154860,text,6cc1e10b-6da5-4b9c-9da6-cabd22154860.Akt__obmera_pomeshcheniya_Vympelkom.pdf,ООО «УК Селигерская»,121770049870,,"ООО ""УК СЕЛИГЕРСКАЯ""",9710092852,772901001,mismatch,llm_missing,match
11211,5e7db9f5-c51d-4011-90d4-9b85cea67a8a,text,5e7db9f5-c51d-4011-90d4-9b85cea67a8a.Счет № 525891 - 368920 от 31.01.2026.pdf,"ПАО ""Мобильные ТелеСистемы""",7740000076,997750001,"ПАО ""МТС""",7740000076,997750001,match,match,mismatch
11212,0a611865-db0e-4440-a59b-ecd717959ebe,text,0a611865-db0e-4440-a59b-ecd717959ebe.22512EK002279_docs.pdf,"ООО ""Оранж Бизнес Сервисез""",103771001096,771045608,"ООО ""ОРАНЖ БИЗНЕС СЕРВИСЕЗ""",7710456087,770701001,mismatch,mismatch,match
11218,1c984607-0170-4b88-b75c-ed93bc9ae02e,text,1c984607-0170-4b88-b75c-ed93bc9ae02e.вымпелком акт.pdf,"ООО ""ТЗК""",,,"ООО ""ТЗРО""",7017102010,701701001,llm_missing,llm_missing,mismatch
11219,c25d16ee-fd14-4783-91fb-4eac69533f45,text,c25d16ee-fd14-4783-91fb-4eac69533f45.2026-03_Воскресенское.pdf,"ФГУП ""Торговый дом ""Кремлевский""",909000030071,909000030,"ФГУП ""Торговый дом ""Кремлевский""",7703258101,771501001,mismatch,mismatch,match
11225,8cb2d356-b857-4f79-9130-67074eb01e7f,text,8cb2d356-b857-4f79-9130-67074eb01e7f.Истекает срок оплаты счета_735108306_22.04.2026.pdf,"ПАО ""МегаФон""",7702000122,770201001,"Северо-Западный филиал ПАО ""МегаФон""",7812014560,784143001,mismatch,mismatch,match
11226,cd57ec38-5783-4d0d-9f92-07ad110d1ee4,text,cd57ec38-5783-4d0d-9f92-07ad110d1ee4.Proforma_Invoice_2BM-7713076301-2012052807251168061080000000000_2BM-7826156685-783801001-201401201117022305126_20260618_13c9899e-87d8-4970-a7ea-a20e1884bcfb.pdf,"ООО ""КОМУС""",7721793895,772201001,"ООО ""Деловые Линии""",7826156685,997650001,mismatch,mismatch,mismatch
11227,b52c31d6-e62c-4845-a803-4e6cfb0700a1,text,b52c31d6-e62c-4845-a803-4e6cfb0700a1.ЭЭ за май26.pdf,"Акционерное общество ""ЕВРАЗ МАРКЕТ""",6154062128,615401001,"АО ""ЕВРАЗ МАРКЕТ""",6154062128,997550001,match,mismatch,match
11232,025ab77f-30fe-406c-bcf0-9451b70865be,text,025ab77f-30fe-406c-bcf0-9451b70865be.150028332941_31.01.2026.pdf,"Северо-Западный филиал ПАО ""МегаФон""",7812014560,780143001,"Северо-Западный филиал ПАО ""МегаФон""",7812014560,784143001,match,mismatch,match
11237,77fb0e90-e402-4dda-b21d-8e64bde8681b,text,77fb0e90-e402-4dda-b21d-8e64bde8681b.Proforma_Invoice_2BM-7713076301-2012052807251168061080000000000_2BM-7826156685-783801001-201401201117022305126_20260403_84799dbe-7ed2-4522-9057-ac71bfd31b4a.pdf,"ООО ""Деловые Линии""",7713076301,771301001,"ООО ""Деловые Линии""",7826156685,997650001,mismatch,mismatch,match
11241,405fe2ed-db41-4f56-9d47-6cf4db6f9aed,text,405fe2ed-db41-4f56-9d47-6cf4db6f9aed.Истекает срок оплаты счета_735012004_19.03.2026.pdf,"ПАО ""МегаФон""",7702002695,770201001,"Дальневосточный филиал ПАО ""МегаФон""",7812014560,272143001,mismatch,mismatch,match
11242,5bc05e8b-95a7-42a4-bbfd-6b1eb33613c9,text,5bc05e8b-95a7-42a4-bbfd-6b1eb33613c9.ON_SOPRPISMO_2BM-7713076301-2012052807251168061080000000000_2BM-6168002922-616801001-201408060714163447308_20260401_00066132-0000-0115-0001-000175769405.PDF,Исполнительному директору по Ростову-на-Дону Титоренко А.А.,,,"ПАО ""ТНС энерго Ростов-на-Дону""",6168002922,997650001,llm_missing,llm_missing,mismatch
11243,e93ea6d5-35c9-4dd0-b3c9-f90cc4a97e4d,text,e93ea6d5-35c9-4dd0-b3c9-f90cc4a97e4d.Истекает срок оплаты счета_735177194_20.05.2026.pdf,"ПАО ""МегаФон""",7702002693,770201001,"Поволжский филиал ПАО ""МегаФон""",7812014560,631643002,mismatch,mismatch,match
11245,33e35d08-4e38-4186-bdc9-8f8f6e187673,text,33e35d08-4e38-4186-bdc9-8f8f6e187673.Истекает срок оплаты счета_735035858_28.05.2026.pdf,"ПАО ""МегаФон""",7702000122,770201001,"ПАО ""МЕГАФОН""",7812014560,997750001,mismatch,mismatch,match
11256,d4bfa145-4c42-4bc9-b0c3-2ca8f37713b8,text,d4bfa145-4c42-4bc9-b0c3-2ca8f37713b8.Акт об уступке прав требования Вымпелком_D0717362_032026_66C0469E-0CA5-49F3-BAD1-EFF6423D2465.pdf,ПАО «МТС»,7703005698,770301001,"ПАО ""МТС""",7740000076,997750001,mismatch,mismatch,match
11257,1c8f0d6e-38a5-450c-acf1-fc8af51cd4ab,text,1c8f0d6e-38a5-450c-acf1-fc8af51cd4ab.Счет_ЭЭ_1361_31.05.2026.pdf,АО «Альфа-банк»,7713076301,044525593,"Свердловский филиал АО ""ЭНЕРГОСБЫТ ПЛЮС"" ",5612042824,667043001,mismatch,mismatch,mismatch
11260,0f2f6ee9-7b15-43e8-a4cf-d06ce90e894b,text,0f2f6ee9-7b15-43e8-a4cf-d06ce90e894b.Истекает срок оплаты счета_735030205_22.04.2026.pdf,"ПАО ""МегаФон""",7702002698,770201001,"Поволжский филиал ПАО ""МегаФон""",7812014560,631643002,mismatch,mismatch,match
11261,bf3ea54a-5991-458f-bc66-1236d51a78b1,text,bf3ea54a-5991-458f-bc66-1236d51a78b1.вымпелком 755.pdf,ПАО «Вятэнерго»,,510101001,"ООО ""ОФИСНЫЙ ЦЕНТР ЧКАЛОВА 2""",7606101296,760601001,llm_missing,mismatch,mismatch
11271,49a48df8-b388-45b2-964f-8d419d49af82,text,49a48df8-b388-45b2-964f-8d419d49af82.2260300094540_docs.pdf,"ООО ""Оранж Бизнес Сервисез""",103771001096,770701001,"ООО ""ОРАНЖ БИЗНЕС СЕРВИСЕЗ""",7710456087,770701001,mismatch,match,match
11273,287796b4-43ea-457b-b043-3f4f8e33f0fe,text,287796b4-43ea-457b-b043-3f4f8e33f0fe.163111290853_31.05.2026.pdf,"Северо-Западный филиал ПАО ""МегаФон""",7812014560,780143001,"Северо-Западный филиал ПАО ""МегаФон""",7812014560,784143001,match,mismatch,match
11280,337160ec-f6f9-41d7-9204-864c4da07bbe,text,337160ec-f6f9-41d7-9204-864c4da07bbe.Счет № 319 от 31 марта 2026 года.PDF,"ООО ""BurntinenKour""",7713076301,771301001,"ООО ""ЭКРАН""",3906951787,390601001,mismatch,mismatch,mismatch
11292,123d790c-27a2-4598-8274-b0b362aace4c,text,123d790c-27a2-4598-8274-b0b362aace4c.Счет № 256362795174 - 6568684309 от 31.3.2026.pdf,"ПАО ""МТС""",7740000076,561002001,"ПАО ""МТС""",7740000076,997750001,match,mismatch,match
11293,d7ebda04-bde9-45bc-bae9-06237f29b9c1,text,d7ebda04-bde9-45bc-bae9-06237f29b9c1.2602_7713076301_997750001_850000137097_detkr_11.pdf,"АО КБ ""СИТИБАНК""",,,"Макрорегиональный филиал ""Центр"" ПАО ""Ростелеком""",7707049388,773443001,llm_missing,llm_missing,mismatch
11295,a761b8dc-473c-41be-9d1f-86f3c909f13c,text,a761b8dc-473c-41be-9d1f-86f3c909f13c.Истекает срок оплаты счета_735090357_22.04.2026.pdf,"ПАО ""МегаФон""",7702002628,770201001,"Северо-Западный филиал ПАО ""МегаФон""",7812014560,784143001,mismatch,mismatch,match
11297,f90eb455-60b0-4570-9f48-ef8d314c01f7,text,f90eb455-60b0-4570-9f48-ef8d314c01f7.Счет № 832579 - 1 от 31.12.2025.pdf,"ПАО ""Мобильные ТелеСистемы""",7740000076,781343001,"ПАО ""МТС""",7740000076,997750001,match,mismatch,mismatch
11298,f1e6f8a6-3cc5-4608-971d-1ce6b5f77ffa,text,f1e6f8a6-3cc5-4608-971d-1ce6b5f77ffa.15485 АТГ электромонтаж.работ. с приложениями.pdf,"ООО ""СтройСтандарт""",1149010000,114901001,"ООО ""СС""",5029235290,502901001,mismatch,mismatch,match
11299,8a288f32-90ea-47d4-9c1c-3eeb99f89006,text,8a288f32-90ea-47d4-9c1c-3eeb99f89006.76 Акт приема.pdf,ИП Таурайте Милана Вальдовна,322732500000,,Таурайте Милана Вальдовна,732593719589,,mismatch,both_missing,match
11300,85262922-e3fa-4624-a825-c32f2008fc4a,text,85262922-e3fa-4624-a825-c32f2008fc4a.2260200037389_docs.pdf,"ООО ""Оранж Бизнес Сервисез""",103771001096,770701001,"ООО ""ОРАНЖ БИЗНЕС СЕРВИСЕЗ""",7710456087,770701001,mismatch,match,match
11302,949a3b78-6fc0-4a4b-8dfe-9ad64a75edbb,text,949a3b78-6fc0-4a4b-8dfe-9ad64a75edbb.Истекает срок оплаты счета_735129911_20.05.2026.pdf,"ПАО ""МегаФон""",7707083893,770701001,"Центральный филиал ПАО ""МегаФон""",7812014560,526202001,mismatch,mismatch,match
11303,aadbb564-486d-4637-a530-884cbfc6602a,text,aadbb564-486d-4637-a530-884cbfc6602a.140004450783_31.05.2026.pdf,"Северо-Западный филиал ПАО ""МегаФон""",7812014560,780143001,"Северо-Западный филиал ПАО ""МегаФон""",7812014560,784143001,match,mismatch,match
11304,ee718be7-cf47-4e07-8ddd-7094d0cff2fd,text,ee718be7-cf47-4e07-8ddd-7094d0cff2fd.Счет № 256362795175 - 6568678881 от 31.3.2026.pdf,"ПАО ""МТС""",7740000076,561002001,"ПАО ""МТС""",7740000076,997750001,match,mismatch,match
11305,8d2cd2f8-83bc-4666-9236-eda310179e2b,text,8d2cd2f8-83bc-4666-9236-eda310179e2b.Proforma_Invoice_2BM-7713076301-2012052807251168061080000000000_2BM-7826156685-783801001-201401201117022305126_20260513_bd53c370-1fa8-4e93-b89c-8f6e7fb6929c.pdf,"ООО ""КОМУС""",7721793895,772201001,"ООО ""Деловые Линии""",7826156685,997650001,mismatch,mismatch,mismatch
11306,549056a7-e0de-4e6f-9436-d4c7981e3f4e,text,549056a7-e0de-4e6f-9436-d4c7981e3f4e.2260400012377_docs.pdf,"ООО ""Оранж Бизнес Сервисез""",103771001096,771045608,"ООО ""ОРАНЖ БИЗНЕС СЕРВИСЕЗ""",7710456087,770701001,mismatch,mismatch,match
11317,e0b7c3a6-5bf6-4339-99b7-a45c76eb6a77,text,e0b7c3a6-5bf6-4339-99b7-a45c76eb6a77.Истекает срок оплаты счета_623139346016_22.06.2026.pdf,"ПАО ""МегаФон""",7707083893,770701001,"Уральский филиал ПАО ""МегаФон"".",7812014560,667003001,mismatch,mismatch,match
11319,01bb16bb-59c2-4862-9e03-9cdcf68b3cc6,text,01bb16bb-59c2-4862-9e03-9cdcf68b3cc6.3 Вымпелком.pdf,ООО «Газпром трансгаз Казань»,7707083893,770701001,"ООО ""Газпром трансгаз Казань""",1600000036,168150001,mismatch,mismatch,match
11321,82c13eef-4da6-4e6e-bfa3-ff8de8671b89,text,82c13eef-4da6-4e6e-bfa3-ff8de8671b89.Счет № 1000000695740 - 7382749643 от 31.12.2025.pdf,"ПАО ""МТС""",7740000076,420502001,"ПАО ""МТС""",7740000076,997750001,match,mismatch,match
11329,3363153c-066c-49be-a4d9-7755c7da4bdf,text,3363153c-066c-49be-a4d9-7755c7da4bdf.Истекает срок оплаты счета_735129789_PST_28.05.2026.pdf,"ПАО ""МегаФон""",7702000122,770201001,"Уральский филиал ПАО ""МегаФон"".",7812014560,667003001,mismatch,mismatch,match
11339,b027d0d3-b9dc-4793-b837-280739049df9,text,b027d0d3-b9dc-4793-b837-280739049df9.Акт приема-передачи - 2026-03-06T103415.290.pdf,"ООО ""СЕРВИС ТРАНС-КАРГО""",,,"ООО ""ГАРТИ ТРЕЙД""",5408018412,540401001,llm_missing,llm_missing,mismatch
11341,f4e84247-73e3-4aa3-8947-7f056cc26441,text,f4e84247-73e3-4aa3-8947-7f056cc26441.Proforma_Invoice_2BM-7713076301-2012052807251168061080000000000_2BM-7826156685-783801001-201401201117022305126_20260515_f2380424-fb0b-4bfe-b7d6-daed53090b13.pdf,"ООО ""КОМУС""",7721793895,772201001,"ООО ""Деловые Линии""",7826156685,997650001,mismatch,mismatch,mismatch
11346,b5b40ff9-1306-4b94-90fb-768a6ae0acb2,text,b5b40ff9-1306-4b94-90fb-768a6ae0acb2.Клиентский счёт.pdf,ПАО «МТС»,7740000076,526243001,"ПАО ""МТС""",7740000076,997750001,match,mismatch,match
11351,08ddee0f-d65e-4f9f-9eee-a016563c5c47,text,08ddee0f-d65e-4f9f-9eee-a016563c5c47.Proforma_Invoice_2BM-7713076301-2012052807251168061080000000000_2BM-7826156685-783801001-201401201117022305126_20260604_7cb18673-1a94-4daf-8967-b1b2728449a8.pdf,"ООО ""КОМУС""",7721793895,772201001,"ООО ""Деловые Линии""",7826156685,997650001,mismatch,mismatch,mismatch
11354,0d2e05c7-4b29-4f8c-8560-751a2565f594,text,0d2e05c7-4b29-4f8c-8560-751a2565f594.Счет № 902696 - 2 от 31.05.2026.pdf,ПАО «Мобильные ТелеСистемы»,7740000076,997750001,"ПАО ""МТС""",7740000076,997750001,match,match,mismatch
11358,2074b973-6318-4814-9f6a-67acca779b9a,text,2074b973-6318-4814-9f6a-67acca779b9a.Истекает срок оплаты счета_735176825_22.04.2026.pdf,"ПАО ""МегаФон""",7702000122,770201001,"Поволжский филиал ПАО ""МегаФон""",7812014560,631643002,mismatch,mismatch,match
11361,d091e83f-f54a-4226-8696-f785aeae6108,text,d091e83f-f54a-4226-8696-f785aeae6108.Клиентский счёт.pdf,"ПАО ""МТС""",7740000076,561002001,"ПАО ""МТС""",7740000076,997750001,match,mismatch,match
11363,e7790a77-fdc9-4dca-b5ed-eeb1ceca671f,text,e7790a77-fdc9-4dca-b5ed-eeb1ceca671f.Истекает срок оплаты счета_735176759_18.02.2026.pdf,"ПАО ""МегаФон""",7702000001,770201001,"Сибирский филиал ПАО ""МегаФон""",7812014560,540643001,mismatch,mismatch,match
11367,ac22d004-5eaa-463e-b377-5a4e61c44b1e,text,ac22d004-5eaa-463e-b377-5a4e61c44b1e.Истекает срок оплаты счета_735030144_22.04.2026.pdf,"ПАО ""МегаФон""",7702002698,770201001,"Поволжский филиал ПАО ""МегаФон""",7812014560,631643002,mismatch,mismatch,match
11370,b9de965e-126f-4a78-a601-1bf46299f032,text,b9de965e-126f-4a78-a601-1bf46299f032.Акт №1 от 16.02.2026.pdf,Ⱥ:B,,,"ПАО ""РОССЕТИ ЦЕНТР""",6901067107,997650001,llm_missing,llm_missing,mismatch
11372,bb9a423c-4dc9-424a-a3dc-e9cbc0d23223,text,bb9a423c-4dc9-424a-a3dc-e9cbc0d23223.Истекает срок оплаты счета_735087768_20.05.2026.pdf,"ПАО ""МегаФон""",7707083893,770701001,"Поволжский филиал ПАО ""МегаФон""",7812014560,631643002,mismatch,mismatch,match
11380,a69ff2be-ea7e-4c97-9fd7-7f51c4f4ca12,text,"a69ff2be-ea7e-4c97-9fd7-7f51c4f4ca12.04,2026.pdf","ООО ""МайРест""",,,Толстых Лидия Дмитриевна,231113454185,,llm_missing,both_missing,mismatch
11383,3c1dbc1b-4d7b-448f-aa72-45edd314b080,text,3c1dbc1b-4d7b-448f-aa72-45edd314b080.Proforma_Invoice_2BM-7713076301-2012052807251168061080000000000_2BM-7826156685-783801001-201401201117022305126_20260413_de2357e2-501b-4f5c-9199-242b6e9e4145.pdf,"ООО ""КОМУС""",7721793895,772201001,"ООО ""Деловые Линии""",7826156685,997650001,mismatch,mismatch,mismatch
11393,06a69e58-af1e-4364-9076-d5376f1fcd17,text,06a69e58-af1e-4364-9076-d5376f1fcd17.Счет № 252315183862 - 6568672094 от 31.3.2026.pdf,ПАО «МТС»,7740000076,526243001,"ПАО ""МТС""",7740000076,997750001,match,mismatch,match
11394,d921e1cc-650c-48e9-ae5b-a6154da83fa3,text,d921e1cc-650c-48e9-ae5b-a6154da83fa3.БИЛ_АКТ_Компенсация за открытие БС_Калининград_Московский 277_.pdf,ИП Герасименок А.А.,,,Герасименок Анатолий Анатольевич,390603126665,,llm_missing,both_missing,mismatch
11397,ef46e97f-a7bf-43a3-a1b7-ce5a10b4347f,text,ef46e97f-a7bf-43a3-a1b7-ce5a10b4347f.Истекает срок оплаты счета_735030310_19.03.2026.pdf,"ПАО ""МегаФон""",7702000123,770201001,"Поволжский филиал ПАО ""МегаФон""",7812014560,631643002,mismatch,mismatch,match
11401,ce06bc9d-5413-4e86-b4ab-67c0ffc2377d,text,ce06bc9d-5413-4e86-b4ab-67c0ffc2377d.Истекает срок оплаты счета_735140279_25.02.2026.pdf,"ПАО ""МегаФон""",7702000122,770201001,"Уральский филиал ПАО ""МегаФон"".",7812014560,667003001,mismatch,mismatch,match
11403,3ced447c-6631-4a02-8698-821a40431cf2,text,3ced447c-6631-4a02-8698-821a40431cf2.140623_Счет на оплату.pdf,"ООО ""ОБИТ""",1910140000,191001001,"ООО ""Обит""",7810204213,784201001,mismatch,mismatch,match
11406,a5c6c0dc-945f-4082-b955-9e8c4fffbe25,text,a5c6c0dc-945f-4082-b955-9e8c4fffbe25.Акт №3 - 3 этап Шацк.pdf,ООО «Константа»,7707083893,770701001,"ООО ""Константа""",1001142070,780401001,mismatch,mismatch,match
11411,f3926040-7c01-4aff-a958-a90ed0fc79c6,text,f3926040-7c01-4aff-a958-a90ed0fc79c6.Истекает срок оплаты счета_735072635_25.02.2026.pdf,"ПАО ""МегаФон""",7702000122,770201001,"Уральский филиал ПАО ""МегаФон"".",7812014560,667003001,mismatch,mismatch,match
11416,5158d365-8f5e-460e-900b-b770bfa0bacc,text,5158d365-8f5e-460e-900b-b770bfa0bacc.ESTOP._otchet_EE_za_aprel_2026_Magan.pdf,АО «АЛТАЙСКИЙ ЭЛЕКТРОСВЯЗНОЙ»,1140000000,114000000,"ФКП ""Аэропорты Севера""",1435146293,143501001,mismatch,mismatch,mismatch
11417,b566087f-a16c-47e0-af4c-f54fb1abaf7d,text,b566087f-a16c-47e0-af4c-f54fb1abaf7d.Клиентский счёт.pdf,"ПАО ""МТС""",7740000076,121543001,"ПАО ""МТС""",7740000076,997750001,match,mismatch,match
11418,b9d97502-f164-45c6-bf14-1cc9602b19db,text,b9d97502-f164-45c6-bf14-1cc9602b19db.Счёт_90422784.PDF,"ООО ""Техноэволаб""",7705029530,774850001,"ООО ""ТЕХНОЭВОЛАБ""",7705029530,771701001,match,mismatch,match
11422,c8297752-579f-4c5f-89b3-9540abe8e066,text,c8297752-579f-4c5f-89b3-9540abe8e066.2260100014136E_docs.pdf,"ООО ""Оранж Бизнес Сервисез""",103771001096,,"ООО ""ОРАНЖ БИЗНЕС СЕРВИСЕЗ""",7710456087,770701001,mismatch,llm_missing,match
11423,c173359b-431c-4ea3-a916-ce11d303a1f1,text,c173359b-431c-4ea3-a916-ce11d303a1f1.вымпелком февраль 2026.pdf,ООО «ЛОНЖИНО»,1110300000,111001001,"ООО ""Юнион""",5012014335,501201001,mismatch,mismatch,mismatch
11426,d1c4e65a-fe3d-4732-af69-e08abcb36b8e,text,d1c4e65a-fe3d-4732-af69-e08abcb36b8e.ПАО Вымпелком сопроводительное письмо.pdf,ООО «Интерпродресурс»,7707083893,770701001,"ООО ""ИНТЕРПРОДРЕСУРС""",7713282047,770901001,mismatch,mismatch,match
11427,8e9bf240-ce72-4f03-be35-d9060de4a810,text,8e9bf240-ce72-4f03-be35-d9060de4a810.Proforma_Invoice_2BM-7713076301-2012052807251168061080000000000_2BM-7826156685-783801001-201401201117022305126_20260602_610351ff-fc42-4f1f-99b5-f204d45f53ea.pdf,"ООО ""КОМУС""",7826156685,997650001,"ООО ""Деловые Линии""",7826156685,997650001,match,match,mismatch
11430,8943a6f9-70ee-418b-b00d-243fd3edab05,text,8943a6f9-70ee-418b-b00d-243fd3edab05.Счет № 202370760390 - 6568618427 от 31.3.2026.pdf,"ПАО ""МТС-БАНК""",7740000076,027602001,"ПАО ""МТС""",7740000076,997750001,match,mismatch,mismatch
11431,623fcb47-b1ef-49f6-ba18-fceace8c5ddd,text,623fcb47-b1ef-49f6-ba18-fceace8c5ddd.2260300015727_docs.pdf,"ООО ""Оранж Бизнес Сервисез""",103771001096,770701001,"ООО ""ОРАНЖ БИЗНЕС СЕРВИСЕЗ""",7710456087,770701001,mismatch,match,match
11437,22159d54-c1fa-4032-a30a-9cb07f416738,text,22159d54-c1fa-4032-a30a-9cb07f416738.Акт к Заказу 03-2026-ТО-СТК-ЮГ.pdf,ООО «СТК-Юг»,111230800666,,"ООО ""СТК-Юг""",2308180857,230801001,mismatch,llm_missing,match
11441,bff01605-678b-499a-b611-b0158859978c,text,bff01605-678b-499a-b611-b0158859978c.Акт №4 от 30.04.2026.pdf,АО «Ростелеком»,7703320000,770301001,"ПАО ""РОССЕТИ ЦЕНТР""",6901067107,997650001,mismatch,mismatch,mismatch
11450,643773ac-2ef1-4e45-8d41-85424df938c5,text,643773ac-2ef1-4e45-8d41-85424df938c5.АРБП 37327.pdf,АО ГК «Сервис-Телеком»,,770709001,"АО ГК ""СЕРВИС-ТЕЛЕКОМ""",9705237140,770501001,llm_missing,mismatch,match
11451,0c6139b5-c386-4393-996d-c3d3bb3aad8e,text,0c6139b5-c386-4393-996d-c3d3bb3aad8e.Уведомление о расторжении договоров ВымпелКом.PDF,ООО «ВинелКом»,,,"ООО ""Олива""",3906313304,390601001,llm_missing,llm_missing,mismatch
11452,acdb83d3-d7e4-4134-97c7-0ff9c079bf6d,text,acdb83d3-d7e4-4134-97c7-0ff9c079bf6d.140004450783_28.02.2026.pdf,"Северо-Западный филиал ПАО ""МегаФон""",7812014560,780143001,"Северо-Западный филиал ПАО ""МегаФон""",7812014560,784143001,match,mismatch,match
11453,547e91a2-af70-4050-84a7-f8fbdc509ad0,text,547e91a2-af70-4050-84a7-f8fbdc509ad0.2260100014738_docs.pdf,"ООО ""Оранж Бизнес Сервисез""",103771001096,770701001,"ООО ""ОРАНЖ БИЗНЕС СЕРВИСЕЗ""",7710456087,770701001,mismatch,match,match
11455,09b3aac2-1a12-4a3d-a8bf-00b354af8f69,text,09b3aac2-1a12-4a3d-a8bf-00b354af8f69.2251200094540_docs.pdf,"ООО ""Оранж Бизнес Сервисез""",103771001096,770701001,"ООО ""ОРАНЖ БИЗНЕС СЕРВИСЕЗ""",7710456087,770701001,mismatch,match,match
11463,aa213b48-0e7e-4d17-987c-3b45a6c20af8,text,aa213b48-0e7e-4d17-987c-3b45a6c20af8.Истекает срок оплаты счета_735030169_19.03.2026.pdf,"ПАО ""МегаФон""",7702000122,770201001,"Поволжский филиал ПАО ""МегаФон""",7812014560,631643002,mismatch,mismatch,match
11465,1cb8eadb-ddaa-4560-b509-9b35e88c7047,text,1cb8eadb-ddaa-4560-b509-9b35e88c7047.Акт Апастово .pdf,ИП Ленинг В.А.,,,ИП Ленинг Виталий Александрович,561006528520,,llm_missing,both_missing,mismatch
11467,89271ff2-dca2-4c8a-a6b5-01935766e479,text,89271ff2-dca2-4c8a-a6b5-01935766e479.Proforma_Invoice_2BM-7713076301-2012052807251168061080000000000_2BM-7826156685-783801001-201401201117022305126_20260610_f3c07d48-d9ef-454c-a026-38ad23ffaa03.pdf,"ООО ""КОМУС""",7721793895,772201001,"ООО ""Деловые Линии""",7826156685,997650001,mismatch,mismatch,mismatch
11468,ebb4b6da-b8c8-4f79-9178-b537ec4b1c74,text,ebb4b6da-b8c8-4f79-9178-b537ec4b1c74.Proforma_Invoice_2BM-7713076301-2012052807251168061080000000000_2BM-7826156685-783801001-201401201117022305126_20260626_80902755-6dc2-44bf-8e9c-5633e481c218.pdf,"ООО ""КОМУС""",7721793895,772201001,"ООО ""Деловые Линии""",7826156685,997650001,mismatch,mismatch,mismatch
11472,7f065e73-8f61-4f43-a06b-b0be1895b619,text,7f065e73-8f61-4f43-a06b-b0be1895b619.Vympelkom_(raschet).PDF,ПАО «Берлинское телекоммуникационное общество»,7700000000,770000000,"ГБУК Г. МОСКВЫ ""МОСКОВСКИЙ ТЕАТР НА ТАГАНКЕ""",7709010548,770901001,mismatch,mismatch,mismatch
11479,3eca4280-956f-4879-87ec-7b2d3c09468f,text,3eca4280-956f-4879-87ec-7b2d3c09468f.Истекает срок оплаты счета_735118419_22.04.2026.pdf,"ПАО ""МегаФон""",7702000122,770201001,"Северо-Западный филиал ПАО ""МегаФон""",7812014560,784143001,mismatch,mismatch,match
11483,f6c3910b-6c50-45ea-8873-831c9682473e,text,f6c3910b-6c50-45ea-8873-831c9682473e.Истекает срок оплаты счета_735191775_20.05.2026.pdf,"ПАО ""МегаФон""",7702000122,770201001,"Центральный филиал ПАО ""МегаФон""",7812014560,526202001,mismatch,mismatch,match
11485,385be618-955a-4ed0-98d7-c9e431acc021,text,385be618-955a-4ed0-98d7-c9e431acc021.163108297850_28.02.2026.pdf,"Северо-Западный филиал ПАО ""МегаФон""",7812014560,780143001,"Северо-Западный филиал ПАО ""МегаФон""",7812014560,784143001,match,mismatch,match
11487,9239ab00-fa33-4f3d-8c03-8736976b0b96,text,9239ab00-fa33-4f3d-8c03-8736976b0b96.Акт об уступке прав требования Вымпелком_D0717362_022026_8E9B1212-D488-4D0B-BA62-17DC1A142109.pdf,ПАО «МТС»,7703005698,770301001,"ПАО ""МТС""",7740000076,997750001,mismatch,mismatch,match
11494,fc8c79c6-d6d9-4d9b-a633-b7bc8a4a6d08,text,fc8c79c6-d6d9-4d9b-a633-b7bc8a4a6d08.17991_Счет на оплату.pdf,"ООО ""ОБИТ""",1910140000,191001001,"ООО ""Обит""",7810204213,784201001,mismatch,mismatch,match
11499,e148c410-ef94-4aa0-829a-b4b50dafe42d,text,e148c410-ef94-4aa0-829a-b4b50dafe42d.УПД №356 от 31.01.26.pdf,ООО «ОлимпПлюс»,2312153550,231701001,"ООО ""ОЛИМППЛЮС""",2312153550,237801001,match,mismatch,match
11507,5e84019d-df4d-419a-a761-c13754f3681e,text,5e84019d-df4d-419a-a761-c13754f3681e.2511_7713076301_997750001_836000001128_detkr_11.pdf,ЦЕНТРАЛЬНО-ЧЕРНОЗЕМНЫЙ БАНК ПАО СБЕРБАНК,,,"Макрорегиональный филиал ""Центр"" ПАО ""Ростелеком""",7707049388,773443001,llm_missing,llm_missing,mismatch
11508,d2a3b817-50d9-4868-94d0-c5e5af99002b,text,d2a3b817-50d9-4868-94d0-c5e5af99002b.Счет итоговый 19135 (0).pdf,"ПАО ""Кузбассэнергосбыт",4205109214,420501001,"ПАО ""Кузбассэнергосбыт""",4205109214,775050001,match,mismatch,match
11522,4511ebc5-7da2-4815-aa17-33137e49edbb,text,4511ebc5-7da2-4815-aa17-33137e49edbb.Истекает срок оплаты счета_735042386_25.02.2026.pdf,"ПАО ""МегаФон""",7702000122,770201001,"Северо-Западный филиал ПАО ""МегаФон""",7812014560,784143001,mismatch,mismatch,match
11528,cb66c73e-72cf-4077-b86d-565ebde8c30e,text,cb66c73e-72cf-4077-b86d-565ebde8c30e.Истекает срок оплаты счета_735140113_20.05.2026.pdf,"ПАО ""МегаФон""",7707089827,770701001,"Кавказский филиал ПАО ""МегаФон""",7812014560,230802001,mismatch,mismatch,match
11530,99a22bf9-f345-4d97-8911-9da5c53ba314,text,99a22bf9-f345-4d97-8911-9da5c53ba314.Истекает срок оплаты счета_735012029_25.02.2026.pdf,"ПАО ""МегаФон""",7702590231,770259001,"Дальневосточный филиал ПАО ""МегаФон""",7812014560,272143001,mismatch,mismatch,match
11533,4210a2ad-c8cc-418d-b144-236eb7ace444,text,4210a2ad-c8cc-418d-b144-236eb7ace444.Proforma_Invoice_2BM-7713076301-2012052807251168061080000000000_2BM-7826156685-783801001-201401201117022305126_20260415_fb946e22-8d2a-47ec-8568-cafcb8adaf37.pdf,"ООО ""КОМУС""",7721793895,772201001,"ООО ""Деловые Линии""",7826156685,997650001,mismatch,mismatch,mismatch
11535,96c6e24c-eaef-4287-b5af-3cc70b62de13,text,96c6e24c-eaef-4287-b5af-3cc70b62de13.Proforma_Invoice_2BM-7713076301-2012052807251168061080000000000_2BM-7826156685-783801001-201401201117022305126_20260414_6036cdd5-44e3-4fe6-a29b-a0cb234d6d64.pdf,"ООО ""КОМУС""",7721793895,772201001,"ООО ""Деловые Линии""",7826156685,997650001,mismatch,mismatch,mismatch
11545,61ab9250-1204-428e-a423-eb53f88b300d,text,61ab9250-1204-428e-a423-eb53f88b300d.Счет № 525126 - 1 от 31.12.2025.pdf,"ПАО ""Мобильные ТелеСистемы""",7740000076,997750001,"ПАО ""МТС""",7740000076,997750001,match,match,mismatch
11548,5c316807-978f-4e23-8a4b-e7f7f95edb25,text,5c316807-978f-4e23-8a4b-e7f7f95edb25.Истекает срок оплаты счета_735109246_18.02.2026.pdf,"ПАО ""МегаФон""",7702000001,770201001,"Уральский филиал ПАО ""МегаФон"".",7812014560,667003001,mismatch,mismatch,match
11549,ce6ba943-44d1-4f4e-b8a2-7850a8f2717b,text,ce6ba943-44d1-4f4e-b8a2-7850a8f2717b.Proforma_Invoice_2BM-7713076301-2012052807251168061080000000000_2BM-7826156685-783801001-201401201117022305126_20260514_30db8e0d-a0cf-43b4-98ce-207c8650104f.pdf,"ООО ""КОМУС""",7721793895,772201001,"ООО ""Деловые Линии""",7826156685,997650001,mismatch,mismatch,mismatch
11556,61465804-1d6f-476f-8d6d-d5ef80933f7b,text,61465804-1d6f-476f-8d6d-d5ef80933f7b.Счет итоговый 19135 (0).pdf,"ПАО ""Кузбассэнергосбыт Белово""",4205109214,420501001,"ПАО ""Кузбассэнергосбыт""",4205109214,775050001,match,mismatch,match
11557,a92994ee-2f6e-45a9-a5ef-493bb1f19ad1,text,a92994ee-2f6e-45a9-a5ef-493bb1f19ad1.Proforma_Invoice_2BM-7713076301-2012052807251168061080000000000_2BM-7826156685-783801001-201401201117022305126_20260514_ab3c2fd0-212c-4c12-9145-28d3f6b56ae0.pdf,"ООО ""КОМУС""",7721793895,772201001,"ООО ""Деловые Линии""",7826156685,997650001,mismatch,mismatch,mismatch
11559,18e31edc-c876-4f94-9e57-0f3d88dd8870,text,18e31edc-c876-4f94-9e57-0f3d88dd8870.Счет № 902093 - 2 от 31.12.2025.pdf,"ПАО ""Мобильные ТелеСистемы""",7740000076,997750001,"ПАО ""МТС""",7740000076,997750001,match,match,mismatch
11563,ae9422da-6e59-40bd-a450-0995159b6e5d,text,ae9422da-6e59-40bd-a450-0995159b6e5d.IMG_0009.pdf,ООО «Бурлинсконтор»,1780717000,770701001,"АО ""НАРЬЯН-МАРСКИЙ ОАО""",2983004475,298301001,mismatch,mismatch,mismatch
11568,a1d09871-e188-44d0-beca-496ce71c6781,text,a1d09871-e188-44d0-beca-496ce71c6781.Proforma_Invoice_2BM-7713076301-2012052807251168061080000000000_2BM-7826156685-783801001-201401201117022305126_20260513_aeab3719-3431-4aae-a4b8-eab34ed64a88.pdf,"ООО ""КОМУС""",7721793895,772201001,"ООО ""Деловые Линии""",7826156685,997650001,mismatch,mismatch,mismatch
11575,e1bc3eeb-efe1-4f22-a79e-fcf72766dbeb,text,e1bc3eeb-efe1-4f22-a79e-fcf72766dbeb.Клиентский счёт.pdf,"ПАО ""МТС""",7740000076,183502001,"ПАО ""МТС""",7740000076,997750001,match,mismatch,match
11576,97970d93-577a-49f3-be55-d7454b153ea4,text,97970d93-577a-49f3-be55-d7454b153ea4.Счет № 252315183862 - 6611082543 от 31.05.2026.pdf,ПАО «МТС»,7740000076,526243001,"ПАО ""МТС""",7740000076,997750001,match,mismatch,match
11578,cabf3671-6608-4717-9ff7-83a7237b0787,text,cabf3671-6608-4717-9ff7-83a7237b0787.163093232648_30.04.2026.pdf,"Северо-Западный филиал ПАО ""МегаФон""",7812014560,780143001,"Северо-Западный филиал ПАО ""МегаФон""",7812014560,784143001,match,mismatch,match
11586,4bc16948-8159-4ca4-b0df-4545c4a57e17,text,"4bc16948-8159-4ca4-b0df-4545c4a57e17.Акт приема-передачи ООО Вертекс_г. Мурманск, ул. Рогозерская, д. 4, ТЦ Плазма.pdf",ООО «Вертекс»,7707011506,770701001,"ООО ""ВЕРТЕКС""",6686080255,667801001,mismatch,mismatch,match
11588,c498a8e3-a360-4a0d-b3eb-810675c3ea1c,text,c498a8e3-a360-4a0d-b3eb-810675c3ea1c.2260200014136A_docs.pdf,"ООО ""Оранж Бизнес Сервисез""",103771001096,770701001,"ООО ""ОРАНЖ БИЗНЕС СЕРВИСЕЗ""",7710456087,770701001,mismatch,match,match
11589,3b223484-d678-477d-be6b-ce8c8c558fb1,text,3b223484-d678-477d-be6b-ce8c8c558fb1.Истекает срок оплаты счета_735114760_23.06.2026.pdf,"ПАО ""МегаФон""",7702002628,770201001,"Уральский филиал ПАО ""МегаФон"".",7812014560,667003001,mismatch,mismatch,match
11596,157d09ec-460e-4311-a356-95d74f8261b4,text,157d09ec-460e-4311-a356-95d74f8261b4.Proforma_Invoice_2BM-7713076301-2012052807251168061080000000000_2BM-7826156685-783801001-201401201117022305126_20260604_782701e6-a971-4745-93dd-dd4b76764d19.pdf,"ООО ""КОМУС""",7721793895,772201001,"ООО ""Деловые Линии""",7826156685,997650001,mismatch,mismatch,mismatch
11598,44d8a39c-ca95-4f42-ad5c-23761d0d04b3,text,44d8a39c-ca95-4f42-ad5c-23761d0d04b3.Истекает срок оплаты счета_735129406_18.02.2026.pdf,"ПАО ""МегаФон""",7702000001,770201001,"Уральский филиал ПАО ""МегаФон"".",7812014560,667003001,mismatch,mismatch,match
11599,68996503-5915-4e2b-a686-2cc4140084ff,text,68996503-5915-4e2b-a686-2cc4140084ff.67 Акт приема.pdf,ИП Таурайте Милана Вальдовна,322732500000,,Таурайте Милана Вальдовна,732593719589,,mismatch,both_missing,match
11605,b3686148-d53b-45f2-8a95-8ed9252e7cc6,text,b3686148-d53b-45f2-8a95-8ed9252e7cc6.2260500014223_docs.pdf,"ООО ""Оранж Бизнес Сервисез""",103771001096,770701001,"ООО ""ОРАНЖ БИЗНЕС СЕРВИСЕЗ""",7710456087,770701001,mismatch,match,match
11606,ff4aec2b-cc56-4a6d-adaa-682566eb5588,text,ff4aec2b-cc56-4a6d-adaa-682566eb5588.2260100014136B_docs.pdf,"ООО ""Оранж Бизнес Сервисез""",103771001096,771045608,"ООО ""ОРАНЖ БИЗНЕС СЕРВИСЕЗ""",7710456087,770701001,mismatch,mismatch,match
11611,1d92e609-618e-4aec-8d0b-b78b88e53c1d,text,1d92e609-618e-4aec-8d0b-b78b88e53c1d.2260400013808_docs.pdf,"ООО ""Оранж Бизнес Сервисез""",103771001096,771045608,"ООО ""ОРАНЖ БИЗНЕС СЕРВИСЕЗ""",7710456087,770701001,mismatch,mismatch,match
11616,4542b749-5e60-4edf-9e20-ea8d21b6fbba,text,4542b749-5e60-4edf-9e20-ea8d21b6fbba.Истекает срок оплаты счета_735037817_22.04.2026.pdf,"ПАО ""МегаФон""",7702000001,770201001,"Дальневосточный филиал ПАО ""МегаФон""",7812014560,272143001,mismatch,mismatch,match
11617,36aa7e7f-d1f6-4699-9a64-92c31f150049,text,36aa7e7f-d1f6-4699-9a64-92c31f150049.Proforma_Invoice_2BM-7713076301-2012052807251168061080000000000_2BM-7826156685-783801001-201401201117022305126_20260403_c2082a78-df2a-4cf3-84ec-7c878add0266.pdf,"ООО ""Деловые Линии""",7713076301,771301001,"ООО ""Деловые Линии""",7826156685,997650001,mismatch,mismatch,match
11619,7a3d75aa-5838-4fe6-8e67-662e3ed48e93,text,7a3d75aa-5838-4fe6-8e67-662e3ed48e93.Акт к Заказу № 2-04-2026-СТК-ЮГ.pdf,ООО «СТК-Юг»,111230800666,111230800,"ООО ""СТК-Юг""",2308180857,230801001,mismatch,mismatch,match
11620,29fec780-fcf2-436b-82da-0cc239323e87,text,29fec780-fcf2-436b-82da-0cc239323e87.2260300014136E_docs.pdf,"ООО ""Оранж Бизнес Сервисез""",103771001096,771045608,"ООО ""ОРАНЖ БИЗНЕС СЕРВИСЕЗ""",7710456087,770701001,mismatch,mismatch,match
11626,42c6df51-c3d5-4d6a-ba22-4bc80c28242f,text,42c6df51-c3d5-4d6a-ba22-4bc80c28242f.2260500014738_docs.pdf,"ООО ""Оранж Бизнес Сервисез""",103771001096,770701001,"ООО ""ОРАНЖ БИЗНЕС СЕРВИСЕЗ""",7710456087,770701001,mismatch,match,match
11629,51a668e5-6b68-4bb2-b81a-0557a8b71866,text,51a668e5-6b68-4bb2-b81a-0557a8b71866.16008_Счет на оплату.pdf,"ООО ""ОБИТ""",1910140000,191001001,"ООО ""Обит""",7810204213,784201001,mismatch,mismatch,match
11630,4ca599ef-f9c8-4ebf-b528-d6b914741451,text,4ca599ef-f9c8-4ebf-b528-d6b914741451.Акт Акбулак от 30.01.2026.pdf,ИП Ленинг В.А.,,,ИП Ленинг Виталий Александрович,561006528520,,llm_missing,both_missing,mismatch
11631,798a4b99-1b8c-44d7-8b2f-3155949300d4,text,798a4b99-1b8c-44d7-8b2f-3155949300d4.ВымпелКом ПАО информ. очет ин.к..PDF,PT Telekomunikasi Selular (TELKOMSEL),,,"АО ""НКБ""",7714611569,773001001,llm_missing,llm_missing,mismatch
11635,019bde0e-ba5f-4fcd-b182-1187ab701723,text,019bde0e-ba5f-4fcd-b182-1187ab701723.Отчет.pdf,МУП Теплоэнергия,,,"АО ""СЕВЕРСТАЛЬ-ИНФОКОМ""",3528007105,352801001,llm_missing,llm_missing,mismatch
11646,3eb9257b-538e-4626-a246-6a7e1e8bb51e,text,3eb9257b-538e-4626-a246-6a7e1e8bb51e.Proforma_Invoice_2BM-7713076301-2012052807251168061080000000000_2BM-7826156685-783801001-201401201117022305126_20260604_df8aac6f-c8cb-4c94-b604-dda47982686f.pdf,"ООО ""КОМУС""",7826156685,997650001,"ООО ""Деловые Линии""",7826156685,997650001,match,match,mismatch
11648,94f48d8f-e24f-491d-8836-1d48dd8cae35,text,94f48d8f-e24f-491d-8836-1d48dd8cae35.Истекает срок оплаты счета_714904701_19.03.2026.pdf,"ПАО ""МегаФон""",7702000122,770201001,"Северо-Западный филиал ПАО ""МегаФон""",7812014560,784143001,mismatch,mismatch,match
11650,835d40c7-2215-4cd3-852a-4556dd2ed003,text,835d40c7-2215-4cd3-852a-4556dd2ed003.Счет итоговый 19135 (0).pdf,"ПАО ""Кузбассэнергосбыт""",4205109214,420501001,"ПАО ""Кузбассэнергосбыт""",4205109214,775050001,match,mismatch,match
11663,d078c0e4-c8df-4ebc-8fdb-889ff7b1104f,text,d078c0e4-c8df-4ebc-8fdb-889ff7b1104f.Proforma_Invoice_2BM-7713076301-2012052807251168061080000000000_2BM-7826156685-783801001-201401201117022305126_20260512_52b269f2-bd4f-4992-9eb3-4f4e3b9d3164.pdf,"ООО ""КОМУС""",7721793895,772201001,"ООО ""Деловые Линии""",7826156685,997650001,mismatch,mismatch,mismatch
11667,34dac5e6-60c8-46a7-8f23-08fbb1ee1b1f,text,34dac5e6-60c8-46a7-8f23-08fbb1ee1b1f.100041404262_31.03.2026.pdf,"Северо-Западный филиал ПАО ""МегаФон""",7812014560,780143001,"Северо-Западный филиал ПАО ""МегаФон""",7812014560,784143001,match,mismatch,match
11669,2d52e683-4842-4d4e-9350-1fe3f5330364,text,2d52e683-4842-4d4e-9350-1fe3f5330364.2260300014738_docs.pdf,"ООО ""Оранж Бизнес Сервисез""",103771001096,770701001,"ООО ""ОРАНЖ БИЗНЕС СЕРВИСЕЗ""",7710456087,770701001,mismatch,match,match
11671,eba9de76-44bd-4cf6-b102-f49b0cce6d2a,text,eba9de76-44bd-4cf6-b102-f49b0cce6d2a.RUST2_RUSBD_202601_orig_xlsx.pdf,ООО Т2 Мобайл,7743895280,997750001,"ООО ""Т2 МОБАЙЛ""",7743895280,775101001,match,mismatch,match
11675,75a4503e-dbc7-482e-92eb-9d214c5dea11,text,75a4503e-dbc7-482e-92eb-9d214c5dea11.100041404262_28.02.2026.pdf,"Северо-Западный филиал ПАО ""МегаФон""",7812014560,780143001,"Северо-Западный филиал ПАО ""МегаФон""",7812014560,784143001,match,mismatch,match
11685,fce6dc11-f5fa-4204-a725-05da57e8966b,text,fce6dc11-f5fa-4204-a725-05da57e8966b.Истекает срок оплаты счета_735129406_20.05.2026.pdf,"ПАО ""МегаФон""",7702000122,770201001,"Уральский филиал ПАО ""МегаФон"".",7812014560,667003001,mismatch,mismatch,match
11687,6957a59d-dd8f-4b66-a9ce-05c013f3cc2e,text,6957a59d-dd8f-4b66-a9ce-05c013f3cc2e.АКТ 1000.pdf,Индивидуальный предприниматель Пузырев Арсений Сергеевич,319645100039,,Пузырев Арсений Сергеевич,641901849690,,mismatch,both_missing,match
11701,227fc442-f648-4a5f-8d1f-b46356fc98b4,text,227fc442-f648-4a5f-8d1f-b46356fc98b4.2603_7713076301_482545001_848000031300_detkr_1.pdf,"ПАО ""РОСТЕЛЕКОМ"" (ц)",848000031300,770701001,"Макрорегиональный филиал ""Центр"" ПАО ""Ростелеком""",7707049388,773443001,mismatch,mismatch,mismatch
11702,cf141681-cabf-48d0-a5e8-ce8dd72ffa6c,text,cf141681-cabf-48d0-a5e8-ce8dd72ffa6c.2260300013854_docs.pdf,"ООО ""Оранж Бизнес Сервисез""",103771001096,770701001,"ООО ""ОРАНЖ БИЗНЕС СЕРВИСЕЗ""",7710456087,770701001,mismatch,match,match
11704,097daeeb-4645-4432-9bb4-40c95ecd579f,text,097daeeb-4645-4432-9bb4-40c95ecd579f.RUST2_RUSBD_202602_orig_xlsx.pdf,ООО Т2 Мобайл,7743895280,997750001,"ООО ""Т2 МОБАЙЛ""",7743895280,775101001,match,mismatch,match
11709,14b681a7-f6e3-4e42-8a01-49638ff437a7,text,14b681a7-f6e3-4e42-8a01-49638ff437a7.Отчет оператора за апрель 2026.pdf,"ООО ПКФ ""АГРОВИЗА""",,,"ООО ""Медиаплаза""",2312120427,231201001,llm_missing,llm_missing,mismatch
11710,7fd246ec-c4f9-49d7-a889-19246a19ba03,text,7fd246ec-c4f9-49d7-a889-19246a19ba03.APP_42.pdf,"ООО ""ПРАЙМ ГРУП""",7707083893,770701001,"ООО ""ПРАЙМ ГРУП""",5405385728,540701001,mismatch,mismatch,match
11714,e86063c4-080e-49be-9676-c988ec47dd95,text,e86063c4-080e-49be-9676-c988ec47dd95.81118 АТГ с приложениями.pdf,"ООО ""СтройСтандарт""",7707019890,770701001,"ООО ""СС""",5029235290,502901001,mismatch,mismatch,match
11715,3f956856-4083-4008-88a6-be1586878493,text,3f956856-4083-4008-88a6-be1586878493.ВымпелКом эл.энер.ноябрь.PDF,АО «Бонторпаг-Энерго»,3443010772,,"АО ""ВОЛГОГРАД-БАКАЛЕЯ""",3443010772,344301001,match,llm_missing,mismatch
11716,d037702d-2b8d-4b54-a74f-93ea6159cb9d,text,d037702d-2b8d-4b54-a74f-93ea6159cb9d.Счет № 60308001836 - 7382932284 от 30.04.2026.pdf,"ПАО ""МТС""",7740000076,561002001,"ПАО ""МТС""",7740000076,997750001,match,mismatch,match
11722,1c11a030-c4dd-420c-a344-f839d8cc8c1f,text,1c11a030-c4dd-420c-a344-f839d8cc8c1f.ВымпелКом (переменка) от 31.03.2026г..pdf,"ООО ТК ""Петровско-Разумовский""",1310107201,,"ООО ТК ""ПЕТРОВСКО-РАЗУМОВСКИЙ""",7713551532,771301001,mismatch,llm_missing,match
11725,f697a260-59c8-4818-8518-76daba35aca1,text,f697a260-59c8-4818-8518-76daba35aca1.Истекает срок оплаты счета_735134358_23.06.2026.pdf,"ПАО ""МегаФон""",7702000122,770201001,"Уральский филиал ПАО ""МегаФон"".",7812014560,667003001,mismatch,mismatch,match
11727,cd93b5fb-126d-4fc5-9595-60f461eb9d67,text,cd93b5fb-126d-4fc5-9595-60f461eb9d67.Ф28 50134 УлО_Новоульяновск-Озёрная.pdf,ООО «Арзид»,432027000000,432027000,"ООО ""АРЗИД""",7325151541,732501001,mismatch,mismatch,match
11731,82d64357-3bc3-42c6-926e-fe0354745d86,text,82d64357-3bc3-42c6-926e-fe0354745d86.2260500014136A_docs.pdf,"ООО ""Оранж Бизнес Сервисез""",103771001096,770701001,"ООО ""ОРАНЖ БИЗНЕС СЕРВИСЕЗ""",7710456087,770701001,mismatch,match,match
11732,d96cb794-bafb-4493-9914-f664624d1949,text,d96cb794-bafb-4493-9914-f664624d1949.Истекает срок оплаты счета_735168456_22.04.2026.pdf,"ПАО ""МегаФон""",7707083893,770701001,"Кавказский филиал ПАО ""МегаФон""",7812014560,230802001,mismatch,mismatch,match
11736,bc3de13d-3180-4898-baa0-73ec749ee667,text,bc3de13d-3180-4898-baa0-73ec749ee667.123093065338_30.04.2026.pdf,"ПАО ""МегаФон""",7812014560,780143001,"Северо-Западный филиал ПАО ""МегаФон""",7812014560,784143001,match,mismatch,match
11741,d7959d4d-2e62-42c6-8eb1-762d63650835,text,d7959d4d-2e62-42c6-8eb1-762d63650835.2260200014206_docs.pdf,"ООО ""Оранж Бизнес Сервисез""",103771001096,770701001,"ООО ""ОРАНЖ БИЗНЕС СЕРВИСЕЗ""",7710456087,770701001,mismatch,match,match
11744,f62ad73b-43e0-4f57-ac06-a9b8e8b79fc0,text,f62ad73b-43e0-4f57-ac06-a9b8e8b79fc0.2260100094540_docs.pdf,"ООО ""Оранж Бизнес Сервисез""",103771001096,770701001,"ООО ""ОРАНЖ БИЗНЕС СЕРВИСЕЗ""",7710456087,770701001,mismatch,match,match
11746,7534535c-1105-46cc-80bc-42589cd15391,text,7534535c-1105-46cc-80bc-42589cd15391.УПД №1712 от 31.03.26.pdf,ООО «ОлимпПлюс»,2312153550,231701001,"ООО ""ОЛИМППЛЮС""",2312153550,237801001,match,mismatch,match
11751,fda8b02d-e2a3-4d00-847c-af4b9b2ad941,text,fda8b02d-e2a3-4d00-847c-af4b9b2ad941.100041404262_30.04.2026.pdf,"Северо-Западный филиал ПАО ""МегаФон""",7812014560,780143001,"Северо-Западный филиал ПАО ""МегаФон""",7812014560,784143001,match,mismatch,match
11753,c63bcd46-38f8-4b21-a1a4-51811033c2c7,text,c63bcd46-38f8-4b21-a1a4-51811033c2c7.2260300014136A_docs.pdf,"ООО ""Оранж Бизнес Сервисез""",103771001096,770701001,"ООО ""ОРАНЖ БИЗНЕС СЕРВИСЕЗ""",7710456087,770701001,mismatch,match,match
11754,64ef6674-e642-468b-9478-1058961c4ebd,text,64ef6674-e642-468b-9478-1058961c4ebd.163111290853_31.01.2026.pdf,"Северо-Западный филиал ПАО ""МегаФон""",7812014560,780143001,"Северо-Западный филиал ПАО ""МегаФон""",7812014560,784143001,match,mismatch,match
11755,232568f4-8de9-46ad-9a5d-20f2459e934f,text,232568f4-8de9-46ad-9a5d-20f2459e934f.Акт об уступке прав требования Вымпелком_D0717362_052026_5102F64A-B9F4-4CCA-BEDE-DD025DDAC166.pdf,ПАО «МТС»,7707050658,770701001,"ПАО ""МТС""",7740000076,997750001,mismatch,mismatch,match
11757,41a81216-e24d-484e-8045-454a6896aa0d,text,41a81216-e24d-484e-8045-454a6896aa0d.Истекает срок оплаты счета_735030288_19.03.2026.pdf,"ПАО ""МегаФон""",7702000122,770201001,"Поволжский филиал ПАО ""МегаФон""",7812014560,631643002,mismatch,mismatch,match
11759,18021a93-98d4-4d8d-a261-a597669d1a92,text,18021a93-98d4-4d8d-a261-a597669d1a92.59 Акт приема.pdf,ИП Таурайте Милана Вальдовна,322732500000,,Таурайте Милана Вальдовна,732593719589,,mismatch,both_missing,match
11763,87a2e7e5-a015-4548-bd80-fa3091b4768b,text,87a2e7e5-a015-4548-bd80-fa3091b4768b.2. 51530 АРБП .pdf,АО ГК «СЕРВИС-ТЕЛЕКОМ»,,,"ООО ""НОРД-КОМ""",5262215891,526201001,llm_missing,llm_missing,mismatch
11765,81f5f168-edb8-47a4-9ec2-7b848522dc9f,text,81f5f168-edb8-47a4-9ec2-7b848522dc9f.Истекает срок оплаты счета_735089036_18.02.2026.pdf,"ПАО ""МегаФон""",7702000001,770201001,"Кавказский филиал ПАО ""МегаФон""",7812014560,230802001,mismatch,mismatch,match
11768,c050f867-b397-467b-91aa-2d01b397fc24,text,c050f867-b397-467b-91aa-2d01b397fc24.Истекает срок оплаты счета_735119009_28.05.2026.pdf,"ПАО ""МегаФон""",7707083893,770701001,"Дальневосточный филиал ПАО ""МегаФон""",7812014560,272143001,mismatch,mismatch,match
11770,ee8350bd-0c16-4e4e-94ec-f51f0b46b036,text,ee8350bd-0c16-4e4e-94ec-f51f0b46b036.Истекает срок оплаты счета_708433301_25.02.2026.pdf,"ПАО ""МегаФон""",7702000123,770201001,"Северо-Западный филиал ПАО ""МегаФон""",7812014560,784143001,mismatch,mismatch,match
11777,2f838659-4d79-4d2f-9ece-003d7e194f33,text,2f838659-4d79-4d2f-9ece-003d7e194f33.ВымпелКом (переменка) от 31.03.2026г..pdf,"ООО ТК ""Петровско-Разумовский""",1310107201,,"ООО ТК ""ПЕТРОВСКО-РАЗУМОВСКИЙ""",7713551532,771301001,mismatch,llm_missing,match
11781,bb116015-1c92-497a-aa5c-30af4ffdeda7,text,bb116015-1c92-497a-aa5c-30af4ffdeda7.123093003359_31.03.2026.pdf,"ПАО ""МегаФон""",7812014560,780143001,"Северо-Западный филиал ПАО ""МегаФон""",7812014560,784143001,match,mismatch,match
11798,308464e0-ee6e-4a4c-a6d9-da4ed22f3ce8,text,308464e0-ee6e-4a4c-a6d9-da4ed22f3ce8.163093232648_31.03.2026.pdf,"Северо-Западный филиал ПАО ""МегаФон""",7812014560,780143001,"Северо-Западный филиал ПАО ""МегаФон""",7812014560,784143001,match,mismatch,match
11800,25037b1e-abbf-4c11-887e-68a887eabb4b,text,25037b1e-abbf-4c11-887e-68a887eabb4b.2260100012090_docs.pdf,"ООО ""Оранж Бизнес Сервисез""",103771001096,771045608,"ООО ""ОРАНЖ БИЗНЕС СЕРВИСЕЗ""",7710456087,770701001,mismatch,mismatch,match
11808,aec199f2-5622-4bbf-8778-ec2a12a6d994,text,aec199f2-5622-4bbf-8778-ec2a12a6d994.АС 20047_СТ Мелиоратор_v1.pdf,АССОЦИАЦИЯ САМОРЕГУЛИРУЕМЫХ ОРГАНИЗАЦИЙ ОБЩЕРОССИЙСКАЯ НЕГОСУДАРСТВЕННАЯ НЕКОММЕРЧЕСКАЯ ОРГАНИЗАЦИЯ - ОБЩЕРОССИЙСКОЕ МЕЖОТРАСЛЕВОЕ ОБЪЕДИНЕНИЕ РАБОТОДАТЕЛЕЙ «,,,"ООО ""РЕСКОМ""",3702522028,370201001,llm_missing,llm_missing,mismatch
11809,a3b0e234-a4ad-433c-b76a-578b4a2c1de0,text,a3b0e234-a4ad-433c-b76a-578b4a2c1de0.71 Акт приема.pdf,ИП Таурайте Милана Вальдовна,322732500000,,Таурайте Милана Вальдовна,732593719589,,mismatch,both_missing,match
11813,bfb550ed-4352-4ff1-801f-bfc3f0978c09,text,bfb550ed-4352-4ff1-801f-bfc3f0978c09.31333_Счет на оплату.pdf,"ООО ""ОБИТ""",1910140000,191010000,"ООО ""Обит""",7810204213,784201001,mismatch,mismatch,match
11814,ca77510c-7439-49f6-bccd-977d3a80e787,text,ca77510c-7439-49f6-bccd-977d3a80e787.Proforma_Invoice_2BM-7713076301-2012052807251168061080000000000_2BM-7826156685-783801001-201401201117022305126_20260601_792f340e-5f6a-45a8-a170-12b95b61a6fd.pdf,"ООО ""КОМУС""",7826156685,997650001,"ООО ""Деловые Линии""",7826156685,997650001,match,match,mismatch
11816,ab2d5ed8-3c50-43ab-a49b-08ccf488832c,text,ab2d5ed8-3c50-43ab-a49b-08ccf488832c.2260500037389_docs.pdf,"ООО ""Оранж Бизнес Сервисез""",103771001096,770701001,"ООО ""ОРАНЖ БИЗНЕС СЕРВИСЕЗ""",7710456087,770701001,mismatch,match,match
11818,630e9e77-5d0f-4ab0-8925-706dfffb19f8,text,630e9e77-5d0f-4ab0-8925-706dfffb19f8.Счет итоговый 19135 (0).pdf,"ПАО ""Кузбассэнергосбыт""",4205109214,420501001,"ПАО ""Кузбассэнергосбыт""",4205109214,775050001,match,mismatch,match
11820,745714f8-f3d0-47b3-a4a0-58f79dc26a49,text,745714f8-f3d0-47b3-a4a0-58f79dc26a49.Proforma_Invoice_2BM-7713076301-2012052807251168061080000000000_2BM-7826156685-783801001-201401201117022305126_20260506_c9017a5c-83ca-460c-9a4a-02dfa5e96a1f.pdf,"ООО ""КОМУС""",7721793895,772201001,"ООО ""Деловые Линии""",7826156685,997650001,mismatch,mismatch,mismatch
11821,a8829078-a2fb-425c-9a0c-21e1f131d645,text,a8829078-a2fb-425c-9a0c-21e1f131d645.ВымпелКом (переменка) от 31.03.2026г..pdf,"ООО ТК ""Петровско-Разумовский""",1310107201,,"ООО ТК ""ПЕТРОВСКО-РАЗУМОВСКИЙ""",7713551532,771301001,mismatch,llm_missing,match
11833,4410fb25-0d08-41f0-89f9-9a4408b683ad,text,4410fb25-0d08-41f0-89f9-9a4408b683ad.ИсД 76050 СвО_Андронова.pdf,"Свердловская обл, Слободо-Туринский р-н, Андронова д",,,"ООО ""ГудВорк""",7451275392,745301001,llm_missing,llm_missing,mismatch
11834,e34110fa-9fab-436d-a4f7-e93199750037,text,e34110fa-9fab-436d-a4f7-e93199750037.Истекает срок оплаты счета_735080994_19.03.2026.pdf,"ПАО ""МегаФон""",7702000001,770201001,"Кавказский филиал ПАО ""МегаФон""",7812014560,230802001,mismatch,mismatch,match
11847,263e7d93-43de-492a-8349-59d2cad82c67,text,263e7d93-43de-492a-8349-59d2cad82c67.Akt_Vympelkom.PDF,АО «Вятэнерго»,,,"ООО ""Теплоэнергодар""",2315147890,231501001,llm_missing,llm_missing,mismatch
11860,e897fbdd-8d76-4569-9b69-3ac32ff4eae0,text,e897fbdd-8d76-4569-9b69-3ac32ff4eae0.Счет № 906145 - 2 от 29.04.2026.pdf,"ПАО ""Мобильные ТелеСистемы""",7740000076,997750001,"ПАО ""МТС""",7740000076,997750001,match,match,mismatch
11863,52d8e237-37dd-4e67-85da-7c1a43a501ee,text,52d8e237-37dd-4e67-85da-7c1a43a501ee.Акт БЗ 75 Вымпелком - апрель 2026.pdf,ООО «Метросеть»,1149120000,770701001,"ООО ""Метросеть""",8603156041,860301001,mismatch,mismatch,match
11864,f3774c9a-e5b5-40d8-a746-f06fae53a254,text,f3774c9a-e5b5-40d8-a746-f06fae53a254.Proforma_Invoice_2BM-7713076301-2012052807251168061080000000000_2BM-7826156685-783801001-201401201117022305126_20260427_b96d8b59-3906-417a-b7e9-a4afe700ceb6.pdf,"ООО ""КОМУС""",7826156685,997650001,"ООО ""Деловые Линии""",7826156685,997650001,match,match,mismatch
11867,560ae5f7-9afa-4ee9-86a0-07e00ec3ed51,text,560ae5f7-9afa-4ee9-86a0-07e00ec3ed51.Счет № 902102 - 3 от 31.01.2026.pdf,"ПАО ""Мобильные ТелеСистемы""",7740000076,997750001,"ПАО ""МТС""",7740000076,997750001,match,match,mismatch
11871,27e6b805-f979-46b7-aeb7-9555b86de15d,text,27e6b805-f979-46b7-aeb7-9555b86de15d.Счет № 202378101108 - 6589499038 от 30.04.2026.pdf,Абдулов Азат Асхатович,,,"ПАО ""МТС""",7740000076,997750001,llm_missing,llm_missing,mismatch
11875,6de0930d-45de-4719-9489-79f22ed2a5fb,text,6de0930d-45de-4719-9489-79f22ed2a5fb.Счет итоговый 19135 (1).pdf,"ПАО ""Кузбассэнергосбыт""",4205109214,420501001,"ПАО ""Кузбассэнергосбыт""",4205109214,775050001,match,mismatch,match
11887,3e6f7423-5bcf-44bc-83e5-ba0cad89131d,text,3e6f7423-5bcf-44bc-83e5-ba0cad89131d.150028332941_31.03.2026.pdf,"ПАО ""МегаФон""",7812014560,780143001,"Северо-Западный филиал ПАО ""МегаФон""",7812014560,784143001,match,mismatch,match
11891,5d90ee0b-42a5-4990-98a0-7f406e0b18a1,text,5d90ee0b-42a5-4990-98a0-7f406e0b18a1.Истекает срок оплаты счета_735024447_28.05.2026.pdf,"ПАО ""МегаФон""",7707083893,770701001,"Уральский филиал ПАО ""МегаФон"".",7812014560,667003001,mismatch,mismatch,match
11892,c5cbe062-694b-458b-8f84-64752c804aee,text,c5cbe062-694b-458b-8f84-64752c804aee.Истекает срок оплаты счета_293238186843_10.02.2026.pdf,"ПАО ""МегаФон""",7702000122,770201001,"ПАО ""МЕГАФОН""",7812014560,997750001,mismatch,mismatch,match
11897,20802265-7d36-4818-a741-a32a003dd513,text,20802265-7d36-4818-a741-a32a003dd513.Расчет переменной платы Вымпелком.pdf,ООО «Кэвэлри Хаус Ист»,7707083893,770701001,"ООО ""КХ ИСТ""",7839308208,783801001,mismatch,mismatch,match
11901,0267a2e8-a191-42fa-ba47-ff875f2502c9,text,0267a2e8-a191-42fa-ba47-ff875f2502c9.83285_АМТ_АРБП.pdf,ООО «АМТ»,1410130000,141013000,"ООО ""АМТ""",3528245572,502901001,mismatch,mismatch,match
11902,408a5e68-df7c-4f34-80b3-b296cde54447,text,408a5e68-df7c-4f34-80b3-b296cde54447.Истекает срок оплаты счета_735134336_23.06.2026.pdf,"ПАО ""МегаФон""",7702000123,770201001,"Уральский филиал ПАО ""МегаФон"".",7812014560,667003001,mismatch,mismatch,match
11907,e4ee9872-3093-4612-8835-ae438a248deb,text,e4ee9872-3093-4612-8835-ae438a248deb.123093003359_30.04.2026.pdf,"ПАО ""МегаФон""",7812014560,780143001,"Северо-Западный филиал ПАО ""МегаФон""",7812014560,784143001,match,mismatch,match
11908,fdb66512-7f60-4431-9268-3ee803762ed1,text,fdb66512-7f60-4431-9268-3ee803762ed1.Proforma_Invoice_2BM-7713076301-2012052807251168061080000000000_2BM-7826156685-783801001-201401201117022305126_20260423_0776e53e-f8f5-4c8f-b2ef-43e49cbd2533.pdf,"ООО ""КОМУС""",7721793895,997350001,"ООО ""Деловые Линии""",7826156685,997650001,mismatch,mismatch,mismatch
11909,4ed05fd4-2bcb-4819-a017-115edce0d38b,text,4ed05fd4-2bcb-4819-a017-115edce0d38b.Истекает срок оплаты счета_735090357_20.05.2026.pdf,"ПАО ""МегаФон""",7702002628,770201001,"Северо-Западный филиал ПАО ""МегаФон""",7812014560,784143001,mismatch,mismatch,match
11913,6ef8c61a-612c-4de5-938f-dbbfbdf7ec19,text,6ef8c61a-612c-4de5-938f-dbbfbdf7ec19.Proforma_Invoice_2BM-7713076301-2012052807251168061080000000000_2BM-7826156685-783801001-201401201117022305126_20260611_0e9d564b-1177-40e1-b16c-2a2b4e76c393.pdf,"ООО ""КОМУС""",7721793895,772201001,"ООО ""Деловые Линии""",7826156685,997650001,mismatch,mismatch,mismatch
11922,898001a4-31c1-4765-bc6e-b7e3c582e809,text,898001a4-31c1-4765-bc6e-b7e3c582e809.Vympelkom_raschet_peremennoy_may_2026_gel.energiya.pdf,ПАО «Витне-Колумбия»,7713076301,771301001,"ООО ""Строй - пласт""",5047027575,504701001,mismatch,mismatch,mismatch
11924,1ad46051-cce8-4f4e-94e9-45c5f0776a13,text,1ad46051-cce8-4f4e-94e9-45c5f0776a13.2260500014632_docs.pdf,"ООО ""Оранж Бизнес Сервисез""",103771001096,770701001,"ООО ""ОРАНЖ БИЗНЕС СЕРВИСЕЗ""",7710456087,770701001,mismatch,match,match
11926,f890a463-d5bb-41d1-b278-66a456e281a0,text,f890a463-d5bb-41d1-b278-66a456e281a0.Счет № 202370760390 - 6589491421 от 30.04.2026.pdf,"ПАО ""МТС""",7740000076,027602001,"ПАО ""МТС""",7740000076,997750001,match,mismatch,match
11928,63cfbc06-0be2-41db-b61b-999e45f21bb2,text,63cfbc06-0be2-41db-b61b-999e45f21bb2.67 Акт приема.pdf,ИП Таурайте Милана Вальдовна,322732500000,,Таурайте Милана Вальдовна,732593719589,,mismatch,both_missing,match
11930,35789efa-269d-4f08-9285-41831a94721a,text,35789efa-269d-4f08-9285-41831a94721a.Proforma_Invoice_2BM-7713076301-2012052807251168061080000000000_2BM-7826156685-783801001-201401201117022305126_20260406_42fdad8c-fbab-44f1-b6bc-1fc4dacdaa1f.pdf,"ООО ""Деловые Линии""",7713076301,771301001,"ООО ""Деловые Линии""",7826156685,997650001,mismatch,mismatch,match
11932,f9028576-e690-49ff-986a-63090b61b54c,text,f9028576-e690-49ff-986a-63090b61b54c.Proforma_Invoice_2BM-7713076301-2012052807251168061080000000000_2BM-7826156685-783801001-201401201117022305126_20260604_05845b1c-db64-4c74-9772-b2e21dbaf98e.pdf,"ООО ""КОМУС""",7721793895,772201001,"ООО ""Деловые Линии""",7826156685,997650001,mismatch,mismatch,mismatch
11934,eff774ff-1acb-47c0-87f4-09621990e819,text,"eff774ff-1acb-47c0-87f4-09621990e819.Акт приема-передачи  г. Санкт-Петербург, Гражданский пр. д. 119.pdf",ООО «ВЕРТЕКС»,,770701001,"ООО ""ВЕРТЕКС""",6686080255,667801001,llm_missing,mismatch,match
11935,ac39302b-5eda-4e8c-964d-a709d2f0a079,text,ac39302b-5eda-4e8c-964d-a709d2f0a079.Расчёт коммуналки март 2026.pdf,МУП Теплоэнергия,,,"АО ""СЕВЕРСТАЛЬ-ИНФОКОМ""",3528007105,352801001,llm_missing,llm_missing,mismatch
11937,1fc4ad8d-3227-417d-8304-833257273848,text,1fc4ad8d-3227-417d-8304-833257273848.Vympelkom_raschet_peremennoy_aprel_2026_g.pdf,Не определено,,,"ООО ""Строй - пласт""",5047027575,504701001,llm_missing,llm_missing,mismatch
11949,1ab66251-78af-4181-b980-c3f9f6afbe16,text,1ab66251-78af-4181-b980-c3f9f6afbe16.Ф28_23019.pdf,ООО «Телетауэр»,108814900010,770701001,"ООО ""ТЕЛЕТАУЭР""",7743130852,775101001,mismatch,mismatch,match
11950,c182c1e2-0788-4185-8e8a-c91bac219d00,text,c182c1e2-0788-4185-8e8a-c91bac219d00.Рассылка запроса акта сверки.pdf,АО «АЛЬФА-БАНК»,,,"ООО ""ЛЕСНАЯ РИВЬЕРА""",4725000527,472601001,llm_missing,llm_missing,mismatch
11952,c284364a-a1bf-4100-84a1-8b4318a5a332,text,c284364a-a1bf-4100-84a1-8b4318a5a332.60 Акт приема.pdf,ИП Таурайте Милана Вальдовна,322732500000,,Таурайте Милана Вальдовна,732593719589,,mismatch,both_missing,match
11960,0ddc78d3-9ad5-4bda-a989-355183b24b05,text,0ddc78d3-9ad5-4bda-a989-355183b24b05.Счет № 909059 - 2 от 28.02.2026.pdf,"Публичное акционерное общество ""Мобильные ТелеСистемы""",7740000076,997750001,"ПАО ""МТС""",7740000076,997750001,match,match,mismatch
11961,11e57985-fef6-4f21-8b71-d3968a1f23fb,text,11e57985-fef6-4f21-8b71-d3968a1f23fb.Истекает срок оплаты счета_735024031_19.03.2026.pdf,"ПАО ""МегаФон""",7702000122,770201001,"Кавказский филиал ПАО ""МегаФон""",7812014560,230802001,mismatch,mismatch,match
11962,3b1f3e1a-d82c-4ff7-9969-10bf7c6a470d,text,3b1f3e1a-d82c-4ff7-9969-10bf7c6a470d.Акт №1 - 5 этап ОХЗ Ельники.pdf,ООО «Константа»,1147790001,770701001,"ООО ""Константа""",1001142070,780401001,mismatch,mismatch,match
11968,d7baa753-fa4a-4854-9463-5576a1233ec6,text,d7baa753-fa4a-4854-9463-5576a1233ec6.Истекает срок оплаты счета_843094472180_10.02.2026.pdf,"ПАО ""МегаФон""",7702000122,770201001,"Дальневосточный филиал ПАО ""МегаФон""",7812014560,272143001,mismatch,mismatch,match
11969,90b1fb07-786f-4506-983a-da13b95d5d47,text,90b1fb07-786f-4506-983a-da13b95d5d47.Счет № 231308137180 - 11602947091 от 28.02.2026.pdf,"ПАО ""МТС""",7740000076,312303001,"ПАО ""МТС""",7740000076,997750001,match,mismatch,match
11971,8c31059a-2218-4519-82ab-496ef3575cd7,text,8c31059a-2218-4519-82ab-496ef3575cd7.Истекает срок оплаты счета_735129392_18.02.2026.pdf,"ПАО ""МегаФон""",7702000001,770201001,"ПАО ""МЕГАФОН""",7812014560,997750001,mismatch,mismatch,match
11972,caa48df6-f23e-4540-8781-b6958fc2aef4,text,caa48df6-f23e-4540-8781-b6958fc2aef4.Истекает срок оплаты счета_735176759_22.04.2026.pdf,"ПАО ""МегаФон""",7702000001,770201001,"Сибирский филиал ПАО ""МегаФон""",7812014560,540643001,mismatch,mismatch,match
11973,53bd3c6b-0bd9-4276-bb5a-0c99776211ca,text,53bd3c6b-0bd9-4276-bb5a-0c99776211ca.Счет_ЭЭ_118210_28.02.2026.pdf,Свердловский филиал АО «ЭнергосбыТ Плюс»,5612042824,407028104,"Свердловский филиал АО ""ЭНЕРГОСБЫТ ПЛЮС"" ",5612042824,667043001,match,mismatch,match
11974,8b6bd93a-9ffa-43f9-8b27-bb4b6a163365,text,8b6bd93a-9ffa-43f9-8b27-bb4b6a163365.Proforma_Invoice_2BM-7713076301-2012052807251168061080000000000_2BM-7826156685-783801001-201401201117022305126_20260425_09a879c1-df72-47cd-8500-efc6156ac6cc.pdf,"ООО ""КОМУС""",7721793895,772201001,"ООО ""Деловые Линии""",7826156685,997650001,mismatch,mismatch,mismatch
11977,48e6f1d5-370b-4576-b469-97f55330b354,text,48e6f1d5-370b-4576-b469-97f55330b354.2251200014136B_docs.pdf,"ООО ""Оранж Бизнес Сервисез""",103771001096,771045608,"ООО ""ОРАНЖ БИЗНЕС СЕРВИСЕЗ""",7710456087,770701001,mismatch,mismatch,match
11978,7b9556c4-7717-408d-90cc-176a1c2585f4,text,7b9556c4-7717-408d-90cc-176a1c2585f4.Proforma_Invoice_2BM-7713076301-2012052807251168061080000000000_2BM-7826156685-783801001-201401201117022305126_20260430_84a96e69-0086-4d17-9e0b-8b10daeae7bc.pdf,"ООО ""КОМУС""",7721793895,772201001,"ООО ""Деловые Линии""",7826156685,997650001,mismatch,mismatch,mismatch
11984,b3025154-b3b6-4f23-b638-09d7b99fb477,text,b3025154-b3b6-4f23-b638-09d7b99fb477.Истекает срок оплаты счета_735149591_20.05.2026.pdf,"ПАО ""МегаФон""",7707083893,770701001,"ПАО ""МЕГАФОН""",7812014560,997750001,mismatch,mismatch,match
11985,6c30259b-0dcd-4e96-9607-ebe0b0c7dad9,text,6c30259b-0dcd-4e96-9607-ebe0b0c7dad9.2251200014136D_docs.pdf,"ООО ""Оранж Бизнес Сервисез""",103771001096,770701001,"ООО ""ОРАНЖ БИЗНЕС СЕРВИСЕЗ""",7710456087,770701001,mismatch,match,match
11992,0a0c4f0b-394b-445c-a040-c8675da64bdc,text,0a0c4f0b-394b-445c-a040-c8675da64bdc.Proforma_Invoice_2BM-7713076301-2012052807251168061080000000000_2BM-7826156685-783801001-201401201117022305126_20260413_6c81efae-6d46-42c3-be5b-119d7f140265.pdf,"ООО ""КОМУС""",7721793895,772201001,"ООО ""Деловые Линии""",7826156685,997650001,mismatch,mismatch,mismatch
11993,3f22b228-4e0a-401d-b74d-c81ccc2fcb7b,text,3f22b228-4e0a-401d-b74d-c81ccc2fcb7b.Истекает срок оплаты счета_735030310_25.02.2026.pdf,"ПАО ""МегаФон""",7702000123,770201001,"Поволжский филиал ПАО ""МегаФон""",7812014560,631643002,mismatch,mismatch,match
12002,b6b107bf-0f2a-4cf7-bcb8-73cddbdbf7a6,text,"b6b107bf-0f2a-4cf7-bcb8-73cddbdbf7a6.Акт приема-передачи ООО Вертекс_г. Санкт-Петербург, Московский пр-кт, д. 197, лит. А (1).pdf",ООО «Вертекс»,7707011506,770701001,"ООО ""ВЕРТЕКС""",6686080255,667801001,mismatch,mismatch,match
12005,345b5421-e709-436b-9d53-f82d7cd30106,text,345b5421-e709-436b-9d53-f82d7cd30106.2260100037389_docs.pdf,"ООО ""Оранж Бизнес Сервисез""",103771001096,770701001,"ООО ""ОРАНЖ БИЗНЕС СЕРВИСЕЗ""",7710456087,770701001,mismatch,match,match
12015,51e6ee41-6606-4af8-b5b3-4fe10dd219ce,text,51e6ee41-6606-4af8-b5b3-4fe10dd219ce.Расчёт коммуналки февраль 2026.pdf,МУП Теплоэнергия,,,"АО ""СЕВЕРСТАЛЬ-ИНФОКОМ""",3528007105,352801001,llm_missing,llm_missing,mismatch
12016,db0d2d6a-b995-4c6c-a850-d8b1b80969b0,text,db0d2d6a-b995-4c6c-a850-d8b1b80969b0.Истекает срок оплаты счета_735096917_18.02.2026.pdf,"ПАО ""МегаФон""",7702000001,770201001,"ПАО ""МЕГАФОН""",7812014560,997750001,mismatch,mismatch,match
12017,4b10ff32-8cda-4cd9-ac68-cfe1d4bb1784,text,4b10ff32-8cda-4cd9-ac68-cfe1d4bb1784.Истекает срок оплаты счета_735090357_23.06.2026.pdf,"ПАО ""МегаФон""",7702002628,770201001,"Северо-Западный филиал ПАО ""МегаФон""",7812014560,784143001,mismatch,mismatch,match
12023,ffe19893-2a7c-4378-9426-5fdcfacbd398,text,ffe19893-2a7c-4378-9426-5fdcfacbd398.ВымпелКом ПАО инф.отчет ин.комп..PDF,Vascular Soundworks DOO,,,"АО ""НКБ""",7714611569,773001001,llm_missing,llm_missing,mismatch
12028,c29614d6-b933-4bbb-9d34-d7e1e43c18f6,text,c29614d6-b933-4bbb-9d34-d7e1e43c18f6.Proforma_Invoice_2BM-7713076301-2012052807251168061080000000000_2BM-7826156685-783801001-201401201117022305126_20260605_c7ab84e4-dd9d-4d76-9c41-ddf613c2b6e1.pdf,"ООО ""КОМУС""",7721793895,772201001,"ООО ""Деловые Линии""",7826156685,997650001,mismatch,mismatch,mismatch
12029,2304bfe1-6c11-46ab-860b-6f617d451333,text,2304bfe1-6c11-46ab-860b-6f617d451333.Счет № 908957 - 3 от 31.12.2025.pdf,"Публичное акционерное общество ""Мобильные ТелеСистемы""",7740000076,997750001,"ПАО ""МТС""",7740000076,997750001,match,match,mismatch
12032,cbd7b0f7-2cea-4b6c-b509-d27bae2e80f3,text,cbd7b0f7-2cea-4b6c-b509-d27bae2e80f3.Истекает срок оплаты счета_735121499_23.06.2026.pdf,"ПАО ""МегаФон""",7707083893,770701001,"Кавказский филиал ПАО ""МегаФон""",7812014560,230802001,mismatch,mismatch,match
12036,587d94b3-edcd-4ec6-9b73-fcde762f92fa,text,587d94b3-edcd-4ec6-9b73-fcde762f92fa.Счет № 525126 - 1 от 30.11.2025.pdf,"ПАО ""Мобильные ТелеСистемы""",7740000076,997750001,"ПАО ""МТС""",7740000076,997750001,match,match,mismatch
12040,29f52203-d869-44fd-a9eb-9c81683245f2,text,29f52203-d869-44fd-a9eb-9c81683245f2.Истекает срок оплаты счета_735030144_20.05.2026.pdf,"ПАО ""МегаФон""",7702002698,770201001,"Поволжский филиал ПАО ""МегаФон""",7812014560,631643002,mismatch,mismatch,match
12041,d1d30732-d0f7-49ef-83b3-00434c824f70,text,d1d30732-d0f7-49ef-83b3-00434c824f70.Истекает срок оплаты счета_735177194_23.06.2026.pdf,"ПАО ""МегаФон""",7702002628,770201001,"Поволжский филиал ПАО ""МегаФон""",7812014560,631643002,mismatch,mismatch,match
12044,8e7b2f3a-0211-4a91-b16d-f88f808fb34d,text,8e7b2f3a-0211-4a91-b16d-f88f808fb34d.Акт сверки RU20 01.04.2026 - 30.04.2026.PDF,"ООО ""ХАЙДЕЛЬБЕРГЦЕМЕНТ РУС""",5036074848,503607484,"ООО ""ХайдельбергЦемент Рус""",5036074848,470701001,match,mismatch,match
12046,6e21e793-fb77-4437-a2d8-11ffc168e32b,text,6e21e793-fb77-4437-a2d8-11ffc168e32b.Счет итоговый 19135 (0).pdf,"ПАО ""Кузбассэнергосбыт""",4205109214,420501001,"ПАО ""Кузбассэнергосбыт""",4205109214,775050001,match,mismatch,match
12055,d48ec5bf-d429-4a77-9e75-7e24312fef32,text,d48ec5bf-d429-4a77-9e75-7e24312fef32.Истекает срок оплаты счета_735139956_23.06.2026.pdf,"ПАО ""МегаФон""",7707083893,770701001,"Кавказский филиал ПАО ""МегаФон""",7812014560,230802001,mismatch,mismatch,match
12056,8e67dc01-2bdc-41c1-8f02-d500b2937840,text,8e67dc01-2bdc-41c1-8f02-d500b2937840.70 Акт приема.pdf,ИП Таурайте Милана Вальдовна,322732500000,,Таурайте Милана Вальдовна,732593719589,,mismatch,both_missing,match
12058,3101eb35-4351-4603-9f94-42d6a9e7f9cb,text,3101eb35-4351-4603-9f94-42d6a9e7f9cb.Истекает срок оплаты счета_735119312_19.03.2026.pdf,"ПАО ""МегаФон""",7702000123,770201001,"Уральский филиал ПАО ""МегаФон"".",7812014560,667003001,mismatch,mismatch,match
12059,cf8ca8da-710c-4ff8-ba05-47a1c50179b3,text,cf8ca8da-710c-4ff8-ba05-47a1c50179b3.2. 51540 АРБП .pdf,АО ГК «СЕРВИС-ТЕЛЕКОМ»,,,"ООО ""НОРД-КОМ""",5262215891,526201001,llm_missing,llm_missing,mismatch
12061,6567061e-9a42-440e-8203-c3337440025d,text,6567061e-9a42-440e-8203-c3337440025d.Истекает срок оплаты счета_735031576_19.03.2026.pdf,"ПАО ""МегаФон""",7702000123,770201001,"Северо-Западный филиал ПАО ""МегаФон""",7812014560,784143001,mismatch,mismatch,match
12063,8d321b84-ce0b-4610-9462-2ca045d85332,text,8d321b84-ce0b-4610-9462-2ca045d85332.Вымпелком электроэнергия февраль.pdf,ПАО «Краснодарская публичная компания»,1020102026,102010202,"АО ""ПЛЕМЗАВОД ИМ. В. Н. ЦВЕТКОВА""",4011011065,401101001,mismatch,mismatch,mismatch
12064,e9d16d45-5129-484e-9439-814b9af17c64,text,e9d16d45-5129-484e-9439-814b9af17c64.Счет № 828086 - 369373 от 01.04.2026.pdf,"ПАО ""Мобильные ТелеСистемы""",7740000076,781343001,"ПАО ""МТС""",7740000076,997750001,match,mismatch,mismatch
12065,1e0e81bb-56d2-4ecb-9973-743aa7b4a6b2,text,1e0e81bb-56d2-4ecb-9973-743aa7b4a6b2.АКТ . Компенсация за сохранение БС_ИП Ремизова У.С_Судиславль.pdf,ИП Ремизова У.С.,,,Ремизова Ульяна Сергеевна,472005200122,,llm_missing,both_missing,mismatch
12069,58104604-ce27-4ab3-b892-b5894be272e4,text,58104604-ce27-4ab3-b892-b5894be272e4.МТС Стандартный счет на предоплату с 01.01.0001 по 01.01.0001.pdf,"ПАО ""МТС""",7740000076,027602001,"ПАО ""МТС""",7740000076,997750001,match,mismatch,match
12073,79ef8686-51db-4400-8e23-7ff430b213da,text,79ef8686-51db-4400-8e23-7ff430b213da.Акт №2 от 28.02.2026.pdf,ООО «БЕЛТЕЛЕКОМ»,7707083893,770701001,"ПАО ""РОССЕТИ ЦЕНТР""",6901067107,997650001,mismatch,mismatch,mismatch
12076,a1581218-f13f-4342-a869-dfb79ebd15b6,text,a1581218-f13f-4342-a869-dfb79ebd15b6.Proforma_Invoice_2BM-7713076301-2012052807251168061080000000000_2BM-7826156685-783801001-201401201117022305126_20260625_6181b3da-280e-41c1-b42b-f07aab89eb3d.pdf,"ООО ""КОМУС""",7721793895,772201001,"ООО ""Деловые Линии""",7826156685,997650001,mismatch,mismatch,mismatch
12077,5507b71a-e6a3-4282-bee3-4bc92e934f0b,text,5507b71a-e6a3-4282-bee3-4bc92e934f0b.Proforma_Invoice_2BM-7713076301-2012052807251168061080000000000_2BM-7826156685-783801001-201401201117022305126_20260410_9cce2ed7-3ad8-4b17-bc82-f68e7d117d60.pdf,"ООО ""Деловые Линии""",7713076301,771301001,"ООО ""Деловые Линии""",7826156685,997650001,mismatch,mismatch,match
12079,b43a1649-97f8-4596-9261-483c96d91123,text,b43a1649-97f8-4596-9261-483c96d91123.Акт Акбулак от 30.01.2026.pdf,ИП Ленинг В.А.,,,ИП Ленинг Виталий Александрович,561006528520,,llm_missing,both_missing,mismatch
12083,46884184-2d67-4544-b051-90df0bf125cc,text,46884184-2d67-4544-b051-90df0bf125cc.21094 Форма 28_акт допуска электроустановки.pdf,ООО «Постлинк»,,,"АО ""ИнсталСайт""",7713183945,771301001,llm_missing,llm_missing,mismatch
12085,f96c5a96-29df-439c-a494-a77f4851efd7,text,f96c5a96-29df-439c-a494-a77f4851efd7.Счет № 256358377081 - 6589471460 от 30.04.2026.pdf,"ПАО ""МТС""",7740000076,561002001,"ПАО ""МТС""",7740000076,997750001,match,mismatch,match
12087,05caa350-3b4c-4d91-b01c-a0eaa51596b9,text,05caa350-3b4c-4d91-b01c-a0eaa51596b9.Счет итоговый 19135 (0).pdf,"ПАО ""Кузбассэнергосбыт""",4205109214,420501001,"ПАО ""Кузбассэнергосбыт""",4205109214,775050001,match,mismatch,match
12093,c48f5526-b768-4d73-a821-febf42461dac,text,c48f5526-b768-4d73-a821-febf42461dac.140004450783_31.03.2026.pdf,"Северо-Западный филиал ПАО ""МегаФон""",7812014560,780143001,"Северо-Западный филиал ПАО ""МегаФон""",7812014560,784143001,match,mismatch,match
12094,3f95955e-59de-4234-9773-2dfd0bb40d53,text,3f95955e-59de-4234-9773-2dfd0bb40d53.173092591775_30.04.2026.pdf,"Северо-Западный филиал ПАО ""МегаФон""",7812014560,780143001,"Северо-Западный филиал ПАО ""МегаФон""",7812014560,784143001,match,mismatch,match
12103,62bcc97b-1e76-4d1a-a4cc-b9b5111017c2,text,62bcc97b-1e76-4d1a-a4cc-b9b5111017c2.74632 Исполнительная документация_ОК.pdf,Индивидуальный предприниматель Стулов В.В.,744713805634,,Стулов Виктор Васильевич,744713805634,,match,both_missing,mismatch
12107,47ecf82d-684c-4c60-b3ba-2c0df111f68c,text,47ecf82d-684c-4c60-b3ba-2c0df111f68c.Счет № 256358377081 - 6589471460 от 30.04.2026.pdf,"ПАО ""МТС""",7740000076,561002001,"ПАО ""МТС""",7740000076,997750001,match,mismatch,match
12110,fd0da366-cb74-46b7-96e4-9a2c25d15d99,text,fd0da366-cb74-46b7-96e4-9a2c25d15d99.73 Акт приема.pdf,ИП Таурайте Милана Вальдовна,322732500000,,Таурайте Милана Вальдовна,732593719589,,mismatch,both_missing,match
12123,809c485f-c252-4935-8812-f5e6e6c30069,text,809c485f-c252-4935-8812-f5e6e6c30069.final_акт 7 ОП.pdf,ПАО «Мобильные ТелеСистемы»,7707083893,770701001,"ПАО ""МТС""",7740000076,997750001,mismatch,mismatch,mismatch
12124,e1ac7cf3-4412-4273-9c29-5387bc8544a3,text,e1ac7cf3-4412-4273-9c29-5387bc8544a3.Ф28 51275 (1).pdf,"АО ""Синерджи Телеком""",8921899331,,"ООО ""ТЕЛЕКОМРАЗВИТИЕ""",5261113826,526101001,mismatch,llm_missing,mismatch
12128,a71b5dbb-f0f4-479e-9c0b-8862ec37375a,text,a71b5dbb-f0f4-479e-9c0b-8862ec37375a.2. 51245 АРБП.pdf,АО ГК «СЕРВИС-ТЕЛЕКОМ»,,,"ООО ""НОРД-КОМ""",5262215891,526201001,llm_missing,llm_missing,mismatch
12135,2b8710cd-2f71-4a36-a039-2a4d932ef3f4,text,2b8710cd-2f71-4a36-a039-2a4d932ef3f4.уведомление Вымпелком договор 24 01.pdf,ПАО «Бинбанк»,7606075867,760601001,"ОАО ""РОКОТЕЛ""",2508012480,250801001,mismatch,mismatch,mismatch
12137,74bf0206-beec-49fc-96a3-d0b8a9f30700,text,74bf0206-beec-49fc-96a3-d0b8a9f30700.Вымпел-Ком ээ.pdf,МТС,7450039025,744801001,"ООО УК ""МОЛНИЯ НЕДВИЖИМОСТЬ""",7450039025,744801001,match,match,mismatch
12138,4afa1925-729c-4445-9c86-052195cca037,text,4afa1925-729c-4445-9c86-052195cca037.163108297850_30.04.2026.pdf,"Северо-Западный филиал ПАО ""МегаФон""",7812014560,780143001,"Северо-Западный филиал ПАО ""МегаФон""",7812014560,784143001,match,mismatch,match
12140,48ce5186-0958-4162-aeee-0759169cc240,text,48ce5186-0958-4162-aeee-0759169cc240.Истекает срок оплаты счета_735129911_18.02.2026.pdf,"ПАО ""МегаФон""",7702000001,770201001,"Центральный филиал ПАО ""МегаФон""",7812014560,526202001,mismatch,mismatch,match
12142,6d1e26db-b4a5-4c1e-b0ec-e47b642f4a24,text,6d1e26db-b4a5-4c1e-b0ec-e47b642f4a24.Proforma_Invoice_2BM-7713076301-2012052807251168061080000000000_2BM-7826156685-783801001-201401201117022305126_20260611_87ee618f-22c1-4084-8086-65e14d26a4a3.pdf,"ООО ""КОМУС""",7721793895,772201001,"ООО ""Деловые Линии""",7826156685,997650001,mismatch,mismatch,mismatch
12144,8a8b3c8d-a291-461d-b225-bea13a97e203,text,8a8b3c8d-a291-461d-b225-bea13a97e203.Vympelkom_el.energiya_raschet_peremennoy_yanvar_2026_g.pdf,ПАО «Вятэнерго»,7713076301,771307630,"ООО ""Строй - пласт""",5047027575,504701001,mismatch,mismatch,mismatch
12145,89654a82-1dfe-4bb3-ba58-7ff01a8d9ee3,text,89654a82-1dfe-4bb3-ba58-7ff01a8d9ee3.123094115762_28.02.2026.pdf,"Северо-Западный филиал ПАО ""МегаФон""",7812014560,780143001,"Северо-Западный филиал ПАО ""МегаФон""",7812014560,784143001,match,mismatch,match
12146,b7b6e6b9-5885-4bec-bd6f-a486c0de6f76,text,b7b6e6b9-5885-4bec-bd6f-a486c0de6f76.УПД.pdf,"АО ""ОРИЕНТ-ТЕЛЕКОМ""",3808047630,380801001,Тестовая организация №5970977,9659709772,965901000,mismatch,mismatch,mismatch
12154,d45e8919-7605-48ca-9e92-f4dbccf24b37,text,d45e8919-7605-48ca-9e92-f4dbccf24b37.2260200016126_docs.pdf,"ООО ""Оранж Бизнес Сервисез""",103771001096,770701001,"ООО ""ОРАНЖ БИЗНЕС СЕРВИСЕЗ""",7710456087,770701001,mismatch,match,match
12164,f89ec840-25e5-45eb-9b38-28afb7dde42e,text,f89ec840-25e5-45eb-9b38-28afb7dde42e.2251200014136E_docs.pdf,"ООО ""Оранж Бизнес Сервисез""",103771001096,771045608,"ООО ""ОРАНЖ БИЗНЕС СЕРВИСЕЗ""",7710456087,770701001,mismatch,mismatch,match
12166,8522c493-6ce4-4ae3-9ad4-48f357ff5256,text,8522c493-6ce4-4ae3-9ad4-48f357ff5256.Proforma_Invoice_2BM-7713076301-2012052807251168061080000000000_2BM-7826156685-783801001-201401201117022305126_20260403_6f56ad8e-8627-4f5c-8398-fc5a8b3b78cb.pdf,"ООО ""КОМУС""",7826156685,997650001,"ООО ""Деловые Линии""",7826156685,997650001,match,match,mismatch
12170,7a5ad0e2-5cd4-4470-a098-b14db742042b,text,7a5ad0e2-5cd4-4470-a098-b14db742042b.2260100014206_docs.pdf,"ООО ""Оранж Бизнес Сервисез""",103771001096,771045608,"ООО ""ОРАНЖ БИЗНЕС СЕРВИСЕЗ""",7710456087,770701001,mismatch,mismatch,match
12171,6ecb836d-9b63-46b2-8605-e0a2ddfff853,text,6ecb836d-9b63-46b2-8605-e0a2ddfff853.Счет № 900829 - 2 от 28.02.2026.pdf,"Публичное акционерное общество ""Мобильные ТелеСистемы""",7740000076,997750001,"ПАО ""МТС""",7740000076,997750001,match,match,mismatch
12184,f4d002b9-27fa-46be-a879-8e2346a03b4a,text,f4d002b9-27fa-46be-a879-8e2346a03b4a.Акт БЗ 75 Вымпелком - апрель 2026.pdf,ООО «Метросеть»,1149010001,750101001,"ООО ""Метросеть""",8603156041,860301001,mismatch,mismatch,match
12185,4746273b-68bd-47ad-ad46-bebba08f04b8,text,4746273b-68bd-47ad-ad46-bebba08f04b8.Счет № 544 от 31.05.2026.PDF,ООО «ОКРАН»,3906951787,390601001,"ООО ""ЭКРАН""",3906951787,390601001,match,match,mismatch
12187,9f2d7b28-5b25-4936-ad54-b29ab89db3e7,text,9f2d7b28-5b25-4936-ad54-b29ab89db3e7.Счет итоговый 19135 (0).pdf,"ПАО ""Кузбассэнергосбыт""",4205109214,420501001,"ПАО ""Кузбассэнергосбыт""",4205109214,775050001,match,mismatch,match
12191,06adb0f0-4968-4998-be0b-e5f2d4952a54,text,06adb0f0-4968-4998-be0b-e5f2d4952a54.163111290853_30.04.2026.pdf,"Северо-Западный филиал ПАО ""МегаФон""",7812014560,780143001,"Северо-Западный филиал ПАО ""МегаФон""",7812014560,784143001,match,mismatch,match
12196,2fb15517-af78-4a74-99fa-69df4a747a87,text,2fb15517-af78-4a74-99fa-69df4a747a87.Proforma_Invoice_2BM-7713076301-2012052807251168061080000000000_2BM-7826156685-783801001-201401201117022305126_20260413_ace3feb1-b3fa-4e6e-92fd-f2dadc99a45e.pdf,"ООО ""КОМУС""",7721793895,772201001,"ООО ""Деловые Линии""",7826156685,997650001,mismatch,mismatch,mismatch
12200,78b25484-5ccc-49a3-9a4e-653eee0def5b,text,78b25484-5ccc-49a3-9a4e-653eee0def5b.2260500014136D_docs.pdf,"ООО ""Оранж Бизнес Сервисез""",103771001096,771045608,"ООО ""ОРАНЖ БИЗНЕС СЕРВИСЕЗ""",7710456087,770701001,mismatch,mismatch,match
12201,aae8c87a-8131-40dd-9f0a-cead06a42561,text,aae8c87a-8131-40dd-9f0a-cead06a42561.Акт №1 - 5 этап ОХЗ Пурдошки.pdf,ООО «Константа»,1147710001,770701001,"ООО ""Константа""",1001142070,780401001,mismatch,mismatch,match
12203,0164429f-577b-4b93-83ba-f94dba9fb21a,text,0164429f-577b-4b93-83ba-f94dba9fb21a.2260500013808_docs.pdf,"ООО ""Оранж Бизнес Сервисез""",103771001096,771045608,"ООО ""ОРАНЖ БИЗНЕС СЕРВИСЕЗ""",7710456087,770701001,mismatch,mismatch,match
12213,0a33c5b1-a4dc-4632-b741-fa8851af5d53,text,0a33c5b1-a4dc-4632-b741-fa8851af5d53.Истекает срок оплаты счета_735134358_20.05.2026.pdf,"ПАО ""МегаФон""",7702000122,770201001,"Уральский филиал ПАО ""МегаФон"".",7812014560,667003001,mismatch,mismatch,match
12215,52d94050-8301-4481-8485-59615088fc4e,text,52d94050-8301-4481-8485-59615088fc4e.2260500013578_docs.pdf,"ООО ""Оранж Бизнес Сервисез""",103771001096,771045608,"ООО ""ОРАНЖ БИЗНЕС СЕРВИСЕЗ""",7710456087,770701001,mismatch,mismatch,match
12216,9ec44412-b19d-40f3-b658-b77bf27b9168,text,9ec44412-b19d-40f3-b658-b77bf27b9168.Ф28 55086_УлО_Криуши_2.pdf,ООО «Арзид»,432027000000,432027000,"ООО ""АРЗИД""",7325151541,732501001,mismatch,mismatch,match
12220,bfa9de77-236b-4c28-bb07-6e97b035583a,text,bfa9de77-236b-4c28-bb07-6e97b035583a.Истекает срок оплаты счета_735129406_22.04.2026.pdf,"ПАО ""МегаФон""",7702000122,770201001,"Уральский филиал ПАО ""МегаФон"".",7812014560,667003001,mismatch,mismatch,match
12226,0dc175eb-bdae-4aef-8731-c26473569bce,text,0dc175eb-bdae-4aef-8731-c26473569bce.2260400012777_docs.pdf,"ООО ""Оранж Бизнес Сервисез""",103771001096,770701001,"ООО ""ОРАНЖ БИЗНЕС СЕРВИСЕЗ""",7710456087,770701001,mismatch,match,match
12229,f343daae-9be6-436b-b074-242efca2e883,text,f343daae-9be6-436b-b074-242efca2e883.Счет на оплату электроэнергии за апрель 2026г..PDF,ООО «Хуза-94»,8904004490,890401001,"ООО ""Ника-94""",8904004490,890401001,match,match,mismatch
12231,e6015e1d-64eb-48d6-b595-7fb023b92bc8,text,e6015e1d-64eb-48d6-b595-7fb023b92bc8.Истекает срок оплаты счета_735110326_18.02.2026.pdf,"ПАО ""МегаФон""",7702000001,770201001,"Сибирский филиал ПАО ""МегаФон""",7812014560,540643001,mismatch,mismatch,match
12234,5eb841c3-9ac1-46d4-b628-436b96d3e8c0,text,5eb841c3-9ac1-46d4-b628-436b96d3e8c0.Акт.pdf,"МАУДО ""СШ ""БАЛАКОВО""",6439052126,643908212,Тестовая организация №5970977,9659709772,965901000,mismatch,mismatch,mismatch
12235,71797340-57db-4644-856a-f1959e2b1430,text,71797340-57db-4644-856a-f1959e2b1430.Акт №1 от 16.02.2026.pdf,Ⱥ?9>E4A8DB6<K4,,,"ПАО ""РОССЕТИ ЦЕНТР""",6901067107,997650001,llm_missing,llm_missing,mismatch
12239,cc2a330c-5ae6-4d74-a0f9-ddd3de4e5a2b,text,cc2a330c-5ae6-4d74-a0f9-ddd3de4e5a2b.4 Вымпелком.pdf,ООО «Газпром трансгаз Казань»,7707083893,770701001,"ООО ""Газпром трансгаз Казань""",1600000036,168150001,mismatch,mismatch,match
12240,2e0f9970-6795-4336-8579-4cd812bef4ff,text,2e0f9970-6795-4336-8579-4cd812bef4ff.Истекает срок оплаты счета_735089036_23.06.2026.pdf,"ПАО ""МегаФон""",7702000123,770201001,"Кавказский филиал ПАО ""МегаФон""",7812014560,230802001,mismatch,mismatch,match
12243,d4d46907-5905-4f11-b67d-46ae875752b8,text,d4d46907-5905-4f11-b67d-46ae875752b8.140004450783_31.01.2026.pdf,"Северо-Западный филиал ПАО ""МегаФон""",7812014560,780143001,"Северо-Западный филиал ПАО ""МегаФон""",7812014560,784143001,match,mismatch,match
12244,b8e3db39-d66f-4007-9d62-4692c25aba23,text,b8e3db39-d66f-4007-9d62-4692c25aba23.TU АКТ СДАЧИ-ПРИЕМКИ УСЛУГ.pdf,Пузырев А.С.,319645100039,,Пузырев Арсений Сергеевич,641901849690,,mismatch,both_missing,mismatch
12251,d2357139-21f1-4b44-9973-92a8be4f770a,text,d2357139-21f1-4b44-9973-92a8be4f770a.Ф28 51275.pdf,"АО ""Синерджи Телеком""",8921899331,,"ООО ""ТЕЛЕКОМРАЗВИТИЕ""",5261113826,526101001,mismatch,llm_missing,mismatch
12254,80250043-ef37-4a4e-89af-f70ec74b5dd9,text,80250043-ef37-4a4e-89af-f70ec74b5dd9.2260400014136C_docs.pdf,"ООО ""Оранж Бизнес Сервисез""",103771001096,,"ООО ""ОРАНЖ БИЗНЕС СЕРВИСЕЗ""",7710456087,770701001,mismatch,llm_missing,match
12260,fb6cdb08-4b62-40fd-888f-4a8164047775,text,fb6cdb08-4b62-40fd-888f-4a8164047775.Вымпелком возврат.pdf,СКТиС ФГБОУ ВО ИрГУПС,3812010086,381245002,ФГБОУ ВО ИРГУПС,3812010086,381201001,match,mismatch,match
12262,10d8407a-132a-44c3-a44c-66a0bdb94ce7,text,10d8407a-132a-44c3-a44c-66a0bdb94ce7.Истекает срок оплаты счета_735024119_19.03.2026.pdf,"ПАО ""МегаФон""",7702000123,770201001,"Кавказский филиал ПАО ""МегаФон""",7812014560,230802001,mismatch,mismatch,match
12263,f24f96c2-16c4-4090-8551-8dbf4dc11b80,text,f24f96c2-16c4-4090-8551-8dbf4dc11b80.Proforma_Invoice_2BM-7713076301-2012052807251168061080000000000_2BM-7826156685-783801001-201401201117022305126_20260403_047e3e9c-1c3a-4635-98f7-621294730ff7.pdf,"ООО ""Деловые Линии""",7713076301,771301001,"ООО ""Деловые Линии""",7826156685,997650001,mismatch,mismatch,match
12271,e6817298-38dd-4f5b-9e0b-3ad0d11632d0,text,e6817298-38dd-4f5b-9e0b-3ad0d11632d0.Расчет переменной платы Вымпелком.pdf,ООО «Кэвэлри Хаус Ист»,7707083893,770701001,"ООО ""КХ ИСТ""",7839308208,783801001,mismatch,mismatch,match
12282,d54ff42b-5f70-4bc4-b4da-fc457f3e4757,text,d54ff42b-5f70-4bc4-b4da-fc457f3e4757.Счет № 908762 - 1 от 31.08.2025.pdf,"Публичное акционерное общество ""Мобильные ТелеСистемы""",7740000076,997750001,"ПАО ""МТС""",7740000076,997750001,match,match,mismatch
12285,8b8061fb-a6fd-47e0-b4f6-f18dae6aae58,text,8b8061fb-a6fd-47e0-b4f6-f18dae6aae58.Счет № 901661 - 3 от 30.04.2026.pdf,"ПАО ""Мобильные ТелеСистемы""",7740000076,997750001,"ПАО ""МТС""",7740000076,997750001,match,match,mismatch
12292,d2489256-3da1-42a2-834f-5f44174707a8,text,d2489256-3da1-42a2-834f-5f44174707a8.Счет № 904504 - 2 от 30.11.2025.pdf,"Публичное акционерное общество ""Мобильные ТелеСистемы""",7740000076,997750001,"ПАО ""МТС""",7740000076,997750001,match,match,mismatch
12295,378c0f1c-7a10-4b9e-b492-7cae2684ee46,text,378c0f1c-7a10-4b9e-b492-7cae2684ee46.Proforma_Invoice_2BM-7713076301-2012052807251168061080000000000_2BM-7826156685-783801001-201401201117022305126_20260629_df59dd8c-5768-4322-967e-3f238d04bb61.pdf,"ООО ""КОМУС""",7721793895,772201001,"ООО ""Деловые Линии""",7826156685,997650001,mismatch,mismatch,mismatch
12297,14dc118f-40ff-47f6-8a6e-8b526f2c892c,text,14dc118f-40ff-47f6-8a6e-8b526f2c892c.Счет № 256362795174 - 6611084536 от 31.05.2026.pdf,"ПАО ""МТС""",7740000076,561002001,"ПАО ""МТС""",7740000076,997750001,match,mismatch,match
12300,5a89cb5e-c2dd-44d7-9a6f-12f14e586deb,text,5a89cb5e-c2dd-44d7-9a6f-12f14e586deb.2260200013808_docs.pdf,"ООО ""Оранж Бизнес Сервисез""",103771001096,771045608,"ООО ""ОРАНЖ БИЗНЕС СЕРВИСЕЗ""",7710456087,770701001,mismatch,mismatch,match
12301,7f24542f-e841-4e8d-bffa-b93b5e0702aa,text,7f24542f-e841-4e8d-bffa-b93b5e0702aa.Истекает срок оплаты счета_735012968_28.05.2026.pdf,"ПАО ""МегаФон""",7702000122,770201001,"Центральный филиал ПАО ""МегаФон""",7812014560,526202001,mismatch,mismatch,match
12306,16da6716-3bd9-4a03-b2b3-a642e77203af,text,16da6716-3bd9-4a03-b2b3-a642e77203af.Proforma_Invoice_2BM-7713076301-2012052807251168061080000000000_2BM-7826156685-783801001-201401201117022305126_20260513_705859a4-d400-4e02-bd1d-e3a23437398a.pdf,"ООО ""КОМУС""",7721793895,772201001,"ООО ""Деловые Линии""",7826156685,997650001,mismatch,mismatch,mismatch
12307,8a9b32d2-905b-46bf-844a-8b4c7e0e2961,text,8a9b32d2-905b-46bf-844a-8b4c7e0e2961.Proforma_Invoice_2BM-7713076301-2012052807251168061080000000000_2BM-7826156685-783801001-201401201117022305126_20260611_41f5e96a-991e-4e2f-b524-16920e1c0131.pdf,"ООО ""КОМУС""",7721793895,772201001,"ООО ""Деловые Линии""",7826156685,997650001,mismatch,mismatch,mismatch
12310,a5eadbe7-a855-432d-901f-f0306d0d4cd1,text,a5eadbe7-a855-432d-901f-f0306d0d4cd1.2251200017015_docs.pdf,"ООО ""Оранж Бизнес Сервисез""",103771001096,770701001,"ООО ""ОРАНЖ БИЗНЕС СЕРВИСЕЗ""",7710456087,770701001,mismatch,match,match
12315,b1eaaef5-9726-4fc9-8e03-ffcab96faf6d,text,b1eaaef5-9726-4fc9-8e03-ffcab96faf6d.2026_02__PJ002__240790.pdf,"АО ""ПФК""",,,Филиал АО «ПФК»,7731121099,772243001,llm_missing,llm_missing,mismatch
12317,9045d1c6-d04c-4b57-bd33-48cdfee6d699,text,9045d1c6-d04c-4b57-bd33-48cdfee6d699.IMG_20260514_0004.pdf,ООО «Сетевые информационные системы»,7702011807,770201001,"ООО НПП ""СИС""",6316048881,631701001,mismatch,mismatch,match
12326,bba7cfb5-2169-43b9-babe-3f8221c95212,text,bba7cfb5-2169-43b9-babe-3f8221c95212.58 Акт приема.pdf,ИП Таурайте Милана Вальдовна,322732500000,,Таурайте Милана Вальдовна,732593719589,,mismatch,both_missing,match
12328,ec5f5d9e-8aee-4490-a3b1-f07fb99813d3,text,ec5f5d9e-8aee-4490-a3b1-f07fb99813d3.Proforma_Invoice_2BM-7713076301-2012052807251168061080000000000_2BM-7826156685-783801001-201401201117022305126_20260605_bceed230-b1c7-40b6-9ae8-a010e343b58d.pdf,"ООО ""КОМУС""",7721793895,772201001,"ООО ""Деловые Линии""",7826156685,997650001,mismatch,mismatch,mismatch
12329,5b6ef548-4c31-43ab-9f5c-37707b6fb875,text,5b6ef548-4c31-43ab-9f5c-37707b6fb875.ВымпелКом (переменка) от 31.03.2026г..pdf,"ООО ТК ""Петровско-Разумовский""",1310107201,,"ООО ТК ""ПЕТРОВСКО-РАЗУМОВСКИЙ""",7713551532,771301001,mismatch,llm_missing,match
12331,94ef9afd-d3bf-49ab-bee2-c2029cb2136c,text,94ef9afd-d3bf-49ab-bee2-c2029cb2136c.2512_7713076301_482545001_848000008676_detkr_1.pdf,"АО КБ ""СИТИБАНК""",,,"Макрорегиональный филиал ""Центр"" ПАО ""Ростелеком""",7707049388,773443001,llm_missing,llm_missing,mismatch
12338,5029e7cb-d6c1-45c9-a502-1c5b765efa79,text,5029e7cb-d6c1-45c9-a502-1c5b765efa79.Proforma_Invoice_2BM-7713076301-2012052807251168061080000000000_2BM-7826156685-783801001-201401201117022305126_20260513_45a1ff3d-aac5-48bf-b9dc-0660544672cb.pdf,"ООО ""КОМУС""",7721793895,772201001,"ООО ""Деловые Линии""",7826156685,997650001,mismatch,mismatch,mismatch
12342,da82c723-a5ca-44b6-9c0f-e623aac80f4a,text,da82c723-a5ca-44b6-9c0f-e623aac80f4a.БИЛ_АКТ_Компенсация за открытие БС_Калининград_Московский 277_.pdf,ИП Герасименок А.А.,,,Герасименок Анатолий Анатольевич,390603126665,,llm_missing,both_missing,mismatch
12344,77c8ef86-f05c-4e30-8719-dd34eba48081,text,77c8ef86-f05c-4e30-8719-dd34eba48081.173092986796_31.05.2026.pdf,"ПАО ""МегаФон""",7812014560,780143001,"Северо-Западный филиал ПАО ""МегаФон""",7812014560,784143001,match,mismatch,match
12351,687d0ba5-20a0-4cef-8e97-b03f69c32b0c,text,687d0ba5-20a0-4cef-8e97-b03f69c32b0c.Proforma_Invoice_2BM-7713076301-2012052807251168061080000000000_2BM-7826156685-783801001-201401201117022305126_20260410_6c72da27-731e-4f13-879b-0d74504dba7c.pdf,"ООО ""Деловые Линии""",7713076301,771301001,"ООО ""Деловые Линии""",7826156685,997650001,mismatch,mismatch,match
12354,1c857d99-d96c-4bfe-9164-90c82a95c424,text,1c857d99-d96c-4bfe-9164-90c82a95c424.Отчет.pdf,МУП Теплоэнергия,,,"АО ""СЕВЕРСТАЛЬ-ИНФОКОМ""",3528007105,352801001,llm_missing,llm_missing,mismatch
12358,3d92ebfb-5ce8-4f72-b975-c0440ea276c8,text,3d92ebfb-5ce8-4f72-b975-c0440ea276c8.Proforma_Invoice_2BM-7713076301-2012052807251168061080000000000_2BM-7826156685-783801001-201401201117022305126_20260414_7387646a-9d48-4b16-8b83-e7d967eecfff.pdf,"ООО ""КОМУС""",7721793895,772201001,"ООО ""Деловые Линии""",7826156685,997650001,mismatch,mismatch,mismatch
12363,babaedde-8278-4a4f-b72c-ee8be93c2418,text,babaedde-8278-4a4f-b72c-ee8be93c2418.Ф28 51597.pdf,ООО «ТелекомРазвитие»,7707083893,770701001,"ООО ""ТЕЛЕКОМРАЗВИТИЕ""",5261113826,526101001,mismatch,mismatch,match
12368,489c5248-7497-4669-87a4-537e386a5d8b,text,489c5248-7497-4669-87a4-537e386a5d8b.Счет № 202378101108 - 6589499038 от 30.04.2026.pdf,Абдулов Азат Асхатович,,,"ПАО ""МТС""",7740000076,997750001,llm_missing,llm_missing,mismatch
12373,e5391ac8-1721-4a42-aee3-9a9b3eba4a4f,text,e5391ac8-1721-4a42-aee3-9a9b3eba4a4f.Акт Южный от 30.01.2026.pdf,ИП Ленинг В.А.,,,ИП Ленинг Виталий Александрович,561006528520,,llm_missing,both_missing,mismatch
12378,200227c1-637e-4f52-8522-951ae156f857,text,200227c1-637e-4f52-8522-951ae156f857.183095886449_31.05.2026.pdf,"ПАО ""МегаФон""",7812014560,780143001,"Северо-Западный филиал ПАО ""МегаФон""",7812014560,784143001,match,mismatch,match
12380,b088fb0e-23df-4b32-97db-713d00351218,text,b088fb0e-23df-4b32-97db-713d00351218.Истекает срок оплаты счета_290154813321_26.06.2026.pdf,"ПАО ""МегаФон""",7702002628,770201001,"ПАО ""МЕГАФОН""",7812014560,997750001,mismatch,mismatch,match
12381,beef4a05-fb80-432d-8629-f6696aff9050,text,beef4a05-fb80-432d-8629-f6696aff9050.Истекает срок оплаты счета_735139956_18.02.2026.pdf,"ПАО ""МегаФон""",7702000001,770201001,"Кавказский филиал ПАО ""МегаФон""",7812014560,230802001,mismatch,mismatch,match
12384,ddf6ae26-4b6e-4f73-b590-7a283d947809,text,ddf6ae26-4b6e-4f73-b590-7a283d947809.22603EK002545_docs.pdf,"ООО ""Оранж Бизнес Сервисез""",103771001096,770701001,"ООО ""ОРАНЖ БИЗНЕС СЕРВИСЕЗ""",7710456087,770701001,mismatch,match,match
12385,2af7f962-bd64-433d-bc0a-0212324f4fd5,text,2af7f962-bd64-433d-bc0a-0212324f4fd5.Вымпел.pdf,ГБПОУ Салаватский индустриальный колледж,1026600346,026601001,ГБПОУ СМСК,0266005367,026601001,mismatch,match,mismatch
12391,a5b69e40-d2c6-4de8-a4e1-a1bee0b3e249,text,a5b69e40-d2c6-4de8-a4e1-a1bee0b3e249.ЗАК206-Д24442_ВК-ЛКСП-24_2_PRINT_26117649 Копия документов 3х лиц № 260424-001 от 24.04.2026.pdf,ООО «Лайон Коммьюникейшнз»,7743068844,103774300,"ООО ""ЛАЙОН КОММЬЮНИКЕЙШНЗ""",7743068844,771401001,match,mismatch,match
12396,de349b02-a683-47f2-800c-abe206a44b6c,text,de349b02-a683-47f2-800c-abe206a44b6c.2260300014632_docs.pdf,"ООО ""Оранж Бизнес Сервисез""",103771001096,770701001,"ООО ""ОРАНЖ БИЗНЕС СЕРВИСЕЗ""",7710456087,770701001,mismatch,match,match
12404,2ec0dfdb-2b9b-48d2-b7b7-4ce112bd6b09,text,2ec0dfdb-2b9b-48d2-b7b7-4ce112bd6b09.Счет по Договору.pdf,Общество с ограниченной ответственностью «Т2 Мобайл»,7743895280,650143001,"ООО ""Т2 МОБАЙЛ""",7743895280,775101001,match,mismatch,match
12408,228c40eb-a345-4478-b49c-c67cc13df5e3,text,228c40eb-a345-4478-b49c-c67cc13df5e3.130032606157_31.01.2026.pdf,"ПАО ""МегаФон""",7812014560,780143001,"Северо-Западный филиал ПАО ""МегаФон""",7812014560,784143001,match,mismatch,match
12410,e898bd61-1a63-4c91-8a90-813566848bbe,text,e898bd61-1a63-4c91-8a90-813566848bbe.2. 51547 АРБП (1).pdf,АО ГК «СЕРВИС-ТЕЛЕКОМ»,,,"ООО ""НОРД-КОМ""",5262215891,526201001,llm_missing,llm_missing,mismatch
12418,85226a7d-6e0c-46cb-8939-44e7d172ec8a,text,85226a7d-6e0c-46cb-8939-44e7d172ec8a.Отчет оператора за февраль 2026г.pdf,ИП Кириллина Полина Романовна,,,"ООО ""Медиаплаза""",2312120427,231201001,llm_missing,llm_missing,mismatch
12422,0a942573-ccb2-4ff0-98ee-f634e5391887,text,0a942573-ccb2-4ff0-98ee-f634e5391887.2251200014223_docs.pdf,"ООО ""Оранж Бизнес Сервисез""",103771001096,,"ООО ""ОРАНЖ БИЗНЕС СЕРВИСЕЗ""",7710456087,770701001,mismatch,llm_missing,match
12425,1638cebd-ba4c-4acf-b268-a1e6b9db102e,text,1638cebd-ba4c-4acf-b268-a1e6b9db102e.Истекает срок оплаты счета_323152200003_27.02.2026.pdf,"ПАО ""МегаФон""",7702002625,770201001,"Центральный филиал ПАО ""МегаФон""",7812014560,526202001,mismatch,mismatch,match
12437,a71443b0-11d7-493f-9d3c-67103677b0e7,text,a71443b0-11d7-493f-9d3c-67103677b0e7.Счет № 901661 - 2 от 31.12.2025.pdf,"ПАО ""Мобильные ТелеСистемы""",7740000076,997750001,"ПАО ""МТС""",7740000076,997750001,match,match,mismatch
12439,61d823a9-4961-4e38-a614-d951fd3ea607,text,61d823a9-4961-4e38-a614-d951fd3ea607.вымпел перем. март 26.pdf,ПАО «Вятэнерго»,5000000028,500000001,"ООО ""Юнион""",5012014335,501201001,mismatch,mismatch,mismatch
12441,6794ff4e-1200-4bdf-8ebd-9340b195f524,text,6794ff4e-1200-4bdf-8ebd-9340b195f524.5500_АКТ приемки_Вымпелком.pdf,ПАО «Сбербанк»,7709052201,770901001,Северо-Западный банк ПАО Сбербанк,7707083893,784243001,mismatch,mismatch,match
12453,f48626e9-0718-4f34-893e-1ebfb08d0f0e,text,f48626e9-0718-4f34-893e-1ebfb08d0f0e.173092986796_31.01.2026.pdf,"ПАО ""МегаФон""",7812014560,780143001,"Северо-Западный филиал ПАО ""МегаФон""",7812014560,784143001,match,mismatch,match
12455,f68c944f-5060-42fb-b3dd-19e365e17039,text,f68c944f-5060-42fb-b3dd-19e365e17039.Proforma_Invoice_2BM-7713076301-2012052807251168061080000000000_2BM-7826156685-783801001-201401201117022305126_20260512_3754dd95-2860-45b6-9bd7-d12c895a324c.pdf,"ООО ""КОМУС""",7721793895,772201001,"ООО ""Деловые Линии""",7826156685,997650001,mismatch,mismatch,mismatch
12458,b5505e4c-74e1-4c0b-b30b-566dc10a7952,text,b5505e4c-74e1-4c0b-b30b-566dc10a7952.2260300013578_docs.pdf,"ООО ""Оранж Бизнес Сервисез""",103771001096,771045608,"ООО ""ОРАНЖ БИЗНЕС СЕРВИСЕЗ""",7710456087,770701001,mismatch,mismatch,match
12461,a43cc6a6-7026-4ed4-8f22-87084aedd7f1,text,a43cc6a6-7026-4ed4-8f22-87084aedd7f1.Истекает срок оплаты счета_735108296_18.02.2026.pdf,"ПАО ""МегаФон""",7702000122,770201001,"Северо-Западный филиал ПАО ""МегаФон""",7812014560,784143001,mismatch,mismatch,match
12463,6c06358e-05d9-4441-b139-ff167007e2e6,text,6c06358e-05d9-4441-b139-ff167007e2e6.Акт зачета 052026.PDF,ООО «Допрог Телеран»,7707083893,770701001,"ООО ""ФОРВАРД ТЕЛЕКОМ ЛТД""",7726735939,772601001,mismatch,mismatch,mismatch
12464,5cba1139-e73f-4b82-b9b8-d3875f27f9f8,text,5cba1139-e73f-4b82-b9b8-d3875f27f9f8.Счет № 260332978479 - 5496210125 от 28.02.2026.pdf,"ПАО ""МТС""",7740000076,602702001,"ПАО ""МТС""",7740000076,997750001,match,mismatch,match
12466,4daca603-ce41-40e8-9afb-541c35e6714b,text,4daca603-ce41-40e8-9afb-541c35e6714b.2260100012777_docs.pdf,"ООО ""Оранж Бизнес Сервисез""",103771001096,770701001,"ООО ""ОРАНЖ БИЗНЕС СЕРВИСЕЗ""",7710456087,770701001,mismatch,match,match
12468,12df572a-ba3b-49a7-b03c-f1258004641f,text,12df572a-ba3b-49a7-b03c-f1258004641f.pdf,ПАО «Евразмаркет»,7707083893,770701001,"АО ""ЕВРАЗ МАРКЕТ""",6154062128,997550001,mismatch,mismatch,match
12469,24d479f6-6ce8-4dd3-9587-f37ca60d9ca1,text,24d479f6-6ce8-4dd3-9587-f37ca60d9ca1.Истекает срок оплаты счета_735037817_23.06.2026.pdf,"ПАО ""МегаФон""",7702000001,770201001,"Дальневосточный филиал ПАО ""МегаФон""",7812014560,272143001,mismatch,mismatch,match
12485,55c12d7c-f811-48a1-b24b-5e65abed3f52,text,55c12d7c-f811-48a1-b24b-5e65abed3f52.Вымпел.PDF,ООО «Управляющая Компания «Снегосервис»,6679065136,667901001,"ООО ""УПРАВЛЯЮЩАЯ КОМПАНИЯ""ЭНЕРГОСЕРВИС""",6679065136,667901001,match,match,mismatch
12489,b28aed9d-cff3-4caf-a1b3-745359d4b9a9,text,b28aed9d-cff3-4caf-a1b3-745359d4b9a9.Proforma_Invoice_2BM-7713076301-2012052807251168061080000000000_2BM-7826156685-783801001-201401201117022305126_20260513_fc54e79d-a066-431e-a708-dc56e9c53f38.pdf,"ООО ""КОМУС""",7721793895,772201001,"ООО ""Деловые Линии""",7826156685,997650001,mismatch,mismatch,mismatch
12492,0c2c7630-9ca9-4624-9a66-68e38054bb71,text,0c2c7630-9ca9-4624-9a66-68e38054bb71.Proforma_Invoice_2BM-7713076301-2012052807251168061080000000000_2BM-7826156685-783801001-201401201117022305126_20260605_d9b01a28-c055-4a17-ba63-a20c937fcbc9.pdf,"ООО ""КОМУС""",7721793895,772201001,"ООО ""Деловые Линии""",7826156685,997650001,mismatch,mismatch,mismatch
12496,01909942-71b6-4980-b2e7-5265f832182f,text,01909942-71b6-4980-b2e7-5265f832182f.Истекает срок оплаты счета_735124150_23.06.2026.pdf,"ПАО ""МегаФон""",7703000001,770301001,"Сибирский филиал ПАО ""МегаФон""",7812014560,540643001,mismatch,mismatch,match
12498,549669aa-8335-4a65-8496-af8d26e2112b,text,549669aa-8335-4a65-8496-af8d26e2112b.Счет итоговый 19135 (1).pdf,"ПАО ""Кузбассэнергосбыт",4205109214,420501001,"ПАО ""Кузбассэнергосбыт""",4205109214,775050001,match,mismatch,match
12499,feaa7311-a3b2-40fe-bc8c-3e77fb804097,text,feaa7311-a3b2-40fe-bc8c-3e77fb804097.Vympelkom_el.energiya_fevral.pdf,ООО «Спец-набор»,,,"ООО ""Строй - пласт""",5047027575,504701001,llm_missing,llm_missing,mismatch
12503,13a095e0-9f71-4da6-ab80-d58f8f9974c0,text,13a095e0-9f71-4da6-ab80-d58f8f9974c0.Proforma_Invoice_2BM-7713076301-2012052807251168061080000000000_2BM-7826156685-783801001-201401201117022305126_20260611_83513950-8a67-45ad-a301-91a44913fe01.pdf,"ООО ""КОМУС""",7721793895,772201001,"ООО ""Деловые Линии""",7826156685,997650001,mismatch,mismatch,mismatch
12506,10cc740a-dfed-4714-a2b5-da7f9434a625,text,10cc740a-dfed-4714-a2b5-da7f9434a625.Истекает срок оплаты счета_735139893_PST_25.02.2026.pdf,"ПАО ""МегаФон""",7702594638,770201001,"ПАО ""МЕГАФОН""",7812014560,997750001,mismatch,mismatch,match
12507,f24b8202-6a77-45da-ba4d-c7c04b048db8,text,f24b8202-6a77-45da-ba4d-c7c04b048db8.Akty_Michurina_dlya_Bilayna.pdf,АО «ОРЭС-Владимирская область»,,,"АО ""ИНФРАДИАЛОГ""",7719855488,771801001,llm_missing,llm_missing,mismatch
12510,a76699f7-468e-447c-8465-b410778f059d,text,a76699f7-468e-447c-8465-b410778f059d.31267_Счет на оплату.pdf,"ООО ""ОБИТ""",1910140000,191001001,"ООО ""Обит""",7810204213,784201001,mismatch,mismatch,match
12511,195cd98d-f714-4c2a-9c62-84e3e68703d0,text,195cd98d-f714-4c2a-9c62-84e3e68703d0.Proforma_Invoice_2BM-7713076301-2012052807251168061080000000000_2BM-7826156685-783801001-201401201117022305126_20260605_45146bf9-c027-43dd-8fe8-2ce73453a0f6.pdf,"ООО ""КОМУС""",7721793895,772201001,"ООО ""Деловые Линии""",7826156685,997650001,mismatch,mismatch,mismatch
12513,e814200c-60cb-492a-92b5-7ce46e437b2e,text,e814200c-60cb-492a-92b5-7ce46e437b2e.Счет № 908762 - 2 от 31.08.2025.pdf,"Публичное акционерное общество ""Мобильные ТелеСистемы""",7740000076,997750001,"ПАО ""МТС""",7740000076,997750001,match,match,mismatch
12518,73e3a8b6-62d2-43af-a7cd-e1f6a9227c32,text,73e3a8b6-62d2-43af-a7cd-e1f6a9227c32.ВымпелКом счет февраль0001.PDF,АО «Бонтар-Баланс»,3443010772,344301001,"АО ""ВОЛГОГРАД-БАКАЛЕЯ""",3443010772,344301001,match,match,mismatch
12519,d14778b6-b540-488e-ae3b-11bd5234683c,text,d14778b6-b540-488e-ae3b-11bd5234683c.Счёт_90423106.PDF,"ООО ""Техноэволаб""",7705029530,774850001,"ООО ""ТЕХНОЭВОЛАБ""",7705029530,771701001,match,mismatch,match
12529,5b9ab6d9-e326-41ec-9a9f-221d3d8c2166,text,5b9ab6d9-e326-41ec-9a9f-221d3d8c2166.Счет № 256362795174 - 6589473044 от 30.04.2026.pdf,"ПАО ""МТС""",7740000076,561002001,"ПАО ""МТС""",7740000076,997750001,match,mismatch,match
12531,fa9e676c-a289-4434-b334-20dcab5e2c65,text,fa9e676c-a289-4434-b334-20dcab5e2c65.55104 Красный Гуляй - Форма 28_акт допуска электроустановки.pdf,ООО «Альянс Телеком»,410000000000,410000000,"ООО ""АЛЬЯНС ТЕЛЕКОМ""",6450079731,645001001,mismatch,mismatch,match
12534,ee5cced7-ddc2-442d-8a02-d5b462d29a90,text,ee5cced7-ddc2-442d-8a02-d5b462d29a90.2260200015597_docs.pdf,"ООО ""Оранж Бизнес Сервисез""",103771001096,770701001,"ООО ""ОРАНЖ БИЗНЕС СЕРВИСЕЗ""",7710456087,770701001,mismatch,match,match
12538,8192367d-02a0-4b7a-88e9-5ed0bbfffb11,text,8192367d-02a0-4b7a-88e9-5ed0bbfffb11.Акт сверки RU20 01.10.2025 - 31.12.2025.PDF,"ООО ""ХАЙДЕЛЬБЕРГЦЕМЕНТ РУС""",5036074848,503601001,"ООО ""ХайдельбергЦемент Рус""",5036074848,470701001,match,mismatch,match
12540,a2e263b3-7da5-4ac2-a62f-2e4b975d624c,text,a2e263b3-7da5-4ac2-a62f-2e4b975d624c.Акт №5 от 31.05.2026.pdf,АО «Ростелеком»,7706920000,770692000,"ПАО ""РОССЕТИ ЦЕНТР""",6901067107,997650001,mismatch,mismatch,mismatch
12545,048d5cdb-f183-4d5d-90a3-daa63d5dad99,text,048d5cdb-f183-4d5d-90a3-daa63d5dad99.Истекает срок оплаты счета_735195058_23.06.2026.pdf,"ПАО ""МегаФон""",7707083893,770701001,"Поволжский филиал ПАО ""МегаФон""",7812014560,631643002,mismatch,mismatch,match
12549,4c8e9b89-a12b-404e-8420-26a228deb941,text,4c8e9b89-a12b-404e-8420-26a228deb941.2512_7713076301_997750001_836000001128_detkr_11.pdf,ЦЕНТРАЛЬНО-ЧЕРНОЗЕМНЫЙ БАНК ПАО СБЕРБАНК,,,"Макрорегиональный филиал ""Центр"" ПАО ""Ростелеком""",7707049388,773443001,llm_missing,llm_missing,mismatch
12558,79636bac-5969-472f-929f-0e90674c9dc6,text,79636bac-5969-472f-929f-0e90674c9dc6.Истекает срок оплаты счета_735140113_23.06.2026.pdf,"ПАО ""МегаФон""",7707083893,770701001,"Кавказский филиал ПАО ""МегаФон""",7812014560,230802001,mismatch,mismatch,match
12560,6242af33-0d1c-4fa6-b174-129810c8e40f,text,6242af33-0d1c-4fa6-b174-129810c8e40f.Акт сдачи объекта.pdf,ООО «ОбъектПрогрессСтрой»,7700000000,770000000,"ООО ""ОбъектПрогрессСтрой""",7716713012,771601001,mismatch,mismatch,match
12562,75021d33-4979-4eb9-960b-4b021a9dde0c,text,75021d33-4979-4eb9-960b-4b021a9dde0c.123094115762_31.05.2026.pdf,"Северо-Западный филиал ПАО ""МегаФон""",7812014560,780143001,"Северо-Западный филиал ПАО ""МегаФон""",7812014560,784143001,match,mismatch,match
12565,1b9d2382-0b44-4c2b-b77b-964ad29908f4,text,1b9d2382-0b44-4c2b-b77b-964ad29908f4.Proforma_Invoice_2BM-7713076301-2012052807251168061080000000000_2BM-7826156685-783801001-201401201117022305126_20260623_fcf4a781-7687-4890-88d0-84c460fc30b6.pdf,"ООО ""КОМУС""",7826156685,997650001,"ООО ""Деловые Линии""",7826156685,997650001,match,match,mismatch
12566,23cfbe6b-b5b3-46b5-b639-5cf8118ed241,text,23cfbe6b-b5b3-46b5-b639-5cf8118ed241.Истекает срок оплаты счета_735191775_23.06.2026.pdf,"ПАО ""МегаФон""",7702002628,770201001,"Центральный филиал ПАО ""МегаФон""",7812014560,526202001,mismatch,mismatch,match
12569,23706058-6411-4021-b2bc-1c71401c32d1,text,23706058-6411-4021-b2bc-1c71401c32d1.Акт сверки RU20 01.01.2026 - 31.01.2026.PDF,"ООО ""ХАЙДЕЛЬБЕРГЦЕМЕНТ РУС""",5036074848,503607484,"ООО ""ХайдельбергЦемент Рус""",5036074848,470701001,match,mismatch,match
12575,e06c4583-cf47-4437-87d6-8f3063de40e8,text,e06c4583-cf47-4437-87d6-8f3063de40e8.Proforma_Invoice_2BM-7713076301-2012052807251168061080000000000_2BM-7826156685-783801001-201401201117022305126_20260514_5abe5ea7-58ae-4160-84d6-004938786993.pdf,"ООО ""КОМУС""",7721793895,772201001,"ООО ""Деловые Линии""",7826156685,997650001,mismatch,mismatch,mismatch
12578,f6c3d2dc-8189-40a1-b61b-8cff7241f138,text,f6c3d2dc-8189-40a1-b61b-8cff7241f138.Истекает срок оплаты счета_735108306_23.06.2026.pdf,"ПАО ""МегаФон""",7702002628,770201001,"Северо-Западный филиал ПАО ""МегаФон""",7812014560,784143001,mismatch,mismatch,match
12579,0342dae6-7220-4d42-bbdb-9b699a66cd12,text,0342dae6-7220-4d42-bbdb-9b699a66cd12.Форма 28_БС 11410 v.2.pdf,ООО «СОТА»,,,"АО ГК ""СЕРВИС-ТЕЛЕКОМ""",9705237140,770501001,llm_missing,llm_missing,mismatch
12580,26879328-16f4-4ca2-91b9-23c706221324,text,26879328-16f4-4ca2-91b9-23c706221324.Истекает срок оплаты счета_735134336_20.05.2026.pdf,"ПАО ""МегаФон""",7702002628,770201001,"Уральский филиал ПАО ""МегаФон"".",7812014560,667003001,mismatch,mismatch,match
12581,316c7225-9118-4add-a182-b9796aa85e83,text,316c7225-9118-4add-a182-b9796aa85e83.Истекает срок оплаты счета_735081510_19.03.2026.pdf,"ПАО ""МегаФон""",7702000123,770201001,"Поволжский филиал ПАО ""МегаФон""",7812014560,631643002,mismatch,mismatch,match
12583,e5d1a691-bff6-4c72-a614-eb562607b145,text,e5d1a691-bff6-4c72-a614-eb562607b145.Истекает срок оплаты счета_735037817_20.05.2026.pdf,"ПАО ""МегаФон""",7702000001,770201001,"Дальневосточный филиал ПАО ""МегаФон""",7812014560,272143001,mismatch,mismatch,match
12585,4b4dc73a-2dff-4c17-aea7-53db28889c85,text,4b4dc73a-2dff-4c17-aea7-53db28889c85.Ф28 50064 - УлО_Новоульяновск- Северный.pdf,ООО «Арзид»,432027000000,432027000,"ООО ""АРЗИД""",7325151541,732501001,mismatch,mismatch,match
12587,46359478-75ab-4cf7-8167-a55fb00cffa8,text,46359478-75ab-4cf7-8167-a55fb00cffa8.Протокол обмена по документу - УПД  3208805 от 31.03.2026.pdf,АО «Калуга Астрал»,,,Левонян Давид Пайлакович,143404640289,,llm_missing,both_missing,mismatch
12588,b3a89a47-2494-49f2-a17c-d8b47a8b2ae2,text,b3a89a47-2494-49f2-a17c-d8b47a8b2ae2.Истекает срок оплаты счета_735110326_23.06.2026.pdf,"ПАО ""МегаФон""",7702000122,770201001,"Сибирский филиал ПАО ""МегаФон""",7812014560,540643001,mismatch,mismatch,match
12590,3e04ae89-f3b6-4c92-b5e5-975497dbfd8e,text,3e04ae89-f3b6-4c92-b5e5-975497dbfd8e.Акт к Заказу № 02-2026-ТО-СТК-ЮГ.pdf,ООО «СТК-Юг»,111230800666,,"ООО ""СТК-Юг""",2308180857,230801001,mismatch,llm_missing,match
12594,556d37b7-70c9-4405-8a0a-ddcf7d2a486a,text,556d37b7-70c9-4405-8a0a-ddcf7d2a486a.2260500016126_docs.pdf,"ООО ""Оранж Бизнес Сервисез""",103771001096,771045608,"ООО ""ОРАНЖ БИЗНЕС СЕРВИСЕЗ""",7710456087,770701001,mismatch,mismatch,match
12595,1cf850ea-f2cc-4699-baae-1e17a13f6622,text,1cf850ea-f2cc-4699-baae-1e17a13f6622.173092591775_31.05.2026.pdf,"Северо-Западный филиал ПАО ""МегаФон""",7812014560,780143001,"Северо-Западный филиал ПАО ""МегаФон""",7812014560,784143001,match,mismatch,match
12596,e863eabb-dab0-43a3-a0ed-db5cd4754d6d,text,e863eabb-dab0-43a3-a0ed-db5cd4754d6d.Proforma_Invoice_2BM-7713076301-2012052807251168061080000000000_2BM-7826156685-783801001-201401201117022305126_20260624_16638cd2-a610-450a-8110-bf83a1735c43.pdf,"ООО ""КОМУС""",7721793895,772201001,"ООО ""Деловые Линии""",7826156685,997650001,mismatch,mismatch,mismatch
12604,b8bc4406-e961-4fc4-acd6-7a5085d612d7,text,b8bc4406-e961-4fc4-acd6-7a5085d612d7.Счет № 525891 - 368919 от 31.01.2026.pdf,"ПАО ""Мобильные ТелеСистемы""",7740000076,997750001,"ПАО ""МТС""",7740000076,997750001,match,match,mismatch
12612,6459bf89-4984-455d-94dd-d65b700f96f0,text,6459bf89-4984-455d-94dd-d65b700f96f0.Proforma_Invoice_2BM-7713076301-2012052807251168061080000000000_2BM-7826156685-783801001-201401201117022305126_20260417_a1e0ae24-ba9d-4d33-a0e7-8ddfa3eba35c.pdf,"ООО ""КОМУС""",7721793895,772201001,"ООО ""Деловые Линии""",7826156685,997650001,mismatch,mismatch,mismatch
12614,89c9215d-5562-422e-a7fa-38a5167e06f5,text,89c9215d-5562-422e-a7fa-38a5167e06f5.2260400016126_docs.pdf,"ООО ""Оранж Бизнес Сервисез""",103771001096,771045608,"ООО ""ОРАНЖ БИЗНЕС СЕРВИСЕЗ""",7710456087,770701001,mismatch,mismatch,match
12618,b57fe01e-b267-48c2-b9ce-88d8bda0fb6c,text,b57fe01e-b267-48c2-b9ce-88d8bda0fb6c.АКТ СДАЧИ-ПРИЕМКИ УСЛУГ.pdf,Пузырев А.С.,319645100039,,Пузырев Арсений Сергеевич,641901849690,,mismatch,both_missing,mismatch
12623,49bd6c53-04ac-47e1-bdbd-bca22b8e72fe,text,49bd6c53-04ac-47e1-bdbd-bca22b8e72fe.2260400014223_docs.pdf,"ООО ""Оранж Бизнес Сервисез""",103771001096,771045608,"ООО ""ОРАНЖ БИЗНЕС СЕРВИСЕЗ""",7710456087,770701001,mismatch,mismatch,match
12628,cb4a9bc1-9fea-4983-b13a-515f48641ecc,text,cb4a9bc1-9fea-4983-b13a-515f48641ecc.Истекает срок оплаты счета_735072388_18.02.2026.pdf,"ПАО ""МегаФон""",7702000122,770201001,"Уральский филиал ПАО ""МегаФон"".",7812014560,667003001,mismatch,mismatch,match
12629,288a53a1-7f30-4cf5-92b5-3952674d8d98,text,288a53a1-7f30-4cf5-92b5-3952674d8d98.2260400014136D_docs.pdf,"ООО ""Оранж Бизнес Сервисез""",103771001096,,"ООО ""ОРАНЖ БИЗНЕС СЕРВИСЕЗ""",7710456087,770701001,mismatch,llm_missing,match
12632,f2d2a20b-89a4-4a7d-ab01-501b7846d50d,text,f2d2a20b-89a4-4a7d-ab01-501b7846d50d.Счет № 218307385611 - 6568608078 от 31.3.2026.pdf,ПАО «МТС»,7740000076,183502001,"ПАО ""МТС""",7740000076,997750001,match,mismatch,match
12634,28063a6c-c813-4ae7-8b81-4c3a4fe9b0e5,text,28063a6c-c813-4ae7-8b81-4c3a4fe9b0e5.2260100014136C_docs.pdf,"ООО ""Оранж Бизнес Сервисез""",103771001096,771045608,"ООО ""ОРАНЖ БИЗНЕС СЕРВИСЕЗ""",7710456087,770701001,mismatch,mismatch,match
12635,52fa73a6-4f11-42f1-88c2-1c45df0ce513,text,52fa73a6-4f11-42f1-88c2-1c45df0ce513.Истекает срок оплаты счета_735024367_19.03.2026.pdf,"ПАО ""МегаФон""",7702000123,770201001,"Кавказский филиал ПАО ""МегаФон""",7812014560,230802001,mismatch,mismatch,match
12636,0c9de876-f6e9-41b6-a321-818cb0901574,text,0c9de876-f6e9-41b6-a321-818cb0901574.130032606157_31.03.2026.pdf,"ПАО ""МегаФон""",7812014560,780143001,"Северо-Западный филиал ПАО ""МегаФон""",7812014560,784143001,match,mismatch,match
12637,f3d1ee1b-c91b-44a1-8ba1-8e9080890264,text,f3d1ee1b-c91b-44a1-8ba1-8e9080890264.Расчёт коммуналки февраль 2026.pdf,МУП Теплоэнергия,,,"АО ""СЕВЕРСТАЛЬ-ИНФОКОМ""",3528007105,352801001,llm_missing,llm_missing,mismatch
12639,c4e561ef-9932-44f1-ba18-794f299cefee,text,c4e561ef-9932-44f1-ba18-794f299cefee.вымпел ком 1083.pdf,АО «РЖД»,110700000000,770700000,"ООО ""ОФИСНЫЙ ЦЕНТР ЧКАЛОВА 2""",7606101296,760601001,mismatch,mismatch,mismatch
12640,fc81da90-4504-4a7b-9e6f-406a8b752a77,text,fc81da90-4504-4a7b-9e6f-406a8b752a77.Счет № 903757 - 2 от 28.02.2026.pdf,"Публичное акционерное общество ""Мобильные ТелеСистемы""",7740000076,997750001,"ПАО ""МТС""",7740000076,997750001,match,match,mismatch
12643,dfe1c9d6-3397-44c4-9ea9-60e3751646f4,text,dfe1c9d6-3397-44c4-9ea9-60e3751646f4.Истекает срок оплаты счета_735126856_22.04.2026.pdf,"ПАО ""МегаФон""",7702000122,770201001,"ПАО ""МЕГАФОН""",7812014560,997750001,mismatch,mismatch,match
12644,f0984f2c-3be3-457c-95ab-c3756bbbafbc,text,f0984f2c-3be3-457c-95ab-c3756bbbafbc.Отчет.pdf,МУП Теплоэнергия,,,"АО ""СЕВЕРСТАЛЬ-ИНФОКОМ""",3528007105,352801001,llm_missing,llm_missing,mismatch
12649,42d8f99f-4765-42b1-b317-57f02f26633d,text,42d8f99f-4765-42b1-b317-57f02f26633d.Счет по Договору (16).pdf,Общество с ограниченной ответственностью «Т2 Мобайл»,7743895280,550443001,"ООО ""Т2 МОБАЙЛ""",7743895280,775101001,match,mismatch,match
12652,8839bb90-3d8e-48ce-a2a8-315f726fc176,text,8839bb90-3d8e-48ce-a2a8-315f726fc176.2260300014223_docs.pdf,"ООО ""Оранж Бизнес Сервисез""",103771001096,771045608,"ООО ""ОРАНЖ БИЗНЕС СЕРВИСЕЗ""",7710456087,770701001,mismatch,mismatch,match
12654,4a62771e-e66e-4dee-b613-514d395b8a34,text,4a62771e-e66e-4dee-b613-514d395b8a34.2604_7713076301_997750001_876000050674_detkr_1.pdf,"АО КБ ""СИТИБАНК""",,,"Макрорегиональный филиал ""Центр"" ПАО ""Ростелеком""",7707049388,773443001,llm_missing,llm_missing,mismatch
12656,74faae9d-4719-4857-9c97-87ae403c5107,text,74faae9d-4719-4857-9c97-87ae403c5107.Proforma_Invoice_2BM-7713076301-2012052807251168061080000000000_2BM-7826156685-783801001-201401201117022305126_20260528_41d68455-1e75-4374-8430-418372141c5e.pdf,"ООО ""КОМУС""",7721793895,772201001,"ООО ""Деловые Линии""",7826156685,997650001,mismatch,mismatch,mismatch
12661,32066106-98ed-41cd-bc2a-37426c95b9c1,text,32066106-98ed-41cd-bc2a-37426c95b9c1.Proforma_Invoice_2BM-7713076301-2012052807251168061080000000000_2BM-7826156685-783801001-201401201117022305126_20260512_ca96adde-e7a0-4198-83ff-f6bc299adbf6.pdf,"ООО ""КОМУС""",7721793895,772201001,"ООО ""Деловые Линии""",7826156685,997650001,mismatch,mismatch,mismatch
12674,92c5bab2-660a-4901-9878-755c71c67ed4,text,92c5bab2-660a-4901-9878-755c71c67ed4.2026_05__PR278__233205.pdf,ООО Ригла,,,"АО ""МДМ""",7704082997,772101001,llm_missing,llm_missing,mismatch
12677,c4ab95af-e057-4549-a489-ca074fa71a12,text,c4ab95af-e057-4549-a489-ca074fa71a12.2260300017702_docs.pdf,"ООО ""Оранж Бизнес Сервисез""",103771001096,770701001,"ООО ""ОРАНЖ БИЗНЕС СЕРВИСЕЗ""",7710456087,770701001,mismatch,match,match
12685,084d0189-f095-49de-9208-63f430cf1129,text,084d0189-f095-49de-9208-63f430cf1129.Акт №4_СМР (IV Этап)_LWFL2RUTAM300093_М13 - БС Стрельцы.pdf,ООО «ИНТЕРСТАР ПРОЕКТ»,7707019877,770701001,"ООО ""ИНТЕРСТАР ПРОЕКТ""",6230082961,622901001,mismatch,mismatch,match
12688,e757bebf-e1e1-4c9c-b176-223fe9193b50,text,e757bebf-e1e1-4c9c-b176-223fe9193b50.Ф28 51241.pdf,ООО «Теле-Нова»,7707083893,770701001,"ООО ""ТЕЛЕКОМРАЗВИТИЕ""",5261113826,526101001,mismatch,mismatch,mismatch
12692,457cd048-6063-4e10-99bd-5154b43df1cc,text,457cd048-6063-4e10-99bd-5154b43df1cc.2260500017702_docs.pdf,"ООО ""Оранж Бизнес Сервисез""",103771001096,770701001,"ООО ""ОРАНЖ БИЗНЕС СЕРВИСЕЗ""",7710456087,770701001,mismatch,match,match
12696,7190f51e-34ab-4640-8c1b-ea5f8727cdc5,text,7190f51e-34ab-4640-8c1b-ea5f8727cdc5.Счет на оплату электроэнергии за февраль 2026г..PDF,ПАО «Бурелен»,127803000000,771307630,"ООО ""Ника-94""",8904004490,890401001,mismatch,mismatch,mismatch
12700,ce79a0e9-02ff-485c-b53d-8093171fb77e,text,ce79a0e9-02ff-485c-b53d-8093171fb77e.Proforma_Invoice_2BM-7713076301-2012052807251168061080000000000_2BM-7826156685-783801001-201401201117022305126_20260618_a0e9d054-7a25-49f0-a4e2-8c4d4b372787.pdf,"ООО ""КОМУС""",7721793895,772201001,"ООО ""Деловые Линии""",7826156685,997650001,mismatch,mismatch,mismatch
12702,5e73c8b2-fbb3-475b-af5e-431b0af536e5,text,5e73c8b2-fbb3-475b-af5e-431b0af536e5.УПД №1004 от 28.02.26.pdf,ООО «ОлимпПлюс»,2312153550,231701001,"ООО ""ОЛИМППЛЮС""",2312153550,237801001,match,mismatch,match
12705,0b3a962d-9a84-4412-bfff-79095b0c67bb,text,0b3a962d-9a84-4412-bfff-79095b0c67bb.Истекает срок оплаты счета_735024267_19.03.2026.pdf,"ПАО ""МегаФон""",7702000123,770201001,"Кавказский филиал ПАО ""МегаФон""",7812014560,230802001,mismatch,mismatch,match
12713,0c3569b0-c9c5-4f1e-b175-225f2924cede,text,0c3569b0-c9c5-4f1e-b175-225f2924cede.Акт приема-передачи GN72000 г.  Иваново  пл.  Революции 8.pdf,Иваново,,,"ООО ""ВБК""",6658321420,665801001,llm_missing,llm_missing,mismatch
12717,d46a0bf2-d754-4f0c-9a92-ab69e187653d,text,d46a0bf2-d754-4f0c-9a92-ab69e187653d.Истекает срок оплаты счета_735190453_PST_20.05.2026.pdf,"ПАО ""МегаФон""",7702000122,770201001,"Кавказский филиал ПАО ""МегаФон""",7812014560,230802001,mismatch,mismatch,match
12721,925e3edc-b87a-441e-b17f-39519df5f174,text,925e3edc-b87a-441e-b17f-39519df5f174.2251200014206_docs.pdf,"ООО ""Оранж Бизнес Сервисез""",103771001096,770701001,"ООО ""ОРАНЖ БИЗНЕС СЕРВИСЕЗ""",7710456087,770701001,mismatch,match,match
12728,dc8b8972-9bb4-448b-894c-aa1e708b0e47,text,dc8b8972-9bb4-448b-894c-aa1e708b0e47.Счет_ЭЭ_118210_31.03.2026.pdf,Свердловский филиал АО «ЭнергосбыТ Плюс»,5612042824,407028104,"Свердловский филиал АО ""ЭНЕРГОСБЫТ ПЛЮС"" ",5612042824,667043001,match,mismatch,match
12729,f06e0386-4506-4453-a787-99f4b8d44abf,text,f06e0386-4506-4453-a787-99f4b8d44abf.Истекает срок оплаты счета_735191439_20.05.2026.pdf,"ПАО ""МегаФон""",7707083893,770701001,"Сибирский филиал ПАО ""МегаФон""",7812014560,540643001,mismatch,mismatch,match
12730,621eeb2c-e3a1-400e-b6da-97eb63f8375c,text,621eeb2c-e3a1-400e-b6da-97eb63f8375c.Счет № 1000000698147 - 7382975558 от 31.05.2026.pdf,"ПАО ""МТС""",7740000076,420502001,"ПАО ""МТС""",7740000076,997750001,match,mismatch,match
12736,8261e01c-4421-49ae-a9d8-cbf629c82be1,text,8261e01c-4421-49ae-a9d8-cbf629c82be1.Счет № 231308137180 - 11675373371 от 31.05.2026.pdf,"ПАО ""МТС""",7740000076,312303001,"ПАО ""МТС""",7740000076,997750001,match,mismatch,match
12739,d9d8966e-5182-4951-9c0f-dabc0cfce33b,text,d9d8966e-5182-4951-9c0f-dabc0cfce33b.Proforma_Invoice_2BM-7713076301-2012052807251168061080000000000_2BM-7826156685-783801001-201401201117022305126_20260611_e1dba8e0-5e66-4594-9fdb-d3a7b4ae5f5f.pdf,"ООО ""КОМУС""",7721793895,772201001,"ООО ""Деловые Линии""",7826156685,997650001,mismatch,mismatch,mismatch
12743,47688b2e-13f6-42b3-9272-228bcc1c8eba,text,47688b2e-13f6-42b3-9272-228bcc1c8eba.Proforma_Invoice_2BM-7713076301-2012052807251168061080000000000_2BM-7826156685-783801001-201401201117022305126_20260603_0545cf7c-da83-41ef-a966-1c84fabd9b50.pdf,"ООО ""КОМУС""",7721793895,772201001,"ООО ""Деловые Линии""",7826156685,997650001,mismatch,mismatch,mismatch
12755,14dd1f41-c457-4a55-b486-47c8f7c4909a,text,14dd1f41-c457-4a55-b486-47c8f7c4909a.Акт от 31.01.2026.pdf,АО «Ростелеком»,7706920000,770692000,"ПАО ""РОССЕТИ ЦЕНТР""",6901067107,997650001,mismatch,mismatch,mismatch
12756,8bd83dfc-aec7-44cd-a58f-2fb7a7106195,text,8bd83dfc-aec7-44cd-a58f-2fb7a7106195.2260100014632_docs.pdf,"ООО ""Оранж Бизнес Сервисез""",103771001096,770701001,"ООО ""ОРАНЖ БИЗНЕС СЕРВИСЕЗ""",7710456087,770701001,mismatch,match,match
12760,dd1e2642-ae34-4d6a-8dd2-f88f17163e31,text,dd1e2642-ae34-4d6a-8dd2-f88f17163e31.Счет № 525891 - 368921 от 31.01.2026.pdf,"ПАО ""Мобильные ТелеСистемы""",7740000076,997750001,"ПАО ""МТС""",7740000076,997750001,match,match,mismatch
12762,c4f35426-2390-4c05-93f2-1156a26ffd6a,text,c4f35426-2390-4c05-93f2-1156a26ffd6a.Proforma_Invoice_2BM-7713076301-2012052807251168061080000000000_2BM-7826156685-783801001-201401201117022305126_20260604_75f6b60e-c133-45da-8cab-c1bfa7acbe56.pdf,"ООО ""КОМУС""",7721793895,772201001,"ООО ""Деловые Линии""",7826156685,997650001,mismatch,mismatch,mismatch
12763,25c7f849-99e0-40b8-afbe-141e1aeb3fb5,text,25c7f849-99e0-40b8-afbe-141e1aeb3fb5.Акт Южный от 30.01.2026.pdf,ИП Ленинг В.А.,,,ИП Ленинг Виталий Александрович,561006528520,,llm_missing,both_missing,mismatch
12764,99f27ca7-a215-4f57-8207-9c1207371d93,text,99f27ca7-a215-4f57-8207-9c1207371d93.Истекает срок оплаты счета_735111018_22.04.2026.pdf,"ПАО ""МегаФон""",7707083893,770701001,"Северо-Западный филиал ПАО ""МегаФон""",7812014560,784143001,mismatch,mismatch,match
12766,119f412a-4f33-4c59-b4ed-67861ec7d5f7,text,119f412a-4f33-4c59-b4ed-67861ec7d5f7.ТД Самара-м коммунальные апрель.pdf,АО «Самарагорэнергосбыт»,6316138990,631601001,"ООО ТОРГОВЫЙ ДОМ ""САМАРА-М""",6318245758,631801001,mismatch,mismatch,mismatch
12767,83dacd33-4f13-482c-b3c2-82f8aa108080,text,83dacd33-4f13-482c-b3c2-82f8aa108080.Счет № 904261 - 1 от 31.03.2026.pdf,"Публичное акционерное общество ""Мобильные ТелеСистемы""",7740000076,997750001,"ПАО ""МТС""",7740000076,997750001,match,match,mismatch
12768,5937ad2e-5f27-4dfd-93e5-8586a5b96467,text,5937ad2e-5f27-4dfd-93e5-8586a5b96467.Истекает срок оплаты счета_735030205_20.05.2026.pdf,"ПАО ""МегаФон""",7702002698,770201001,"Поволжский филиал ПАО ""МегаФон""",7812014560,631643002,mismatch,mismatch,match
12770,091ac2c2-0cd4-4f21-acaa-49e1d0bc8e18,text,091ac2c2-0cd4-4f21-acaa-49e1d0bc8e18.Расчет переменной платы Вымпелком.pdf,ООО «Кэвэлри Хаус Ист»,7707083893,770701001,"ООО ""КХ ИСТ""",7839308208,783801001,mismatch,mismatch,match
12776,45488662-da39-4b2d-941a-89998bc67336,text,45488662-da39-4b2d-941a-89998bc67336.Счет итоговый 19135 (0).pdf,"ПАО ""Кузбассэнергосбыт""",4205109214,420501001,"ПАО ""Кузбассэнергосбыт""",4205109214,775050001,match,mismatch,match
12783,f6ac04f1-7a42-403f-aa81-3142bb47000c,text,f6ac04f1-7a42-403f-aa81-3142bb47000c.2260500014136C_docs.pdf,"ООО ""Оранж Бизнес Сервисез""",103771001096,771045608,"ООО ""ОРАНЖ БИЗНЕС СЕРВИСЕЗ""",7710456087,770701001,mismatch,mismatch,match
12784,adf91121-9e60-4520-9411-f64303b7b9a9,text,adf91121-9e60-4520-9411-f64303b7b9a9.173092986796_30.04.2026.pdf,"ПАО ""МегаФон""",7812014560,780143001,"Северо-Западный филиал ПАО ""МегаФон""",7812014560,784143001,match,mismatch,match
12785,728e3463-0617-4594-afff-75f966099932,text,728e3463-0617-4594-afff-75f966099932.61 Акт приема.pdf,ИП Таурайте Милана Вальдовна,322732500000,,Таурайте Милана Вальдовна,732593719589,,mismatch,both_missing,match
12789,070b64ce-a2be-403c-8372-e2c16907f7c0,text,070b64ce-a2be-403c-8372-e2c16907f7c0.Счет № 256362795175 - 6589487632 от 30.04.2026.pdf,"ПАО ""МТС""",7740000076,561002001,"ПАО ""МТС""",7740000076,997750001,match,mismatch,match
12790,04142200-ab18-4601-9470-68c65a0ee5e1,text,04142200-ab18-4601-9470-68c65a0ee5e1.Счет № 1000000697947 - 7382895035 от 31.03.2026.pdf,"ПАО ""МТС""",7740000076,420502001,"ПАО ""МТС""",7740000076,997750001,match,mismatch,match
12796,e08e9f9a-60e6-4f44-b252-dfddf32e9f16,text,e08e9f9a-60e6-4f44-b252-dfddf32e9f16.2260200014136B_docs.pdf,"ООО ""Оранж Бизнес Сервисез""",103771001096,771045608,"ООО ""ОРАНЖ БИЗНЕС СЕРВИСЕЗ""",7710456087,770701001,mismatch,mismatch,match
12798,70bf8647-cf2f-41a7-b7f0-61a39800f481,text,70bf8647-cf2f-41a7-b7f0-61a39800f481.2604_7713076301_997750001_850000137097_detkr_1.pdf,"ПАО ""РОСТЕЛЕКОМ"" (ц)",850000137097,,"Макрорегиональный филиал ""Центр"" ПАО ""Ростелеком""",7707049388,773443001,mismatch,llm_missing,mismatch
12801,a921d8f6-05af-47d4-9e6b-ac0cf4a94190,text,a921d8f6-05af-47d4-9e6b-ac0cf4a94190.2260500015727_docs.pdf,"ООО ""Оранж Бизнес Сервисез""",103771001096,770701001,"ООО ""ОРАНЖ БИЗНЕС СЕРВИСЕЗ""",7710456087,770701001,mismatch,match,match
12806,8e0fc737-134f-4f03-a2d5-a5bdee59bff5,text,8e0fc737-134f-4f03-a2d5-a5bdee59bff5.2260200017015_docs.pdf,"ООО ""Оранж Бизнес Сервисез""",103771001096,770701001,"ООО ""ОРАНЖ БИЗНЕС СЕРВИСЕЗ""",7710456087,770701001,mismatch,match,match
12807,14259b0f-e143-4320-bef6-afd3dc5e7b22,text,14259b0f-e143-4320-bef6-afd3dc5e7b22.ВымпелКом (переменка) от 31.05.2026г..pdf,"ООО ТК ""Петровско-Разумовский""",137010101201,137010101,"ООО ТК ""ПЕТРОВСКО-РАЗУМОВСКИЙ""",7713551532,771301001,mismatch,mismatch,match
12813,80f05a34-624d-48da-83a7-be8099db4909,text,80f05a34-624d-48da-83a7-be8099db4909.2260300014206_docs.pdf,"ООО ""Оранж Бизнес Сервисез""",103771001096,771045608,"ООО ""ОРАНЖ БИЗНЕС СЕРВИСЕЗ""",7710456087,770701001,mismatch,mismatch,match
12816,1b1b6abb-28de-4fac-b514-c45e5b86ea72,text,1b1b6abb-28de-4fac-b514-c45e5b86ea72.ИД 70419.pdf,"Свердловская обл, Верхняя Пышма г.о., Среднеуральск г, Уральская ул, д. 26Е, 20м севернее здания, столб",,,"ООО ""ЭТАЛОНСТРОЙСВЯЗЬ""",7325112221,732501001,llm_missing,llm_missing,mismatch
12818,de4120eb-9146-4037-b640-f092716c9c50,text,de4120eb-9146-4037-b640-f092716c9c50.Акт от 31.01.2026.pdf,АО «Ростелеком»,7706920000,770692000,"ПАО ""РОССЕТИ ЦЕНТР""",6901067107,997650001,mismatch,mismatch,mismatch
12819,2e5f7197-5fe8-432d-bb93-a4d3c671f0cc,text,2e5f7197-5fe8-432d-bb93-a4d3c671f0cc.2260100015356_docs.pdf,"ООО ""Оранж Бизнес Сервисез""",103771001096,770701001,"ООО ""ОРАНЖ БИЗНЕС СЕРВИСЕЗ""",7710456087,770701001,mismatch,match,match
12823,5110c237-6e62-4538-a496-e3915ffdc3ab,text,5110c237-6e62-4538-a496-e3915ffdc3ab.Proforma_Invoice_2BM-7713076301-2012052807251168061080000000000_2BM-7826156685-783801001-201401201117022305126_20260514_7791564a-577d-4ca5-b8a5-d1e7b7d10dc3.pdf,"ООО ""КОМУС""",7721793895,772201001,"ООО ""Деловые Линии""",7826156685,997650001,mismatch,mismatch,mismatch
12825,15b79967-d9f4-4fff-94ce-88bc1253435c,text,15b79967-d9f4-4fff-94ce-88bc1253435c.2251200014136C_docs.pdf,"ООО ""Оранж Бизнес Сервисез""",103771001096,771045608,"ООО ""ОРАНЖ БИЗНЕС СЕРВИСЕЗ""",7710456087,770701001,mismatch,mismatch,match
12830,36fa98f7-75b5-423f-9df0-a51721fce551,text,36fa98f7-75b5-423f-9df0-a51721fce551.ВымпелКом ПАО информ. отчет.PDF,"Tele2 Holdings,LLC",,,"АО ""НКБ""",7714611569,773001001,llm_missing,llm_missing,mismatch
12833,ffcf222e-cd7c-4c3b-b27f-f927d1e931e1,text,ffcf222e-cd7c-4c3b-b27f-f927d1e931e1.Расчёт коммуналки апрель 2026.pdf,МУП Теплоэнергия,,,"АО ""СЕВЕРСТАЛЬ-ИНФОКОМ""",3528007105,352801001,llm_missing,llm_missing,mismatch
12834,e2b69fd1-7b28-4272-b791-4146ee0b07ab,text,e2b69fd1-7b28-4272-b791-4146ee0b07ab.Proforma_Invoice_2BM-7713076301-2012052807251168061080000000000_2BM-7826156685-783801001-201401201117022305126_20260513_a273788c-84fc-4d6d-9a43-02f52b5c298b.pdf,"ООО ""КОМУС""",7721793895,772201001,"ООО ""Деловые Линии""",7826156685,997650001,mismatch,mismatch,mismatch
12838,3feb1882-9a9f-4f28-9aa1-c791c7a0f1d8,text,3feb1882-9a9f-4f28-9aa1-c791c7a0f1d8.Истекает срок оплаты счета_735135273_PST_25.02.2026.pdf,"ПАО ""МегаФон""",7702000001,770201001,"Кавказский филиал ПАО ""МегаФон""",7812014560,230802001,mismatch,mismatch,match
12846,ac54d691-9265-4e34-bd17-4cc4afc905bf,text,ac54d691-9265-4e34-bd17-4cc4afc905bf.Истекает срок оплаты счета_735126748_20.05.2026.pdf,"ПАО ""МегаФон""",7702000122,770201001,"ПАО ""МЕГАФОН""",7812014560,997750001,mismatch,mismatch,match
12848,c2d83bc8-f932-4499-b3b5-cc4935d60959,text,c2d83bc8-f932-4499-b3b5-cc4935d60959.2604_7713076301_482545001_848000031300_detkr_11.pdf,"АО КБ ""СИТИБАНК""",,,"Макрорегиональный филиал ""Центр"" ПАО ""Ростелеком""",7707049388,773443001,llm_missing,llm_missing,mismatch
12850,46fe95e0-800d-4f8f-8509-53ad724085e4,text,46fe95e0-800d-4f8f-8509-53ad724085e4.Истекает срок оплаты счета_735090357_18.02.2026.pdf,"ПАО ""МегаФон""",7702000122,770201001,"Северо-Западный филиал ПАО ""МегаФон""",7812014560,784143001,mismatch,mismatch,match
12855,f3fd57f5-defa-48e7-82bb-13fe67892523,text,f3fd57f5-defa-48e7-82bb-13fe67892523.Истекает срок оплаты счета_735129433_22.04.2026.pdf,"ПАО ""МегаФон""",7702000123,770201001,"ПАО ""МЕГАФОН""",7812014560,997750001,mismatch,mismatch,match
12862,9aa3080f-52ef-486c-b8eb-934a7d606490,text,9aa3080f-52ef-486c-b8eb-934a7d606490.Расчёт коммуналки март 2026.pdf,МУП Теплоэнергия,,,"АО ""СЕВЕРСТАЛЬ-ИНФОКОМ""",3528007105,352801001,llm_missing,llm_missing,mismatch
12864,5e13df3c-6392-48b1-b4df-ea052d5f6931,text,5e13df3c-6392-48b1-b4df-ea052d5f6931.Счёт_90422453.PDF,"ООО ""Техноэволаб""",7705029530,774850001,"ООО ""ТЕХНОЭВОЛАБ""",7705029530,771701001,match,mismatch,match
12865,ea4a11ad-5f10-4a43-9e34-6129f013067c,text,ea4a11ad-5f10-4a43-9e34-6129f013067c.Акт к Заказу № 01-05-2026-СТК-ЮГ.pdf,ООО «СТК-Юг»,111230800666,,"ООО ""СТК-Юг""",2308180857,230801001,mismatch,llm_missing,match
12866,96d09978-b1c9-4190-865a-ad129c7ab641,text,96d09978-b1c9-4190-865a-ad129c7ab641.2260100013854_docs.pdf,"ООО ""Оранж Бизнес Сервисез""",103771001096,770701001,"ООО ""ОРАНЖ БИЗНЕС СЕРВИСЕЗ""",7710456087,770701001,mismatch,match,match
12868,9a6b8700-6804-485e-8974-e080d55cf4bf,text,9a6b8700-6804-485e-8974-e080d55cf4bf.Счет № 256358377081 - 6568658021 от 31.3.2026.pdf,"ПАО ""МТС""",7740000076,561002001,"ПАО ""МТС""",7740000076,997750001,match,mismatch,match
12871,b3dca1b3-3240-40d1-8e66-1d029db9cf0d,text,b3dca1b3-3240-40d1-8e66-1d029db9cf0d.51119 АРБП.pdf,АО ГК «СЕРВИС-ТЕЛЕКОМ»,,,"ООО ""НОРД-КОМ""",5262215891,526201001,llm_missing,llm_missing,mismatch
12873,3a482ff0-4eca-4565-bd61-482f2823919e,text,3a482ff0-4eca-4565-bd61-482f2823919e.2026_04__D7234__253274 (1).pdf,"ООО ""ПКФ ""РЕГИОН""",,,"ООО ""ГУДВИЛЛ""",7203494830,720301001,llm_missing,llm_missing,mismatch
12874,dec0e451-8143-4ab4-9824-a12081e0e0ce,text,dec0e451-8143-4ab4-9824-a12081e0e0ce.Proforma_Invoice_2BM-7713076301-2012052807251168061080000000000_2BM-7826156685-783801001-201401201117022305126_20260514_816111c8-b6e4-4210-8b12-5bb68252e4c8.pdf,"ООО ""КОМУС""",7721793895,772201001,"ООО ""Деловые Линии""",7826156685,997650001,mismatch,mismatch,mismatch
12876,668a5584-3aae-405b-93f6-e8f6c1f8911b,text,668a5584-3aae-405b-93f6-e8f6c1f8911b.2260200014738_docs.pdf,"ООО ""Оранж Бизнес Сервисез""",103771001096,770701001,"ООО ""ОРАНЖ БИЗНЕС СЕРВИСЕЗ""",7710456087,770701001,mismatch,match,match
12877,1a427f18-af07-4eea-817c-3b04b8286f4b,text,1a427f18-af07-4eea-817c-3b04b8286f4b.Истекает срок оплаты счета_735126748_22.04.2026.pdf,"ПАО ""МегаФон""",7707083893,770701001,"ПАО ""МЕГАФОН""",7812014560,997750001,mismatch,mismatch,match
12879,6f00ad03-00a8-4084-8c79-29a5c4c9ef5d,text,6f00ad03-00a8-4084-8c79-29a5c4c9ef5d.Счет № 902956 - 2 от 31.05.2026.pdf,"Публичное акционерное общество ""Мобильные ТелеСистемы""",7740000076,997750001,"ПАО ""МТС""",7740000076,997750001,match,match,mismatch
12882,2ee2bfd8-1a61-443c-a047-52468817b15c,text,2ee2bfd8-1a61-443c-a047-52468817b15c.123094115762_31.03.2026.pdf,"Северо-Западный филиал ПАО ""МегаФон""",7812014560,780143001,"Северо-Западный филиал ПАО ""МегаФон""",7812014560,784143001,match,mismatch,match
12883,a9b11663-97cd-4c4b-87b6-79244ab8922e,text,a9b11663-97cd-4c4b-87b6-79244ab8922e.ПисьмоПАО ВымпелКом г. Владимир.pdf,Московско-Рязанский региональный центр связи – структурное подразделение Московской дирекции связи – структурное подразделение Центральной станции связи – филиал ОАО «РЖД»,,,Центральная станция связи ОАО «РЖД»,7708503727,771843001,llm_missing,llm_missing,mismatch
12887,32a705b6-7155-47a5-8278-948995a5c48d,text,32a705b6-7155-47a5-8278-948995a5c48d.Истекает срок оплаты счета_735165397_19.03.2026.pdf,"ПАО ""МегаФон""",7702000001,770201001,"Поволжский филиал ПАО ""МегаФон""",7812014560,631643002,mismatch,mismatch,match
12896,4a17e974-02c6-442d-9512-932dc58653c0,text,4a17e974-02c6-442d-9512-932dc58653c0.Vympelkom_raschet_peremennoy_fevral_2026.pdf,Не определено,,,"ООО ""Строй - пласт""",5047027575,504701001,llm_missing,llm_missing,mismatch
12900,2eb860b1-d286-4173-80f0-166990c70ac6,text,2eb860b1-d286-4173-80f0-166990c70ac6.Акт организации к БЗ-1.pdf,Банк ВТБ (ПАО),7601010013,760101001,БАНК ВТБ (ПАО),7702070139,784201001,mismatch,mismatch,match
12903,d125a6b8-f5bc-46f7-9cff-6bb1bdfb06df,text,d125a6b8-f5bc-46f7-9cff-6bb1bdfb06df.22602IZ000012_docs.pdf,"ООО ""Оранж Бизнес Сервисез""",103771001096,771045608,"ООО ""ОРАНЖ БИЗНЕС СЕРВИСЕЗ""",7710456087,770701001,mismatch,mismatch,match
12906,ae95a13a-ded7-4ad7-a76e-77810d0042a8,text,ae95a13a-ded7-4ad7-a76e-77810d0042a8.163093232648_28.02.2026.pdf,"ПАО ""МегаФон""",7812014560,780143001,"Северо-Западный филиал ПАО ""МегаФон""",7812014560,784143001,match,mismatch,match
12909,6fa27513-bdc8-46ff-b9e9-347b9b6c60d5,text,6fa27513-bdc8-46ff-b9e9-347b9b6c60d5.163108297850_31.01.2026.pdf,"Северо-Западный филиал ПАО ""МегаФон""",7812014560,780143001,"Северо-Западный филиал ПАО ""МегаФон""",7812014560,784143001,match,mismatch,match
12913,a78ffee4-caf7-472b-946a-c7a5a83d1c27,text,a78ffee4-caf7-472b-946a-c7a5a83d1c27.Истекает срок оплаты счета_735011947_25.02.2026.pdf,"ПАО ""МегаФон""",7702000001,770201001,"Дальневосточный филиал ПАО ""МегаФон""",7812014560,272143001,mismatch,mismatch,match
12920,8141cdea-777a-4873-a62e-512e654e7cf7,text,8141cdea-777a-4873-a62e-512e654e7cf7.Proforma_Invoice_2BM-7713076301-2012052807251168061080000000000_2BM-7826156685-783801001-201401201117022305126_20260422_aa56a94e-5d76-4bc2-a23f-e0b27d4dd975.pdf,"ООО ""КОМУС""",7826156685,997650001,"ООО ""Деловые Линии""",7826156685,997650001,match,match,mismatch
12923,49cd277a-2b7a-4604-94f1-e4b665b2c755,text,49cd277a-2b7a-4604-94f1-e4b665b2c755.2512_7713076301_482545001_848000031300_detkr_11.pdf,"АО КБ ""СИТИБАНК""",,,"Макрорегиональный филиал ""Центр"" ПАО ""Ростелеком""",7707049388,773443001,llm_missing,llm_missing,mismatch
12924,b0a272f0-9289-44dc-8dcf-e5334012cf84,text,b0a272f0-9289-44dc-8dcf-e5334012cf84.Счет № 231308137180 - 11579628208 от 31.01.2026.pdf,"ПАО ""МТС""",7740000076,312303001,"ПАО ""МТС""",7740000076,997750001,match,mismatch,match
12925,81335531-35df-4a7e-9ee9-d1fb4854e3c3,text,81335531-35df-4a7e-9ee9-d1fb4854e3c3.2260200014632_docs.pdf,"ООО ""Оранж Бизнес Сервисез""",103771001096,770701001,"ООО ""ОРАНЖ БИЗНЕС СЕРВИСЕЗ""",7710456087,770701001,mismatch,match,match
12927,e92867a4-8ca0-48a4-83ad-32e7be586ae9,text,e92867a4-8ca0-48a4-83ad-32e7be586ae9.IMG_20260514_0001.pdf,"ООО НПП ""Сетевые информационные системы""",,,"ООО НПП ""СИС""",6316048881,631701001,llm_missing,llm_missing,mismatch
12928,fa844919-33ac-4cdc-b781-67026f187f5f,text,fa844919-33ac-4cdc-b781-67026f187f5f.Счет № 1000000695819 - 7382940128 от 30.04.2026.pdf,"ПАО ""МТС""",7740000076,420502001,"ПАО ""МТС""",7740000076,997750001,match,mismatch,match
12929,18f9e96e-ba1e-4d50-bc87-d2563a310610,text,18f9e96e-ba1e-4d50-bc87-d2563a310610.Акт зачета 0426.PDF,ООО «Белтелеком-Альянс»,,101000001,"ООО ""ФОРВАРД ТЕЛЕКОМ ЛТД""",7726735939,772601001,llm_missing,mismatch,mismatch
12934,9684fd33-2f27-415d-bf20-1ef32a33eaf9,text,9684fd33-2f27-415d-bf20-1ef32a33eaf9.Истекает срок оплаты счета_735116278_22.04.2026.pdf,"ПАО ""МегаФон""",7707083893,770701001,"Северо-Западный филиал ПАО ""МегаФон""",7812014560,784143001,mismatch,mismatch,match
12940,9715b588-e150-4fc6-9796-167aa659cd8d,text,9715b588-e150-4fc6-9796-167aa659cd8d.140004450783_30.04.2026.pdf,"Северо-Западный филиал ПАО ""МегаФон""",7812014560,780143001,"Северо-Западный филиал ПАО ""МегаФон""",7812014560,784143001,match,mismatch,match
12942,6997fe11-899c-4117-a07d-1f3ab3f58037,text,6997fe11-899c-4117-a07d-1f3ab3f58037.Истекает срок оплаты счета_735145958_23.06.2026.pdf,"ПАО ""МегаФон""",7707083893,770701001,"Кавказский филиал ПАО ""МегаФон""",7812014560,230802001,mismatch,mismatch,match
12950,89b747fe-b1b3-4ad7-9485-200974caf827,text,89b747fe-b1b3-4ad7-9485-200974caf827.Акт сверки RU20 01.01.2026 - 31.03.2026.PDF,"ООО ""ХАЙДЕЛЬБЕРГЦЕМЕНТ РУС""",5036074848,503601001,"ООО ""ХайдельбергЦемент Рус""",5036074848,470701001,match,mismatch,match
12952,2741a03c-2761-47cc-8578-edb0ea4d6e35,text,"2741a03c-2761-47cc-8578-edb0ea4d6e35.ВымпелКом счет, УПД январь.PDF",АО «Вимм-Билль-Данн»,7713076301,771301001,"АО ""ВОЛГОГРАД-БАКАЛЕЯ""",3443010772,344301001,mismatch,mismatch,mismatch
12954,555e6583-4b85-4a0a-95be-d614c5d4e6ca,text,555e6583-4b85-4a0a-95be-d614c5d4e6ca.Счет № 828086 - 369072 от 19.02.2026.pdf,"ПАО ""Мобильные ТелеСистемы""",7740000076,781343001,"ПАО ""МТС""",7740000076,997750001,match,mismatch,mismatch
12956,7817f48d-96a8-499e-ae40-ae6b17f07db9,text,7817f48d-96a8-499e-ae40-ae6b17f07db9.Истекает срок оплаты счета_735164320_22.04.2026.pdf,"ПАО ""МегаФон""",7702000122,770201001,"Поволжский филиал ПАО ""МегаФон""",7812014560,631643002,mismatch,mismatch,match
12959,16bfce12-5de5-4ca7-9769-8e3bbab59c76,text,16bfce12-5de5-4ca7-9769-8e3bbab59c76.Vympelkom.PDF,ПАО «Вятэнерго»,110200000000,110200000,"ООО ""Теплоэнергодар""",2315147890,231501001,mismatch,mismatch,mismatch
12962,e292294d-4a64-4357-bcaf-4f4af288b7e9,text,e292294d-4a64-4357-bcaf-4f4af288b7e9.УПД №2448 от 30.04.26.pdf,ООО «ОлимпПлюс»,2312153550,231701001,"ООО ""ОЛИМППЛЮС""",2312153550,237801001,match,mismatch,match
12967,6e21bca8-41e5-4680-ba94-56d43f29a7d3,text,6e21bca8-41e5-4680-ba94-56d43f29a7d3.Истекает срок оплаты счета_735009776_25.02.2026.pdf,"ПАО ""МегаФон""",7702000123,770201001,"ПАО ""МЕГАФОН""",7812014560,997750001,mismatch,mismatch,match
12974,6a0d03d7-7238-4aef-8a25-53246dd8c9ca,text,6a0d03d7-7238-4aef-8a25-53246dd8c9ca.2512_7713076301_482545001_848000008676_detkr_11.pdf,"АО КБ ""СИТИБАНК""",,,"Макрорегиональный филиал ""Центр"" ПАО ""Ростелеком""",7707049388,773443001,llm_missing,llm_missing,mismatch
12982,699bc282-9140-475b-92ce-ce7cd68ebf6a,text,699bc282-9140-475b-92ce-ce7cd68ebf6a.51154 АРБП.pdf.pdf,ИП МИРОНОВ Р.В.,,,"ООО ""НОРД-КОМ""",5262215891,526201001,llm_missing,llm_missing,mismatch
12985,6f27f6f2-52d5-4316-91cc-2b92a5458e2f,text,6f27f6f2-52d5-4316-91cc-2b92a5458e2f.Proforma_Invoice_2BM-7713076301-2012052807251168061080000000000_2BM-7826156685-783801001-201401201117022305126_20260610_29681b11-3065-41c1-b4d8-983856c10a63.pdf,"ООО ""КОМУС""",7721793895,772201001,"ООО ""Деловые Линии""",7826156685,997650001,mismatch,mismatch,mismatch
12986,1475484d-852d-427f-b523-5bc5ee649240,text,1475484d-852d-427f-b523-5bc5ee649240.Истекает срок оплаты счета_714904701_28.05.2026.pdf,"ПАО ""МегаФон""",7707083893,770701001,"Северо-Западный филиал ПАО ""МегаФон""",7812014560,784143001,mismatch,mismatch,match
12989,2fa0cc32-ae25-4563-89fa-d5dcad1c19d3,text,"2fa0cc32-ae25-4563-89fa-d5dcad1c19d3.АКТ  г. Янаул д,2.pdf",ООО Сама РА,0000154787,081717585,"ООО ""САМА РА""",6315006543,631701001,mismatch,mismatch,match
12996,227c44fd-07e2-476d-8374-45eac1e1bc98,text,227c44fd-07e2-476d-8374-45eac1e1bc98.АКТ 31.01.2026.pdf,ȻDSAE>QA9D7B,,,"ПАО ""РОССЕТИ ЦЕНТР""",6901067107,997650001,llm_missing,llm_missing,mismatch
12998,f325740b-89e8-4401-a406-20a64a2e0504,text,f325740b-89e8-4401-a406-20a64a2e0504.Истекает срок оплаты счета_735122841_23.06.2026.pdf,"ПАО ""МегаФон""",7707083893,770701001,"Сибирский филиал ПАО ""МегаФон""",7812014560,540643001,mismatch,mismatch,match
13001,15617d74-a401-485d-a8e4-8cbad5e5f0c1,text,15617d74-a401-485d-a8e4-8cbad5e5f0c1.Истекает срок оплаты счета_735149591_22.04.2026.pdf,"ПАО ""МегаФон""",7707083893,770701001,"ПАО ""МЕГАФОН""",7812014560,997750001,mismatch,mismatch,match
13004,a3c82c8e-0147-4fec-bd39-8726a800f885,text,a3c82c8e-0147-4fec-bd39-8726a800f885.2260100013808_docs.pdf,"ООО ""Оранж Бизнес Сервисез""",103771001096,771045608,"ООО ""ОРАНЖ БИЗНЕС СЕРВИСЕЗ""",7710456087,770701001,mismatch,mismatch,match
13005,8413b042-fc58-4442-b5cc-49d05635160a,text,8413b042-fc58-4442-b5cc-49d05635160a.130032606157_28.02.2026.pdf,"ПАО ""МегаФон""",7812014560,780143001,"Северо-Западный филиал ПАО ""МегаФон""",7812014560,784143001,match,mismatch,match
13007,70db21cd-a273-4e9a-b85f-3cf3f4a8245a,text,70db21cd-a273-4e9a-b85f-3cf3f4a8245a.Счет № 1000000697947 - 7382934776 от 30.04.2026.pdf,"ПАО ""МТС""",7740000076,420502001,"ПАО ""МТС""",7740000076,997750001,match,mismatch,match
13015,aff6d129-75bd-443b-bbfe-8f8f8f07a462,text,aff6d129-75bd-443b-bbfe-8f8f8f07a462.74633 Исполнительная документация_ок.pdf,Стулов В.В.,744713805634,,Стулов Виктор Васильевич,744713805634,,match,both_missing,mismatch
13017,03d99325-6787-4165-98ed-5196bb7e8ecb,text,03d99325-6787-4165-98ed-5196bb7e8ecb.163093232648_31.01.2026.pdf,"ПАО ""МегаФон""",7812014560,780143001,"Северо-Западный филиал ПАО ""МегаФон""",7812014560,784143001,match,mismatch,match
13021,a2527c4f-c789-4ad8-9faa-d34b790802c0,text,a2527c4f-c789-4ad8-9faa-d34b790802c0.Proforma_Invoice_2BM-7713076301-2012052807251168061080000000000_2BM-7826156685-783801001-201401201117022305126_20260609_b82d6d25-03a8-4693-a7ae-bc644964ea9c.pdf,"ООО ""КОМУС""",7721793895,772201001,"ООО ""Деловые Линии""",7826156685,997650001,mismatch,mismatch,mismatch
13022,f3ca1a09-72a0-4eb3-8598-4baa3eb98b34,text,f3ca1a09-72a0-4eb3-8598-4baa3eb98b34.Истекает срок оплаты счета_735176825_23.06.2026.pdf,"ПАО ""МегаФон""",7702000122,770201001,"Поволжский филиал ПАО ""МегаФон""",7812014560,631643002,mismatch,mismatch,match
13023,ba55fc99-107b-43ca-b566-ab4b258e4888,text,ba55fc99-107b-43ca-b566-ab4b258e4888.Истекает срок оплаты счета_735129433_18.02.2026.pdf,"ПАО ""МегаФон""",7702000122,770201001,"ПАО ""МЕГАФОН""",7812014560,997750001,mismatch,mismatch,match
13024,ce5254f6-9533-435b-9abb-68ffe0b6ba9a,text,ce5254f6-9533-435b-9abb-68ffe0b6ba9a.Истекает срок оплаты счета_735134167_PST_25.03.2026.pdf,"ПАО ""МегаФон""",7702000122,770201001,"Кавказский филиал ПАО ""МегаФон""",7812014560,230802001,mismatch,mismatch,match
13026,239c6a46-9481-417a-9188-e929897ac74f,text,239c6a46-9481-417a-9188-e929897ac74f.Счет № 906196 - 2 от 31.12.2025.pdf,"Публичное акционерное общество ""Мобильные ТелеСистемы""",7740000076,997750001,"ПАО ""МТС""",7740000076,997750001,match,match,mismatch
13027,678e58c0-0110-4842-a377-6842d4879931,text,678e58c0-0110-4842-a377-6842d4879931.Proforma_Invoice_2BM-7713076301-2012052807251168061080000000000_2BM-7826156685-783801001-201401201117022305126_20260513_b0bfe917-92fb-4584-9e8d-2c56b2dd13a4.pdf,"ООО ""КОМУС""",7826156685,997650001,"ООО ""Деловые Линии""",7826156685,997650001,match,match,mismatch
13029,406a15eb-9c31-4d88-b873-7f37cafd5131,text,406a15eb-9c31-4d88-b873-7f37cafd5131.2260400014136B_docs.pdf,"ООО ""Оранж Бизнес Сервисез""",103771001096,771045608,"ООО ""ОРАНЖ БИЗНЕС СЕРВИСЕЗ""",7710456087,770701001,mismatch,mismatch,match
13032,6061f683-1d7b-4d41-ac43-6678bf2a9dea,text,6061f683-1d7b-4d41-ac43-6678bf2a9dea.Истекает срок оплаты счета_735108296_23.06.2026.pdf,"ПАО ""МегаФон""",7702002628,770201001,"Северо-Западный филиал ПАО ""МегаФон""",7812014560,784143001,mismatch,mismatch,match
13033,2a3e6f6f-84e5-4e0a-a4b6-194b8181ba6e,text,2a3e6f6f-84e5-4e0a-a4b6-194b8181ba6e.Счет № 906112 - 2 от 31.05.2026.pdf,"ПАО ""Мобильные ТелеСистемы""",7740000076,997750001,"ПАО ""МТС""",7740000076,997750001,match,match,mismatch
13036,66314fe6-2331-416a-8a06-cfa76ee2b2ee,text,66314fe6-2331-416a-8a06-cfa76ee2b2ee.Счет итоговый 19135 (0).pdf,"ПАО ""Кузбассэнергосбыт""",4205109214,420501001,"ПАО ""Кузбассэнергосбыт""",4205109214,775050001,match,mismatch,match
13037,373c2fa1-a5db-4626-9768-8f18c2a9f737,text,373c2fa1-a5db-4626-9768-8f18c2a9f737.Vympelkom_(raschet).PDF,32 959150,,,"ГБУК Г. МОСКВЫ ""МОСКОВСКИЙ ТЕАТР НА ТАГАНКЕ""",7709010548,770901001,llm_missing,llm_missing,mismatch
13038,62ee4323-37f3-4ae0-a0eb-b540461bd7bb,text,62ee4323-37f3-4ae0-a0eb-b540461bd7bb.Истекает срок оплаты счета_735012029_19.03.2026.pdf,"ПАО ""МегаФон""",7702000001,770201001,"Дальневосточный филиал ПАО ""МегаФон""",7812014560,272143001,mismatch,mismatch,match
13042,8febc0f1-23e5-43ba-89d7-df2171633ffd,text,8febc0f1-23e5-43ba-89d7-df2171633ffd.Ф28 50072 УлО_Поливно.pdf,ООО «Арзид»,432027000100,432001001,"ООО ""АРЗИД""",7325151541,732501001,mismatch,mismatch,match
13045,f804b643-5654-4436-9672-410c051169ed,text,f804b643-5654-4436-9672-410c051169ed.74644 Исполнительная документация_ок.pdf,Стулов В.В.,744713805634,,Стулов Виктор Васильевич,744713805634,,match,both_missing,mismatch
13052,890f1c06-522b-4ffd-bff4-94d6d8efeba8,text,890f1c06-522b-4ffd-bff4-94d6d8efeba8.Акт приема-передачи г. Новомичуринск пр-кт Энергетиков д. 41 др. 3.pdf,ООО «Вертекс»,7707083893,770701001,"ООО ""ВЕРТЕКС""",6686080255,667801001,mismatch,mismatch,match
13053,73b3b50f-e15f-4895-ac1a-3d0def3c3562,text,"73b3b50f-e15f-4895-ac1a-3d0def3c3562.Акт приема-передачи г. Валдай, ул. Ломоносова, д. 53.pdf",ООО «ВЕРТЕКС»,7707083893,770701001,"ООО ""ВЕРТЕКС""",6686080255,667801001,mismatch,mismatch,match
13055,1eb3f49e-46a5-49bc-a895-6b4070813fea,text,"1eb3f49e-46a5-49bc-a895-6b4070813fea.Акт приема-передачи ООО Вертекс_г. Мурманск, ул. Рогозерская, д. 4, ТЦ Плазма.pdf",ООО «Вертекс»,114771000000,780101001,"ООО ""ВЕРТЕКС""",6686080255,667801001,mismatch,mismatch,match
13056,33015e9d-612e-4cc1-802f-ee2f37a3d2d7,text,33015e9d-612e-4cc1-802f-ee2f37a3d2d7.Счет_ЭЭ_118210_31.01.2026.pdf,АО «Альфа-банк»,7713076301,044525593,"Свердловский филиал АО ""ЭНЕРГОСБЫТ ПЛЮС"" ",5612042824,667043001,mismatch,mismatch,mismatch
13062,eeadfb35-115c-4966-b2d9-49443977efe3,text,eeadfb35-115c-4966-b2d9-49443977efe3.2260100013685_docs.pdf,"ООО ""Оранж Бизнес Сервисез""",103771001096,771045608,"ООО ""ОРАНЖ БИЗНЕС СЕРВИСЕЗ""",7710456087,770701001,mismatch,mismatch,match
13082,f003ed90-9502-41ff-b12b-8c52dc0865d4,text,f003ed90-9502-41ff-b12b-8c52dc0865d4.2260300014136B_docs.pdf,"ООО ""Оранж Бизнес Сервисез""",103771001096,771045608,"ООО ""ОРАНЖ БИЗНЕС СЕРВИСЕЗ""",7710456087,770701001,mismatch,mismatch,match
13083,a1eb99a7-ac37-43a3-895e-c5cd61426215,text,a1eb99a7-ac37-43a3-895e-c5cd61426215.Акт сдачи объекта.pdf,ООО «ОбъектПрогрессСтрой»,7707011506,770701001,"ООО ""ОбъектПрогрессСтрой""",7716713012,771601001,mismatch,mismatch,match
13084,45de58ab-382c-4806-a43a-5d0aa8398357,text,45de58ab-382c-4806-a43a-5d0aa8398357.Акт сдачи-приемки услуг Агента_042026_2C84D637-AA3A-4C3C-BE73-A8E2DDCC96B0.pdf,ПАО «МТС»,1149702201,770701001,"ПАО ""МТС""",7740000076,997750001,mismatch,mismatch,match
13086,3228eadc-a5f2-4744-a793-b0db82d886ee,text,3228eadc-a5f2-4744-a793-b0db82d886ee.2251200015597_docs.pdf,"ООО ""Оранж Бизнес Сервисез""",103771001096,770701001,"ООО ""ОРАНЖ БИЗНЕС СЕРВИСЕЗ""",7710456087,770701001,mismatch,match,match
13088,91918bdc-f5c5-42ff-ae98-568c2d79528a,text,91918bdc-f5c5-42ff-ae98-568c2d79528a.2260300014136C_docs.pdf,"ООО ""Оранж Бизнес Сервисез""",103771001096,,"ООО ""ОРАНЖ БИЗНЕС СЕРВИСЕЗ""",7710456087,770701001,mismatch,llm_missing,match
13090,5f5fb5f8-682e-4e4b-a200-ce646d9d76e9,text,5f5fb5f8-682e-4e4b-a200-ce646d9d76e9.Истекает срок оплаты счета_735030205_23.06.2026.pdf,"ПАО ""МегаФон""",7702002698,770201001,"Поволжский филиал ПАО ""МегаФон""",7812014560,631643002,mismatch,mismatch,match
13091,c8261fad-c790-4a57-a90e-a5616223b078,text,c8261fad-c790-4a57-a90e-a5616223b078.100041404262_31.05.2026.pdf,"Северо-Западный филиал ПАО ""МегаФон""",7812014560,780143001,"Северо-Западный филиал ПАО ""МегаФон""",7812014560,784143001,match,mismatch,match
13092,59ea2d11-f9d7-45c8-a8cf-3a44b068708e,text,59ea2d11-f9d7-45c8-a8cf-3a44b068708e.Счет итоговый 19135 (0).pdf,"ПАО ""Кузбассэнергосбыт""",4205109214,420501001,"ПАО ""Кузбассэнергосбыт""",4205109214,775050001,match,mismatch,match
13095,1f26206f-da80-4cbf-984c-7ce6e4f06efa,text,1f26206f-da80-4cbf-984c-7ce6e4f06efa.Акт_допуска_Билайн_04.02.26.pdf,ООО «Современные строительные проекты»,7707083893,770701001,"ООО ""СЗ ""МФЦ БОТАНИКА""",9704003830,770401001,mismatch,mismatch,mismatch
13098,c7c1b4d3-3301-476f-9203-e2d008e58a60,text,c7c1b4d3-3301-476f-9203-e2d008e58a60.Proforma_Invoice_2BM-7713076301-2012052807251168061080000000000_2BM-7826156685-783801001-201401201117022305126_20260512_739e73c6-b473-4d07-b555-22d5ff56ed16.pdf,"ООО ""КОМУС""",7721793895,772201001,"ООО ""Деловые Линии""",7826156685,997650001,mismatch,mismatch,mismatch
13099,6661b5a1-8068-4b5f-acc4-4cfc1feb217d,text,6661b5a1-8068-4b5f-acc4-4cfc1feb217d.МТС Стандартный счет на предоплату с 01.01.0001 по 01.01.0001.pdf,"ПАО ""МТС""",7740000076,027602001,"ПАО ""МТС""",7740000076,997750001,match,mismatch,match
13107,d829eca4-9dde-4c71-8b97-c9e9d75707f9,text,d829eca4-9dde-4c71-8b97-c9e9d75707f9.05.2026 MEGA Kazan 1111040 ВЫМПЕЛКОМ ПАО Beeline M03_3168.pdf,ООО «Мега 2»,5047202308,141501001,"ООО ""МЕГА 2""",5047202308,504701001,match,mismatch,match
13109,bdae981a-4865-452f-8b65-28cab2da3472,text,bdae981a-4865-452f-8b65-28cab2da3472.Истекает срок оплаты счета_735114760_22.04.2026.pdf,"ПАО ""МегаФон""",7702000123,770201001,"Уральский филиал ПАО ""МегаФон"".",7812014560,667003001,mismatch,mismatch,match
13112,b1e15359-56a6-416e-bfe7-1a4c49bda0a3,text,b1e15359-56a6-416e-bfe7-1a4c49bda0a3.2260400017015_docs.pdf,"ООО ""Оранж Бизнес Сервисез""",103771001096,770701001,"ООО ""ОРАНЖ БИЗНЕС СЕРВИСЕЗ""",7710456087,770701001,mismatch,match,match
13114,63468573-4e53-4f83-9b65-2efc3f47592e,text,63468573-4e53-4f83-9b65-2efc3f47592e.счет 29.PDF,1&1,402028000000,771301001,"ГБПОУ ""ШАДРИНСКИЙ ПОЛИТЕХНИЧЕСКИЙ КОЛЛЕДЖ""",4502003242,450201001,mismatch,mismatch,mismatch
13118,5e91665d-aaec-461d-b741-a072536b7a12,text,5e91665d-aaec-461d-b741-a072536b7a12.2260400014738_docs.pdf,"ООО ""Оранж Бизнес Сервисез""",103771001096,770701001,"ООО ""ОРАНЖ БИЗНЕС СЕРВИСЕЗ""",7710456087,770701001,mismatch,match,match
13120,8cd96f89-97a2-4176-8987-780ca1ae8cc2,text,8cd96f89-97a2-4176-8987-780ca1ae8cc2.Proforma_Invoice_2BM-7713076301-2012052807251168061080000000000_2BM-7826156685-783801001-201401201117022305126_20260630_379db8f8-4d37-4f9f-b8e9-9533295aefa4.pdf,"ООО ""КОМУС""",7721793895,772201001,"ООО ""Деловые Линии""",7826156685,997650001,mismatch,mismatch,mismatch
13121,9e747623-97f7-41d1-8628-f3b4bb307ff0,text,9e747623-97f7-41d1-8628-f3b4bb307ff0.2026_01__ПФ0225009__255035.pdf,"ООО ""Радекс Технологии""",,,Владимиров Владислав Сергеевич,780437118807,,llm_missing,both_missing,mismatch
13123,4f2620c4-88f1-4b00-a4dd-763263066b72,text,4f2620c4-88f1-4b00-a4dd-763263066b72.Proforma_Invoice_2BM-7713076301-2012052807251168061080000000000_2BM-7826156685-783801001-201401201117022305126_20260512_21fdba6f-3637-4711-b82a-ecb1b0a28614.pdf,"ООО ""КОМУС""",7721793895,772201001,"ООО ""Деловые Линии""",7826156685,997650001,mismatch,mismatch,mismatch
13127,a275f2d1-d000-4bb5-b1cb-fb8abc488e80,text,a275f2d1-d000-4bb5-b1cb-fb8abc488e80.2512_7713076301_482545001_848000031299_detkr_11.pdf,"АО КБ ""СИТИБАНК""",,,"Макрорегиональный филиал ""Центр"" ПАО ""Ростелеком""",7707049388,773443001,llm_missing,llm_missing,mismatch
13129,9c0375e7-547d-4ef3-b975-302aab51e7ad,text,9c0375e7-547d-4ef3-b975-302aab51e7ad.81118 АТГ с приложениями.pdf,"ООО ""СтройСтандарт""",7707083893,770701001,"ООО ""СС""",5029235290,502901001,mismatch,mismatch,match
13131,0d4bf073-5dcf-4ee1-acf8-2be6af1ea307,text,0d4bf073-5dcf-4ee1-acf8-2be6af1ea307.Истекает срок оплаты счета_735064438_19.03.2026.pdf,"ПАО ""МегаФон""",7702000123,770201001,"Поволжский филиал ПАО ""МегаФон""",7812014560,631643002,mismatch,mismatch,match
13133,c3566fff-77a5-4a11-8494-026e21f93717,text,c3566fff-77a5-4a11-8494-026e21f93717.2026_02__D7234__253274 (1).pdf,"ООО ""ПКФ ""РЕГИОН""",,,"ООО ""ГУДВИЛЛ""",7203494830,720301001,llm_missing,llm_missing,mismatch
13136,b2d1aa41-78b4-4903-8463-a05a98b3ba91,text,b2d1aa41-78b4-4903-8463-a05a98b3ba91.2260400015597_docs.pdf,"ООО ""Оранж Бизнес Сервисез""",103771001096,770701001,"ООО ""ОРАНЖ БИЗНЕС СЕРВИСЕЗ""",7710456087,770701001,mismatch,match,match
13141,9ac043e8-bc22-462c-9bf9-17c92aaa9274,text,9ac043e8-bc22-462c-9bf9-17c92aaa9274.Счет № 902040 - 3 от 30.04.2026.pdf,"ПАО ""Мобильные ТелеСистемы""",7740000076,997750001,"ПАО ""МТС""",7740000076,997750001,match,match,mismatch
13144,69915869-82f2-4a07-98d7-614ae79f4288,text,69915869-82f2-4a07-98d7-614ae79f4288.74648 Исполнительная документация_ИД.pdf,Индивидуальный предприниматель Стулов В.В.,744713805634,,Стулов Виктор Васильевич,744713805634,,match,both_missing,mismatch
13148,be4d9f11-4875-466e-a267-9ca68b4f4353,text,be4d9f11-4875-466e-a267-9ca68b4f4353.Счет_ЭЭ_118210_31.05.2026.pdf,Свердловский филиал АО «ЭнергосбыТ Плюс»,5612042824,407028104,"Свердловский филиал АО ""ЭНЕРГОСБЫТ ПЛЮС"" ",5612042824,667043001,match,mismatch,match
13153,e8efe139-8300-4b6f-a938-c5a5f23b7774,text,e8efe139-8300-4b6f-a938-c5a5f23b7774.2260300013685_docs.pdf,"ООО ""Оранж Бизнес Сервисез""",103771001096,771045608,"ООО ""ОРАНЖ БИЗНЕС СЕРВИСЕЗ""",7710456087,770701001,mismatch,mismatch,match
13154,18dc8586-2248-44a7-9a4b-e6f5dd4cc671,text,18dc8586-2248-44a7-9a4b-e6f5dd4cc671.163108297850_31.03.2026.pdf,"Северо-Западный филиал ПАО ""МегаФон""",7812014560,780143001,"Северо-Западный филиал ПАО ""МегаФон""",7812014560,784143001,match,mismatch,match
13155,1b0bf75a-065c-45a8-bc6f-b732810ceb7d,text,1b0bf75a-065c-45a8-bc6f-b732810ceb7d.Истекает срок оплаты счета_735133395_18.02.2026.pdf,"ПАО ""МегаФон""",7702000001,770201001,"Уральский филиал ПАО ""МегаФон"".",7812014560,667003001,mismatch,mismatch,match
13162,cdccd620-5966-432e-969a-564cc1d0e08c,text,cdccd620-5966-432e-969a-564cc1d0e08c.Счет № 212302935449 - 6568681082 от 31.3.2026.pdf,"ПАО ""МТС""",7740000076,121543001,"ПАО ""МТС""",7740000076,997750001,match,mismatch,match
13168,b112a4f2-1d14-4647-bca6-bc78a3f640b0,text,b112a4f2-1d14-4647-bca6-bc78a3f640b0.Истекает срок оплаты счета_735108296_20.05.2026.pdf,"ПАО ""МегаФон""",7702000122,770201001,"Северо-Западный филиал ПАО ""МегаФон""",7812014560,784143001,mismatch,mismatch,match
13172,4a4edbc3-6ed6-4ac2-9e80-2afe9564d224,text,4a4edbc3-6ed6-4ac2-9e80-2afe9564d224.Истекает срок оплаты счета_735118419_20.05.2026.pdf,"ПАО ""МегаФон""",7702000122,770201001,"Северо-Западный филиал ПАО ""МегаФон""",7812014560,784143001,mismatch,mismatch,match
13173,9dff6064-47d9-48f6-aee9-4b017dace701,text,9dff6064-47d9-48f6-aee9-4b017dace701.2260200014136D_docs.pdf,"ООО ""Оранж Бизнес Сервисез""",103771001096,770701001,"ООО ""ОРАНЖ БИЗНЕС СЕРВИСЕЗ""",7710456087,770701001,mismatch,match,match
13177,699f9920-8eca-4898-9207-32f63c875d40,text,699f9920-8eca-4898-9207-32f63c875d40.2026_01__ПФ0225019__254537.pdf,ИП Чаюн Ольга Викторовна,,,Асылгараев Ильдар Рабиясович,165057951554,,llm_missing,both_missing,mismatch
13180,6ea3434f-04c2-46b5-a520-5334debff7a3,text,6ea3434f-04c2-46b5-a520-5334debff7a3.ВымпелКом (переменка) 30.04.2026г..pdf,"ООО ТК ""Петровско-Разумовский""",7707083893,770701001,"ООО ТК ""ПЕТРОВСКО-РАЗУМОВСКИЙ""",7713551532,771301001,mismatch,mismatch,match
13181,c4301bb3-1b6a-4c13-942a-3ff6190bf2a0,text,c4301bb3-1b6a-4c13-942a-3ff6190bf2a0.2622_Счет на оплату.pdf,"ООО ""ОБИТ""",1910140000,191001001,"ООО ""Обит""",7810204213,784201001,mismatch,mismatch,match
13182,df85f86c-e343-420c-b907-2d60a5b394cb,text,df85f86c-e343-420c-b907-2d60a5b394cb.Акт №3 от 31.03.2026.pdf,АО «Ростелеком»,7706920000,770692000,"ПАО ""РОССЕТИ ЦЕНТР""",6901067107,997650001,mismatch,mismatch,mismatch
13183,22e2762e-fe97-48e1-97c6-6a87c75fc9dc,text,22e2762e-fe97-48e1-97c6-6a87c75fc9dc.2260100017702_docs.pdf,"ООО ""Оранж Бизнес Сервисез""",103771001096,770701001,"ООО ""ОРАНЖ БИЗНЕС СЕРВИСЕЗ""",7710456087,770701001,mismatch,match,match
13186,86b6843c-b589-439c-84da-8b4e52614219,text,86b6843c-b589-439c-84da-8b4e52614219.Истекает срок оплаты счета_735168712_18.02.2026.pdf,"ПАО ""МегаФон""",7702527635,770201001,"Кавказский филиал ПАО ""МегаФон""",7812014560,230802001,mismatch,mismatch,match
13193,129a56e1-d6fc-4c70-a4df-7c087920fc41,text,129a56e1-d6fc-4c70-a4df-7c087920fc41.Акт.pdf,ИП Заборцева Татьяна Юрьевна,324246800140,,Заборцева Татьяна Юрьевна,246005978797,,mismatch,both_missing,match
13194,a1917021-65cc-4afe-874a-8b51a1d39ab4,text,a1917021-65cc-4afe-874a-8b51a1d39ab4.Истекает срок оплаты счета_735114760_18.02.2026.pdf,"ПАО ""МегаФон""",7702000001,770201001,"Уральский филиал ПАО ""МегаФон"".",7812014560,667003001,mismatch,mismatch,match
13195,d53c856b-1a87-4ddf-bcd0-6eada6864759,text,d53c856b-1a87-4ddf-bcd0-6eada6864759.Proforma_Invoice_2BM-7713076301-2012052807251168061080000000000_2BM-7826156685-783801001-201401201117022305126_20260417_4d07c87b-1491-431f-a11a-984338c1756c.pdf,"ООО ""КОМУС""",7721793895,772201001,"ООО ""Деловые Линии""",7826156685,997650001,mismatch,mismatch,mismatch
13196,d296895a-b832-41d4-a167-28a2d14b20ae,text,d296895a-b832-41d4-a167-28a2d14b20ae.IMG_0009.pdf,ООО «Бурлинсконтор»,1780717000,770701001,"АО ""НАРЬЯН-МАРСКИЙ ОАО""",2983004475,298301001,mismatch,mismatch,mismatch
13203,eb23cc26-402a-4bee-aabc-1238a00f2a5c,text,eb23cc26-402a-4bee-aabc-1238a00f2a5c.173092986796_31.03.2026.pdf,"ПАО ""МегаФон""",7812014560,780143001,"Северо-Западный филиал ПАО ""МегаФон""",7812014560,784143001,match,mismatch,match
13204,01e7bd38-7668-4757-89f8-cf689365e06c,text,01e7bd38-7668-4757-89f8-cf689365e06c.2604_7713076301_997750001_850000137097_detkr_11.pdf,Г-ВО РОССИЙСКАЯ ФЕДЕРАЦИЯ,,,"Макрорегиональный филиал ""Центр"" ПАО ""Ростелеком""",7707049388,773443001,llm_missing,llm_missing,mismatch
13207,f1eab95a-22a9-49f5-abc1-b6da01a983c8,text,f1eab95a-22a9-49f5-abc1-b6da01a983c8.Истекает срок оплаты счета_735169130_23.06.2026.pdf,"ПАО ""МегаФон""",7702000122,770201001,"Сибирский филиал ПАО ""МегаФон""",7812014560,540643001,mismatch,mismatch,match
13211,49057f19-e0e3-4d09-b833-854e9a499621,text,49057f19-e0e3-4d09-b833-854e9a499621.Счет № 266389777155 - 6589472520 от 30.04.2026.pdf,ПАО «МТС»,7740000076,668543001,"ПАО ""МТС""",7740000076,997750001,match,mismatch,match
13212,fdbb984d-e2c5-4037-a2a0-877970437c94,text,fdbb984d-e2c5-4037-a2a0-877970437c94.123093003359_31.05.2026.pdf,"ПАО ""МегаФон""",7812014560,780143001,"Северо-Западный филиал ПАО ""МегаФон""",7812014560,784143001,match,mismatch,match
13213,2a6f18d5-a5d4-4813-8e4d-a34f98d8e2a6,text,2a6f18d5-a5d4-4813-8e4d-a34f98d8e2a6.РНС_Саяногорск РТПЦ_v4.pdf,ИП Эльзессер А.В.,,,"ООО ""ТЕХНОТРЕЙД НН""",5262317741,890401001,llm_missing,llm_missing,mismatch
13215,9bc8b0fc-7c6a-421b-94f4-ac558383392e,text,9bc8b0fc-7c6a-421b-94f4-ac558383392e.22601IZ000012_docs.pdf,"ООО ""Оранж Бизнес Сервисез""",103771001096,,"ООО ""ОРАНЖ БИЗНЕС СЕРВИСЕЗ""",7710456087,770701001,mismatch,llm_missing,match
13221,df98ccc9-a1fd-4855-a598-404e2b55333b,text,df98ccc9-a1fd-4855-a598-404e2b55333b.Акт к Заказу № 01-2026-ТО-СТК-ЮГ.pdf,ООО «СТК-Юг»,111230800666,,"ООО ""СТК-Юг""",2308180857,230801001,mismatch,llm_missing,match
13228,cfe968df-cbd9-4846-8a27-b6329df5db70,text,cfe968df-cbd9-4846-8a27-b6329df5db70.Истекает срок оплаты счета_735030310_28.05.2026.pdf,"ПАО ""МегаФон""",7702000123,770201001,"Поволжский филиал ПАО ""МегаФон""",7812014560,631643002,mismatch,mismatch,match
13231,3e1c2c8c-71c9-40fd-b2c3-e7acfda4762f,text,3e1c2c8c-71c9-40fd-b2c3-e7acfda4762f.Счет_ЭЭ_1361_30.04.2026.pdf,Свердловский филиал АО «ЭнергосбыТ Плюс»,5612042824,770701001,"Свердловский филиал АО ""ЭНЕРГОСБЫТ ПЛЮС"" ",5612042824,667043001,match,mismatch,match
13239,d3300351-7f6b-4bd0-99f0-5d252aa0cc04,text,d3300351-7f6b-4bd0-99f0-5d252aa0cc04.2251200014738_docs.pdf,"ООО ""Оранж Бизнес Сервисез""",103771001096,770701001,"ООО ""ОРАНЖ БИЗНЕС СЕРВИСЕЗ""",7710456087,770701001,mismatch,match,match
13245,af3d9f5e-c5b7-44c8-870a-9dfa9d547232,text,af3d9f5e-c5b7-44c8-870a-9dfa9d547232.Proforma_Invoice_2BM-7713076301-2012052807251168061080000000000_2BM-7826156685-783801001-201401201117022305126_20260604_cac8e969-1d21-47f8-9fdb-1151ba855926.pdf,"ООО ""КОМУС""",7721793895,772201001,"ООО ""Деловые Линии""",7826156685,997650001,mismatch,mismatch,mismatch
13256,dc8a0e28-7301-4611-93d7-855d8951a744,text,dc8a0e28-7301-4611-93d7-855d8951a744.Счет № 1000000695740 - 7382933934 от 30.04.2026.pdf,"ПАО ""МТС""",7740000076,420502001,"ПАО ""МТС""",7740000076,997750001,match,mismatch,match
13259,a2d66c78-9888-4c0b-b403-21cd66054ffc,text,a2d66c78-9888-4c0b-b403-21cd66054ffc.Счет № 60308001838 - 7382823078 от 28.02.2026.pdf,"ПАО ""МТС""",7740000076,561002001,"ПАО ""МТС""",7740000076,997750001,match,mismatch,match
13270,2375a8da-e676-4022-ab5e-9fe30cf0f872,text,2375a8da-e676-4022-ab5e-9fe30cf0f872.Proforma_Invoice_2BM-7713076301-2012052807251168061080000000000_2BM-7826156685-783801001-201401201117022305126_20260604_6f038b3d-08c5-45aa-826a-8734d1613378.pdf,"ООО ""КОМУС""",7721793895,772201001,"ООО ""Деловые Линии""",7826156685,997650001,mismatch,mismatch,mismatch
13272,c069b318-cc99-487f-8e09-22594852fab8,text,c069b318-cc99-487f-8e09-22594852fab8.Proforma_Invoice_2BM-7713076301-2012052807251168061080000000000_2BM-7826156685-783801001-201401201117022305126_20260601_deec7225-5de9-4a4b-9387-cc2a1de58b31.pdf,"ООО ""КОМУС""",7826156685,997650001,"ООО ""Деловые Линии""",7826156685,997650001,match,match,mismatch
13273,44b3b0ab-4342-43b4-bd19-8b0ce43cfdb7,text,44b3b0ab-4342-43b4-bd19-8b0ce43cfdb7.Счет № 60308001838 - 7382897563 от 31.03.2026.pdf,"ПАО ""МТС""",7740000076,561002001,"ПАО ""МТС""",7740000076,997750001,match,mismatch,match
13276,5419a36b-4e8b-43e0-a82b-d6df99d0d6e7,text,5419a36b-4e8b-43e0-a82b-d6df99d0d6e7.Счет № 60308001836 - 7382897381 от 31.03.2026.pdf,"ПАО ""МТС""",7740000076,561002001,"ПАО ""МТС""",7740000076,997750001,match,mismatch,match
13279,1fef8a27-5fb6-47ac-9eac-eacc6dee1729,text,1fef8a27-5fb6-47ac-9eac-eacc6dee1729.АКТ №1 от 16.02.2026.pdf,ȻDSAE>QA9D7B,,,"ПАО ""РОССЕТИ ЦЕНТР""",6901067107,997650001,llm_missing,llm_missing,mismatch
13281,a4a1b3fc-97c8-4e79-8c3b-a9f619317e53,text,a4a1b3fc-97c8-4e79-8c3b-a9f619317e53.Истекает срок оплаты счета_735024090_19.03.2026.pdf,"ПАО ""МегаФон""",7702000122,770201001,"Кавказский филиал ПАО ""МегаФон""",7812014560,230802001,mismatch,mismatch,match
13283,7236ed31-9a30-4690-b590-05fb35ff4aec,text,7236ed31-9a30-4690-b590-05fb35ff4aec.Proforma_Invoice_2BM-7713076301-2012052807251168061080000000000_2BM-7826156685-783801001-201401201117022305126_20260610_9bde6b4d-5945-4afa-9912-2e14f139ee08.pdf,"ООО ""КОМУС""",7721793895,772201001,"ООО ""Деловые Линии""",7826156685,997650001,mismatch,mismatch,mismatch
13284,e4eadb5d-22f7-4fc2-b3f2-0d800c483909,text,e4eadb5d-22f7-4fc2-b3f2-0d800c483909.163093232648_31.05.2026.pdf,"ПАО ""МегаФон""",7812014560,780143001,"Северо-Западный филиал ПАО ""МегаФон""",7812014560,784143001,match,mismatch,match
13286,99f2eeef-5971-4fa2-bd2b-db1583df8311,text,99f2eeef-5971-4fa2-bd2b-db1583df8311.2251200013808_docs.pdf,"ООО ""Оранж Бизнес Сервисез""",103771001096,771045608,"ООО ""ОРАНЖ БИЗНЕС СЕРВИСЕЗ""",7710456087,770701001,mismatch,mismatch,match
13292,cc722185-72f2-4239-a51e-53609590db19,text,cc722185-72f2-4239-a51e-53609590db19.Уведомление о формате электронных первичных документов с 01.01.2026.pdf,ПАО «Энергосбыт Самарской области»,5002000001,500200000,"Самарский филиал АО ""ЭнергосбыТ Плюс""",5612042824,631543001,mismatch,mismatch,mismatch
13295,baa2433e-8c10-46a4-b8c1-57ba347f9bb8,text,baa2433e-8c10-46a4-b8c1-57ba347f9bb8.Счет итоговый 19135 (0).pdf,"ПАО ""Кузбассэнергосбыт""",4205109214,420501001,"ПАО ""Кузбассэнергосбыт""",4205109214,775050001,match,mismatch,match
13297,23ade280-6aa5-4608-b9d6-14d21a5f8a7c,text,23ade280-6aa5-4608-b9d6-14d21a5f8a7c.Proforma_Invoice_2BM-7713076301-2012052807251168061080000000000_2BM-7826156685-783801001-201401201117022305126_20260604_2ebe0721-0e0c-49b8-8a08-d1743ec88140.pdf,"ООО ""КОМУС""",7721793895,772201001,"ООО ""Деловые Линии""",7826156685,997650001,mismatch,mismatch,mismatch
13301,6499a336-e593-490d-beb3-8755bb1ccd15,text,6499a336-e593-490d-beb3-8755bb1ccd15.Истекает срок оплаты счета_735169130_22.04.2026.pdf,"ПАО ""МегаФон""",7702000122,770201001,"Сибирский филиал ПАО ""МегаФон""",7812014560,540643001,mismatch,mismatch,match
13304,04a0847d-d16d-4d4b-8d32-312b50e8b65c,text,04a0847d-d16d-4d4b-8d32-312b50e8b65c.Счёт_90422151.PDF,"ООО ""Техноэволаб""",7705029530,774850001,"ООО ""ТЕХНОЭВОЛАБ""",7705029530,771701001,match,mismatch,match
13306,702c782c-98b7-45ba-94d5-d55eafb831b2,text,702c782c-98b7-45ba-94d5-d55eafb831b2.Счет № 266389777155 - 6589472520 от 30.04.2026.pdf,ПАО «МТС»,7740000076,668543001,"ПАО ""МТС""",7740000076,997750001,match,mismatch,match
13312,283b9ef2-6728-4b3c-a1c7-82ab6844609f,text,283b9ef2-6728-4b3c-a1c7-82ab6844609f.Истекает срок оплаты счета_735035858_25.02.2026.pdf,"ПАО ""МегаФон""",7702000123,770201001,"ПАО ""МЕГАФОН""",7812014560,997750001,mismatch,mismatch,match
13313,7027bd1d-ddc7-4abd-97cf-881a4657f720,text,7027bd1d-ddc7-4abd-97cf-881a4657f720.Proforma_Invoice_2BM-7713076301-2012052807251168061080000000000_2BM-7826156685-783801001-201401201117022305126_20260604_b266a6b3-8498-41e2-a9ec-21bf29daab2b.pdf,"ООО ""КОМУС""",7826156685,997650001,"ООО ""Деловые Линии""",7826156685,997650001,match,match,mismatch
13324,f0457dee-ddfa-4f96-89c4-dbcf94903f11,text,f0457dee-ddfa-4f96-89c4-dbcf94903f11.10039 АТГ с приложениями.pdf,"ООО ""СтройСтандарт""",1149010000,114901001,"ООО ""СС""",5029235290,502901001,mismatch,mismatch,match
13326,ec7d3fc2-4a57-43e0-acf1-1f408accbd74,text,ec7d3fc2-4a57-43e0-acf1-1f408accbd74.Счет № 525126 - 1 от 31.03.2026.pdf,"ПАО ""Мобильные ТелеСистемы""",7740000076,997750001,"ПАО ""МТС""",7740000076,997750001,match,match,mismatch
13327,92d4105a-9421-40f8-a2c8-75f4e62a7eb3,text,92d4105a-9421-40f8-a2c8-75f4e62a7eb3.Proforma_Invoice_2BM-7713076301-2012052807251168061080000000000_2BM-7826156685-783801001-201401201117022305126_20260603_c2c37539-5254-40c2-b943-eeda5b1aca97.pdf,"ООО ""КОМУС""",7721793895,772201001,"ООО ""Деловые Линии""",7826156685,997650001,mismatch,mismatch,mismatch
13328,8a1d437b-9107-472c-90c4-0f75f793119e,text,8a1d437b-9107-472c-90c4-0f75f793119e.2. 51415 АРБП (1).pdf,АО ГК «СЕРВИС-ТЕЛЕКОМ»,,,"ООО ""НОРД-КОМ""",5262215891,526201001,llm_missing,llm_missing,mismatch
13332,66c93641-aad5-4f09-b9e0-0813118647c3,text,66c93641-aad5-4f09-b9e0-0813118647c3.Истекает срок оплаты счета_735164320_20.05.2026.pdf,"ПАО ""МегаФон""",7702002698,770201001,"Поволжский филиал ПАО ""МегаФон""",7812014560,631643002,mismatch,mismatch,match
13334,780c966c-027e-4b42-8985-e7cf555d2c4d,text,780c966c-027e-4b42-8985-e7cf555d2c4d.163111290853_31.03.2026.pdf,"Северо-Западный филиал ПАО ""МегаФон""",7812014560,780143001,"Северо-Западный филиал ПАО ""МегаФон""",7812014560,784143001,match,mismatch,match
13336,a70001ee-03b9-40bd-8762-f3c49c0ddc10,text,a70001ee-03b9-40bd-8762-f3c49c0ddc10.Proforma_Invoice_2BM-7713076301-2012052807251168061080000000000_2BM-7826156685-783801001-201401201117022305126_20260515_5d514558-64c4-4f56-8326-8da76282aa14.pdf,"ООО ""КОМУС""",7721793895,772201001,"ООО ""Деловые Линии""",7826156685,997650001,mismatch,mismatch,mismatch
13343,de077529-4dff-47f3-a1cb-f349b0c3f397,text,de077529-4dff-47f3-a1cb-f349b0c3f397.Истекает срок оплаты счета_735180700_18.02.2026.pdf,"ПАО ""МегаФон""",7702527635,770201001,"Дальневосточный филиал ПАО ""МегаФон""",7812014560,272143001,mismatch,mismatch,match
13345,b085533a-b134-4076-a866-895dd1d73d09,text,b085533a-b134-4076-a866-895dd1d73d09.Истекает срок оплаты счета_735109246_20.05.2026.pdf,"ПАО ""МегаФон""",7707083893,770701001,"Уральский филиал ПАО ""МегаФон"".",7812014560,667003001,mismatch,mismatch,match
13348,bee63cf7-df4b-45fe-819b-e830feeb465d,text,bee63cf7-df4b-45fe-819b-e830feeb465d.72 Акт приема.pdf,ИП Таурайте Милана Вальдовна,322732500000,,Таурайте Милана Вальдовна,732593719589,,mismatch,both_missing,match
13349,042bb31b-9731-44cc-a837-05a06bb2d153,text,"042bb31b-9731-44cc-a837-05a06bb2d153.АКТ   АМДОКС 7J73000 г. Уфа , ул. Ухтомского , д. 10.pdf",ООО Сама РА,7707083893,770701001,"ООО ""САМА РА""",6315006543,631701001,mismatch,mismatch,match
13351,d86639bc-653c-4467-b99a-352ffa37cfb7,text,d86639bc-653c-4467-b99a-352ffa37cfb7.2260400013854_docs.pdf,"ООО ""Оранж Бизнес Сервисез""",103771001096,770701001,"ООО ""ОРАНЖ БИЗНЕС СЕРВИСЕЗ""",7710456087,770701001,mismatch,match,match
13353,9615e9e7-defe-4725-ba81-4bebb1945bc3,text,9615e9e7-defe-4725-ba81-4bebb1945bc3.Акт к Заказу № 4-04-2026-СТК-ЮГ.pdf,ООО «СТК-Юг»,111230800666,111230800,"ООО ""СТК-Юг""",2308180857,230801001,mismatch,mismatch,match
13354,efe68d1a-9faf-4cd2-8118-124494fd9478,text,efe68d1a-9faf-4cd2-8118-124494fd9478.183095886449_30.04.2026.pdf,"Северо-Западный филиал ПАО ""МегаФон""",7812014560,780143001,"Северо-Западный филиал ПАО ""МегаФон""",7812014560,784143001,match,mismatch,match
13355,d3656a0c-9adb-45f5-860d-4860d79a9d84,text,d3656a0c-9adb-45f5-860d-4860d79a9d84.2260100017015_docs.pdf,"ООО ""Оранж Бизнес Сервисез""",103771001096,770701001,"ООО ""ОРАНЖ БИЗНЕС СЕРВИСЕЗ""",7710456087,770701001,mismatch,match,match
13362,3f8becb8-b12b-4376-9d7e-33ef44edd75e,text,3f8becb8-b12b-4376-9d7e-33ef44edd75e.Proforma_Invoice_2BM-7713076301-2012052807251168061080000000000_2BM-7826156685-783801001-201401201117022305126_20260604_e6a13e47-6f2b-45b6-8ee5-7f91d99533a1.pdf,"ООО ""КОМУС""",7721793895,772201001,"ООО ""Деловые Линии""",7826156685,997650001,mismatch,mismatch,mismatch
13369,a4748c5d-66e1-47a0-bb2e-205e1194f416,text,a4748c5d-66e1-47a0-bb2e-205e1194f416.АКТ СДАЧИ-ПРИЕМКИ УСЛУГ.pdf,Пузырев А.С.,319645100039,,Пузырев Арсений Сергеевич,641901849690,,mismatch,both_missing,mismatch
13370,3961ecba-f483-4271-9e45-b1d2b6cb5691,text,3961ecba-f483-4271-9e45-b1d2b6cb5691.Proforma_Invoice_2BM-7713076301-2012052807251168061080000000000_2BM-7826156685-783801001-201401201117022305126_20260626_3be71850-64eb-4c56-a695-2d7ae2da1a50.pdf,"ООО ""КОМУС""",7721793895,772201001,"ООО ""Деловые Линии""",7826156685,997650001,mismatch,mismatch,mismatch
13376,27100831-f47f-47a9-8799-e98eec3e9564,text,27100831-f47f-47a9-8799-e98eec3e9564.2512_7713076301_482545001_848000010304_detkr_1.pdf,"АО КБ ""СИТИБАНК""",,,"Макрорегиональный филиал ""Центр"" ПАО ""Ростелеком""",7707049388,773443001,llm_missing,llm_missing,mismatch
13379,21b15e1e-705f-4f18-a10d-6d0fb842dda4,text,21b15e1e-705f-4f18-a10d-6d0fb842dda4.Счет № 908957 - 2 от 31.12.2025.pdf,"Публичное акционерное общество ""Мобильные ТелеСистемы""",7740000076,997750001,"ПАО ""МТС""",7740000076,997750001,match,match,mismatch
13400,a624d87a-3c70-4539-835f-d7f4872a0348,text,a624d87a-3c70-4539-835f-d7f4872a0348.Proforma_Invoice_2BM-7713076301-2012052807251168061080000000000_2BM-7826156685-783801001-201401201117022305126_20260610_0d73626c-7c68-4552-8b35-275fbe30d3d9.pdf,"ООО ""КОМУС""",7721793895,772201001,"ООО ""Деловые Линии""",7826156685,997650001,mismatch,mismatch,mismatch
13403,deefffda-70a8-460c-83ca-ff92401b673d,text,deefffda-70a8-460c-83ca-ff92401b673d.Счет № 832581 - 368811 от 01.12.2025.pdf,"ПАО ""Мобильные ТелеСистемы""",7740000076,781343001,"ПАО ""МТС""",7740000076,997750001,match,mismatch,mismatch
13407,c6bc1c1d-fd92-4dda-949b-b720259ffcb6,text,c6bc1c1d-fd92-4dda-949b-b720259ffcb6.2026_02__UG289__239832.pdf,"ЭСПЕРАНС, ООО",,,"ООО ""УК ""РЭД""",6658211347,665801001,llm_missing,llm_missing,mismatch
13412,7806b283-868c-4b09-ba15-36f0cd1f94ac,text,7806b283-868c-4b09-ba15-36f0cd1f94ac.Истекает срок оплаты счета_735087768_18.02.2026.pdf,"ПАО ""МегаФон""",7702000001,770201001,"Поволжский филиал ПАО ""МегаФон""",7812014560,631643002,mismatch,mismatch,match
13413,70c835ab-8beb-4070-9535-5b0c0c41911c,text,70c835ab-8beb-4070-9535-5b0c0c41911c.2260500014136B_docs.pdf,"ООО ""Оранж Бизнес Сервисез""",103771001096,771045608,"ООО ""ОРАНЖ БИЗНЕС СЕРВИСЕЗ""",7710456087,770701001,mismatch,mismatch,match
13415,13525ace-5d25-46d2-9bcd-50dd8e90e435,text,13525ace-5d25-46d2-9bcd-50dd8e90e435.Счет № 903757 - 1 от 28.02.2026.pdf,"Публичное акционерное общество ""Мобильные ТелеСистемы""",7740000076,997750001,"ПАО ""МТС""",7740000076,997750001,match,match,mismatch
13417,2706e9f7-675f-4af2-89a0-c30fd3746e16,text,2706e9f7-675f-4af2-89a0-c30fd3746e16.Proforma_Invoice_2BM-7713076301-2012052807251168061080000000000_2BM-7826156685-783801001-201401201117022305126_20260403_60413f6b-5571-44a2-9c9c-83d7fc62e1fb.pdf,"ООО ""Деловые Линии""",7713076301,771301001,"ООО ""Деловые Линии""",7826156685,997650001,mismatch,mismatch,match
13419,b65a8397-3919-4a96-b45b-101feb570263,text,b65a8397-3919-4a96-b45b-101feb570263.Истекает срок оплаты счета_735064120_28.05.2026.pdf,"ПАО ""МегаФон""",7702000122,770201001,"Дальневосточный филиал ПАО ""МегаФон""",7812014560,272143001,mismatch,mismatch,match
13429,2a1edd09-6ca2-4ce1-ae87-c972238c2fbf,text,2a1edd09-6ca2-4ce1-ae87-c972238c2fbf.22605EK002545_docs.pdf,"ООО ""Оранж Бизнес Сервисез""",103771001096,770701001,"ООО ""ОРАНЖ БИЗНЕС СЕРВИСЕЗ""",7710456087,770701001,mismatch,match,match
13430,99d96655-67f5-40f3-b96e-9e68d8969922,text,99d96655-67f5-40f3-b96e-9e68d8969922.Истекает срок оплаты счета_735037602_19.03.2026.pdf,"ПАО ""МегаФон""",7702000001,770201001,"Уральский филиал ПАО ""МегаФон"".",7812014560,667003001,mismatch,mismatch,match
13434,f951bc92-276a-4177-acc6-a84e863c86af,text,f951bc92-276a-4177-acc6-a84e863c86af.41818_Счет на оплату.pdf,"ООО ""ОБИТ""",1910140000,191001001,"ООО ""Обит""",7810204213,784201001,mismatch,mismatch,match
13439,e5a3f455-89b2-4c27-98c6-9f0ec25fe978,text,e5a3f455-89b2-4c27-98c6-9f0ec25fe978.Истекает срок оплаты счета_735111018_18.02.2026.pdf,"ПАО ""МегаФон""",7702000001,770201001,"Северо-Западный филиал ПАО ""МегаФон""",7812014560,784143001,mismatch,mismatch,match
13441,4d09464c-5d9b-4624-b8c5-47c1bd3778bd,text,4d09464c-5d9b-4624-b8c5-47c1bd3778bd.Счёт_90423495.PDF,"ООО ""Техноэволаб""",7705029530,774850001,"ООО ""ТЕХНОЭВОЛАБ""",7705029530,771701001,match,mismatch,match
13446,cf996de7-46cd-4304-9cef-ce7393a9c2be,text,cf996de7-46cd-4304-9cef-ce7393a9c2be.Истекает срок оплаты счета_735129392_23.06.2026.pdf,"ПАО ""МегаФон""",7707083893,770701001,"ПАО ""МЕГАФОН""",7812014560,997750001,mismatch,mismatch,match
13452,9881eae2-2752-409e-a47b-ef283c2b437d,text,9881eae2-2752-409e-a47b-ef283c2b437d.АКТ.pdf,Пузырев А.С.,319645100039,,Пузырев Арсений Сергеевич,641901849690,,mismatch,both_missing,mismatch
13456,1f6046ae-df1b-4e47-a6f9-13feac45d33b,text,1f6046ae-df1b-4e47-a6f9-13feac45d33b.Счет № 622423 - 369313 от 20.04.2026.pdf,"ПАО ""Мобильные ТелеСистемы""",7740000076,997750001,"ПАО ""МТС""",7740000076,997750001,match,match,mismatch
13457,0942fd71-79b9-4afa-a677-379f21db45fa,text,0942fd71-79b9-4afa-a677-379f21db45fa.Истекает срок оплаты счета_735178298_PST_20.05.2026.pdf,"ПАО ""МегаФон""",7702000122,770201001,"Центральный филиал ПАО ""МегаФон""",7812014560,526202001,mismatch,mismatch,match
13463,6b532a10-f6d5-444b-aef5-50a83d59179f,text,6b532a10-f6d5-444b-aef5-50a83d59179f.Истекает срок оплаты счета_735134336_22.04.2026.pdf,"ПАО ""МегаФон""",7702002628,770201001,"Уральский филиал ПАО ""МегаФон"".",7812014560,667003001,mismatch,mismatch,match
13465,f27de641-4941-4c92-8ba9-7a23c45fedf8,text,f27de641-4941-4c92-8ba9-7a23c45fedf8.Счет № 231308137180 - 11626929034 от 31.03.2026.pdf,"ПАО ""МТС""",7740000076,312303001,"ПАО ""МТС""",7740000076,997750001,match,mismatch,match
13466,c59ad75f-e25b-47ee-a5fc-4bc8ef455327,text,c59ad75f-e25b-47ee-a5fc-4bc8ef455327.2026_01__PJ002__240790.pdf,"АО ""ПФК""",,,Филиал АО «ПФК»,7731121099,772243001,llm_missing,llm_missing,mismatch
13468,3ad11143-1c30-4449-99aa-25a945227f53,text,3ad11143-1c30-4449-99aa-25a945227f53.Истекает срок оплаты счета_735087768_23.06.2026.pdf,"ПАО ""МегаФон""",7702000001,770201001,"Поволжский филиал ПАО ""МегаФон""",7812014560,631643002,mismatch,mismatch,match
13471,62d87d38-9953-445b-bc9d-d33d6a9c9c3c,text,62d87d38-9953-445b-bc9d-d33d6a9c9c3c.Истекает срок оплаты счета_735149591_23.06.2026.pdf,"ПАО ""МегаФон""",7707083893,770701001,"ПАО ""МЕГАФОН""",7812014560,997750001,mismatch,mismatch,match
13479,56b661f1-7a83-422d-bfe9-c7d5eebe923b,text,56b661f1-7a83-422d-bfe9-c7d5eebe923b.Истекает срок оплаты счета_735023628_19.03.2026.pdf,"ПАО ""МегаФон""",7702000123,770201001,"Кавказский филиал ПАО ""МегаФон""",7812014560,230802001,mismatch,mismatch,match
13480,baacad85-b8a2-4b08-a372-803cb7a524c2,text,baacad85-b8a2-4b08-a372-803cb7a524c2.Истекает срок оплаты счета_735129392_22.04.2026.pdf,"ПАО ""МегаФон""",7702002628,770201001,"ПАО ""МЕГАФОН""",7812014560,997750001,mismatch,mismatch,match
13485,29c53680-2e68-4e4f-b748-c4f4dd971660,text,29c53680-2e68-4e4f-b748-c4f4dd971660.Истекает срок оплаты счета_735030144_23.06.2026.pdf,"ПАО ""МегаФон""",7702002698,770201001,"Поволжский филиал ПАО ""МегаФон""",7812014560,631643002,mismatch,mismatch,match
13489,66636e00-9b48-4192-925a-e18db2fe8bc3,text,66636e00-9b48-4192-925a-e18db2fe8bc3.Proforma_Invoice_2BM-7713076301-2012052807251168061080000000000_2BM-7826156685-783801001-201401201117022305126_20260512_3240aade-6c71-41f3-a68a-82522459dafb.pdf,"ООО ""КОМУС""",7721793895,772201001,"ООО ""Деловые Линии""",7826156685,997650001,mismatch,mismatch,mismatch
13490,d8bd8fdc-6b3d-454e-8525-730db3cf9d57,text,d8bd8fdc-6b3d-454e-8525-730db3cf9d57.2260200013854_docs.pdf,"ООО ""Оранж Бизнес Сервисез""",103771001096,771045608,"ООО ""ОРАНЖ БИЗНЕС СЕРВИСЕЗ""",7710456087,770701001,mismatch,mismatch,match
13492,5b1f9136-fffe-4861-9573-c931ff209b03,text,5b1f9136-fffe-4861-9573-c931ff209b03.ТД Самара-М коммунальные март.pdf,АО «Самарагорэнергосбыт»,6316138990,631601001,"ООО ТОРГОВЫЙ ДОМ ""САМАРА-М""",6318245758,631801001,mismatch,mismatch,mismatch
13501,7b04ca34-7c59-492b-853a-5f14c4750c6d,text,"7b04ca34-7c59-492b-853a-5f14c4750c6d.Письмо исходящее № 80002-00287-иЕГ от 11.03.2026, ПАО _ВЫМПЕЛКОМ_,  письмо исходящее (455085305 v2).PDF",ООО «ЕЭ%-ǫ4D4AF»,,,"ООО ""ЕЭС-ГАРАНТ""",5024173259,775050001,llm_missing,llm_missing,mismatch
13504,5d7f97b6-50e9-4230-ae2d-440ba4eadeb3,text,5d7f97b6-50e9-4230-ae2d-440ba4eadeb3.Истекает срок оплаты счета_735012200_28.05.2026.pdf,"ПАО ""МегаФон""",7702002698,770201001,"Дальневосточный филиал ПАО ""МегаФон""",7812014560,272143001,mismatch,mismatch,match
13507,7429ee08-0ff8-4a55-83cb-2e9925359d27,text,7429ee08-0ff8-4a55-83cb-2e9925359d27.Клиентский счёт.pdf,"ПАО ""МТС""",7740000076,561002001,"ПАО ""МТС""",7740000076,997750001,match,mismatch,match
13508,6d7906db-737f-4112-a022-db331c54e2b6,text,6d7906db-737f-4112-a022-db331c54e2b6.2. 51425 АРБП .pdf,АО ГК «СЕРВИС-ТЕЛЕКОМ»,1151842387,770701001,"ООО ""НОРД-КОМ""",5262215891,526201001,mismatch,mismatch,mismatch
13510,96844f72-5dcf-4020-8ca8-3cb044e72124,text,96844f72-5dcf-4020-8ca8-3cb044e72124.Истекает срок оплаты счета_735134358_18.02.2026.pdf,"ПАО ""МегаФон""",7702000001,770201001,"Уральский филиал ПАО ""МегаФон"".",7812014560,667003001,mismatch,mismatch,match
13511,18d8524e-f78a-441e-b89e-dc58e8015a96,text,18d8524e-f78a-441e-b89e-dc58e8015a96.вымпел. перем. апрель.pdf,ПАО «Вятэнерго»,0000000000,000000000,"ООО ""Юнион""",5012014335,501201001,mismatch,mismatch,mismatch
13512,4f7e1138-802f-4f36-b9f5-5ff3ce6e0fd0,text,4f7e1138-802f-4f36-b9f5-5ff3ce6e0fd0.183095886449_31.03.2026.pdf,"ПАО ""МегаФон""",7812014560,780143001,"Северо-Западный филиал ПАО ""МегаФон""",7812014560,784143001,match,mismatch,match
13518,4461e471-9291-4f3c-93fb-b528d7fcc1c5,text,4461e471-9291-4f3c-93fb-b528d7fcc1c5.65 Акт приема.pdf,ИП Таурайте Милана Вальдовна,322732500000,,Таурайте Милана Вальдовна,732593719589,,mismatch,both_missing,match
13520,9a69c59e-3c0e-407c-b59f-c2776d4e8a5d,text,9a69c59e-3c0e-407c-b59f-c2776d4e8a5d.Запрос акта сверки за 2025 год.pdf,ООО «НПК «СПЕЦИАЛЬНАЯ МЕТАЛЛУРГИЯ - ВЛАДИВОСТОК»,2536323600,253601001,"ООО ""НПК ""СПЕЦИАЛЬНАЯ МЕТАЛЛУРГИЯ - ВЛАДИВОСТОК""",2536323600,254301001,match,mismatch,match
13525,5dc8012c-61aa-4476-994a-41a8668e1546,text,5dc8012c-61aa-4476-994a-41a8668e1546.2260400015727_docs.pdf,"ООО ""Оранж Бизнес Сервисез""",103771001096,770701001,"ООО ""ОРАНЖ БИЗНЕС СЕРВИСЕЗ""",7710456087,770701001,mismatch,match,match
13533,1b7d7caf-47c2-49c2-ad43-925d41427a75,text,1b7d7caf-47c2-49c2-ad43-925d41427a75.Счет № 1000000697947 - 7382745769 от 31.12.2025.pdf,"ПАО ""МТС""",7740000076,420502001,"ПАО ""МТС""",7740000076,997750001,match,mismatch,match
13536,27250a57-425a-4fa4-bbfb-73ac7aaf2bcf,text,27250a57-425a-4fa4-bbfb-73ac7aaf2bcf.Счет № 218307385611 - 6589456761 от 30.04.2026.pdf,ПАО «МТС»,7740000076,183502001,"ПАО ""МТС""",7740000076,997750001,match,mismatch,match
13537,a5120980-b3d7-45d0-af16-5bf1ae1de3ef,text,a5120980-b3d7-45d0-af16-5bf1ae1de3ef.Proforma_Invoice_2BM-7713076301-2012052807251168061080000000000_2BM-7826156685-783801001-201401201117022305126_20260604_4d62fbb8-22bc-4838-b7dd-e9f40c2ea1d1.pdf,"ООО ""КОМУС""",7721793895,772201001,"ООО ""Деловые Линии""",7826156685,997650001,mismatch,mismatch,mismatch
13539,9fc47076-aa56-4b32-84be-2bf00e71e8f4,text,9fc47076-aa56-4b32-84be-2bf00e71e8f4.2260500017015_docs.pdf,"ООО ""Оранж Бизнес Сервисез""",103771001096,770701001,"ООО ""ОРАНЖ БИЗНЕС СЕРВИСЕЗ""",7710456087,770701001,mismatch,match,match
13544,ddc0db77-e723-4e6d-a13b-fa100505ece5,text,ddc0db77-e723-4e6d-a13b-fa100505ece5.ТД Самара-М коммунальные январь.pdf,"ООО ТД ""Самара-М""",6318245758,631801001,"ООО ТОРГОВЫЙ ДОМ ""САМАРА-М""",6318245758,631801001,match,match,mismatch
13545,113c7e14-cafe-496c-978d-3670b0fe099c,text,113c7e14-cafe-496c-978d-3670b0fe099c.Proforma_Invoice_2BM-7713076301-2012052807251168061080000000000_2BM-7826156685-783801001-201401201117022305126_20260513_be20e4eb-e54f-4bd5-a00f-2248d5788ca7.pdf,"ООО ""КОМУС""",7721793895,772201001,"ООО ""Деловые Линии""",7826156685,997650001,mismatch,mismatch,mismatch
13547,44a92bf0-300b-4955-95a8-1f34cb9662c9,text,44a92bf0-300b-4955-95a8-1f34cb9662c9.Proforma_Invoice_2BM-7713076301-2012052807251168061080000000000_2BM-7826156685-783801001-201401201117022305126_20260420_bedecb52-c955-4100-b11c-0eadc05cd6ed.pdf,"ООО ""КОМУС""",7721793895,997350001,"ООО ""Деловые Линии""",7826156685,997650001,mismatch,mismatch,mismatch
13549,dffb3863-d12f-4c8f-9460-76e12f183f1c,text,dffb3863-d12f-4c8f-9460-76e12f183f1c.Proforma_Invoice_2BM-7713076301-2012052807251168061080000000000_2BM-7826156685-783801001-201401201117022305126_20260610_b9b8c9a4-0ddd-48d8-b1a2-50578647c9a7.pdf,"ООО ""КОМУС""",7721793895,772201001,"ООО ""Деловые Линии""",7826156685,997650001,mismatch,mismatch,mismatch
13557,590a8a67-9b4a-4c20-aa4d-3a081836b436,text,590a8a67-9b4a-4c20-aa4d-3a081836b436.Акт организации к БЗ-1 (Барнаул.pdf,Банк ВТБ (ПАО),7606083895,760601001,БАНК ВТБ (ПАО),7702070139,784201001,mismatch,mismatch,match
13561,979ed1ea-7b1d-4f9e-a62a-9f90a23d34d2,text,979ed1ea-7b1d-4f9e-a62a-9f90a23d34d2.Proforma_Invoice_2BM-7713076301-2012052807251168061080000000000_2BM-7826156685-783801001-201401201117022305126_20260512_3dbc72e7-5ef0-462a-b2d0-bbdad6e96e00.pdf,"ООО ""КОМУС""",7721793895,772201001,"ООО ""Деловые Линии""",7826156685,997650001,mismatch,mismatch,mismatch
13562,1f318736-f905-4803-bf12-f242a79f6458,text,1f318736-f905-4803-bf12-f242a79f6458.2512_7713076301_482545001_848000017207_detkr_11.pdf,"АО КБ ""СИТИБАНК""",,,"Макрорегиональный филиал ""Центр"" ПАО ""Ростелеком""",7707049388,773443001,llm_missing,llm_missing,mismatch
13564,0e3e1518-eb0a-4382-b4fa-0287dc3f73e7,text,0e3e1518-eb0a-4382-b4fa-0287dc3f73e7.АКТ.pdf,Пузырев А.С.,319645100039,,Пузырев Арсений Сергеевич,641901849690,,mismatch,both_missing,mismatch
13567,d5b27d1a-623e-4d5e-a056-3b791327e482,text,d5b27d1a-623e-4d5e-a056-3b791327e482.2260500012377_docs.pdf,"ООО ""Оранж Бизнес Сервисез""",103771001096,770701001,"ООО ""ОРАНЖ БИЗНЕС СЕРВИСЕЗ""",7710456087,770701001,mismatch,match,match
13568,cfe58576-6c7e-422d-946d-900e65b8d7f3,text,cfe58576-6c7e-422d-946d-900e65b8d7f3.2260400017702_docs.pdf,"ООО ""Оранж Бизнес Сервисез""",103771001096,770701001,"ООО ""ОРАНЖ БИЗНЕС СЕРВИСЕЗ""",7710456087,770701001,mismatch,match,match
13569,a7650ed7-7aa3-4125-bd8c-841bae78b00b,text,a7650ed7-7aa3-4125-bd8c-841bae78b00b.Счет № 622422 - 1 от 28.02.2026.pdf,"ПАО ""Мобильные ТелеСистемы""",7740000076,997750001,"ПАО ""МТС""",7740000076,997750001,match,match,mismatch
13570,6fefb6b6-a8f5-4d19-a87c-0a460586df1a,text,6fefb6b6-a8f5-4d19-a87c-0a460586df1a.5 Вымпелком.pdf,ООО «Газпром трансгаз Казань»,7707083893,770701001,"ООО ""Газпром трансгаз Казань""",1600000036,168150001,mismatch,mismatch,match
13572,36b04c5a-56b7-4d8e-84f0-75d54875f0e6,text,36b04c5a-56b7-4d8e-84f0-75d54875f0e6.Истекает срок оплаты счета_735109246_23.06.2026.pdf,"ПАО ""МегаФон""",7707083893,770701001,"Уральский филиал ПАО ""МегаФон"".",7812014560,667003001,mismatch,mismatch,match
13577,867ff66d-efcb-4649-bd52-2bb625f92075,text,867ff66d-efcb-4649-bd52-2bb625f92075.Акт сверки RU20 01.05.2026 - 31.05.2026.PDF,"ООО ""ХАЙДЕЛЬБЕРГЦЕМЕНТ РУС""",5036074848,503601001,"ООО ""ХайдельбергЦемент Рус""",5036074848,470701001,match,mismatch,match
13581,ddd23dad-5077-4e9f-ac18-9df9438b14cf,text,ddd23dad-5077-4e9f-ac18-9df9438b14cf.Proforma_Invoice_2BM-7713076301-2012052807251168061080000000000_2BM-7826156685-783801001-201401201117022305126_20260630_94d2601f-ee5c-4628-9e65-a5ffa9227d6d.pdf,"ООО ""КОМУС""",7721793895,772201001,"ООО ""Деловые Линии""",7826156685,997650001,mismatch,mismatch,mismatch
13582,9b450b8c-0e71-4204-b247-efdb2568d48a,text,9b450b8c-0e71-4204-b247-efdb2568d48a.Счет № 902102 - 2 от 31.01.2026.pdf,"ПАО ""Мобильные ТелеСистемы""",7740000076,997750001,"ПАО ""МТС""",7740000076,997750001,match,match,mismatch
13584,9173497b-b076-47cd-bfe8-4a55927286cd,text,9173497b-b076-47cd-bfe8-4a55927286cd.Акт Новое Шигалеево от 30.01.2026.pdf,ИП Ленинг В.А.,,,ИП Ленинг Виталий Александрович,561006528520,,llm_missing,both_missing,mismatch
13585,8e068c7d-901c-495c-a535-8210c4b1bbf7,text,8e068c7d-901c-495c-a535-8210c4b1bbf7.Счет № 906196 - 3 от 31.01.2026.pdf,"Публичное акционерное общество ""Мобильные ТелеСистемы""",7740000076,997750001,"ПАО ""МТС""",7740000076,997750001,match,match,mismatch
13595,1de7604e-ab2e-4784-b111-67a5928abe23,text,1de7604e-ab2e-4784-b111-67a5928abe23.АКТ №4 от 30.04.2026.pdf,АО «Ростелеком»,7706920000,770692000,"ПАО ""РОССЕТИ ЦЕНТР""",6901067107,997650001,mismatch,mismatch,mismatch
13596,526faaab-11bb-4502-92dc-e391140d95a1,text,526faaab-11bb-4502-92dc-e391140d95a1.АКТ №6 от 30.06.2026.pdf,АО «Ростелеком»,7725000001,772500000,"ПАО ""РОССЕТИ ЦЕНТР""",6901067107,997650001,mismatch,mismatch,mismatch
13599,0580049f-1d3b-46d8-94fa-da2de501a42a,text,0580049f-1d3b-46d8-94fa-da2de501a42a.Счет № 525891 - 368923 от 31.01.2026.pdf,"ПАО ""Мобильные ТелеСистемы""",7740000076,997750001,"ПАО ""МТС""",7740000076,997750001,match,match,mismatch
13600,ee609c9f-d147-4743-9d6e-d84861c03d42,text,ee609c9f-d147-4743-9d6e-d84861c03d42.Ф28 51823.pdf,ООО «Теле-Нова»,7707083893,770701001,"ООО ""ТЕЛЕКОМРАЗВИТИЕ""",5261113826,526101001,mismatch,mismatch,mismatch
13601,9c82e572-e646-467d-98bc-7b5925b92610,text,9c82e572-e646-467d-98bc-7b5925b92610.Форма28_акт допуска эл.установки 26869.pdf,ООО «СМП «Форвард»,1962470000,196247000,"ООО ""СМП Форвард""",7807372391,781001001,mismatch,mismatch,match
13602,c5a755d9-0f34-4b00-b78c-95a493e69dae,text,c5a755d9-0f34-4b00-b78c-95a493e69dae.2260400013578_docs.pdf,"ООО ""Оранж Бизнес Сервисез""",103771001096,771045608,"ООО ""ОРАНЖ БИЗНЕС СЕРВИСЕЗ""",7710456087,770701001,mismatch,mismatch,match
13605,61d2f470-d5b1-450a-bba0-40e2179c48a1,text,61d2f470-d5b1-450a-bba0-40e2179c48a1.Акт к Заказу № 01-04-2026-СТК-ЮГ.pdf,ООО «СТК-Юг»,111230800666,111230800,"ООО ""СТК-Юг""",2308180857,230801001,mismatch,mismatch,match
13608,a055132c-4613-48ff-a961-a080298854cd,text,a055132c-4613-48ff-a961-a080298854cd.Proforma_Invoice_2BM-7713076301-2012052807251168061080000000000_2BM-7826156685-783801001-201401201117022305126_20260604_8b980f4b-7968-48c8-8cb6-62fdfcac0220.pdf,"ООО ""КОМУС""",7721793895,772201001,"ООО ""Деловые Линии""",7826156685,997650001,mismatch,mismatch,mismatch
13610,38a07a65-56ce-4c25-a42e-59d607c95fac,text,38a07a65-56ce-4c25-a42e-59d607c95fac.Истекает срок оплаты счета_735177194_18.02.2026.pdf,"ПАО ""МегаФон""",7702000123,770201001,"Поволжский филиал ПАО ""МегаФон""",7812014560,631643002,mismatch,mismatch,match
13615,14587506-2906-4aba-a8e3-f286c2592191,text,14587506-2906-4aba-a8e3-f286c2592191.Счет № 904261 - 1 от 28.02.2026.pdf,"Публичное акционерное общество ""Мобильные ТелеСистемы""",7740000076,997750001,"ПАО ""МТС""",7740000076,997750001,match,match,mismatch
13619,0226ea0b-c178-4e0f-9631-4f702b277a2b,text,0226ea0b-c178-4e0f-9631-4f702b277a2b.Истекает срок оплаты счета_735164320_23.06.2026.pdf,"ПАО ""МегаФон""",7702002628,770201001,"Поволжский филиал ПАО ""МегаФон""",7812014560,631643002,mismatch,mismatch,match
13623,06ced952-f5cb-4721-bd99-e32f59675b54,text,06ced952-f5cb-4721-bd99-e32f59675b54.Форма28_акт допуска эл.установки 26866-ВЛ_М-12 Луговой.pdf,ООО «СМП «Форвард»,1962473002,196247001,"ООО ""СМП Форвард""",7807372391,781001001,mismatch,mismatch,match
13626,dd112cf8-9836-4be6-abf8-552bc62e40d7,text,dd112cf8-9836-4be6-abf8-552bc62e40d7.Истекает срок оплаты счета_735012968_19.03.2026.pdf,"ПАО ""МегаФон""",7702000001,770201001,"Центральный филиал ПАО ""МегаФон""",7812014560,526202001,mismatch,mismatch,match
13629,9fec07be-92f2-46c8-9489-5ee0a32a50dd,text,9fec07be-92f2-46c8-9489-5ee0a32a50dd.Счет.pdf,"ОАО ""ЕКАТЕРИНБУРГСКОЕ ТАКСИ""",6663012001,666301200,Тестовая организация №5970977,9659709772,965901000,mismatch,mismatch,mismatch
13631,1bdf32ce-d0fa-4d6f-a06a-e4db48deeb3f,text,1bdf32ce-d0fa-4d6f-a06a-e4db48deeb3f.Истекает срок оплаты счета_735126643_22.04.2026.pdf,"ПАО ""МегаФон""",7702002628,770201001,"Поволжский филиал ПАО ""МегаФон""",7812014560,631643002,mismatch,mismatch,match
13633,90076201-0f2b-44d7-a2e6-0e7b5ffd6bfb,text,90076201-0f2b-44d7-a2e6-0e7b5ffd6bfb.Akt_32_(1).pdf,"ООО ""ПРАЙМ ГРУП""",7707083893,770701001,"ООО ""ПРАЙМ ГРУП""",5405385728,540701001,mismatch,mismatch,match
13634,4d16f99f-714e-4d95-8489-ff4935ff7aca,text,4d16f99f-714e-4d95-8489-ff4935ff7aca.Akt_39_(1).pdf,"ООО ""ПРАЙМ ГРУП""",7707011506,770701001,"ООО ""ПРАЙМ ГРУП""",5405385728,540701001,mismatch,mismatch,match
13637,f2c41d35-d30b-4ab0-a091-aacb7fe95795,text,f2c41d35-d30b-4ab0-a091-aacb7fe95795.Истекает срок оплаты счета_735129406_23.06.2026.pdf,"ПАО ""МегаФон""",7702000122,770201001,"Уральский филиал ПАО ""МегаФон"".",7812014560,667003001,mismatch,mismatch,match
13644,d2f491a6-eafc-4c55-b101-0b2850b72524,text,d2f491a6-eafc-4c55-b101-0b2850b72524.Счет № 253332251538 - 5496205063 от 28.02.2026.pdf,ПАО «МТС»,7740000076,532102001,"ПАО ""МТС""",7740000076,997750001,match,mismatch,match
13646,c4179be4-50d1-42c6-a85c-a708c106918c,text,c4179be4-50d1-42c6-a85c-a708c106918c.Исх 204-05-26 от 20.05.2026 ПАО ВымпелКом.pdf,ООО «ГРАНДАИС»,771523351007,772601001,"ООО ""ГРАНДАЙС""",7715233510,772601001,mismatch,match,match
13649,df3446a9-4364-44ef-af1b-e55eb5a5877a,text,df3446a9-4364-44ef-af1b-e55eb5a5877a.Истекает срок оплаты счета_735170975_PST_22.04.2026.pdf,"ПАО ""МегаФон""",7702000122,770201001,"Дальневосточный филиал ПАО ""МегаФон""",7812014560,272143001,mismatch,mismatch,match
13651,0024f8aa-bd2c-4329-8cb3-825dd7f14672,text,0024f8aa-bd2c-4329-8cb3-825dd7f14672.Счет № 832083 - 1 от 31.03.2026.pdf,"ПАО ""Мобильные ТелеСистемы""",7740000076,781343001,"ПАО ""МТС""",7740000076,997750001,match,mismatch,mismatch
13653,d10d4200-d3d6-4bd0-b4d1-d9624cdea334,text,d10d4200-d3d6-4bd0-b4d1-d9624cdea334.Счет № 240324457529 - 11579621927 от 31.01.2026.pdf,ПАО «МТС»,7740000076,402902001,"ПАО ""МТС""",7740000076,997750001,match,mismatch,match
13656,33120dfb-6cb3-4798-82d0-c678268652c0,text,33120dfb-6cb3-4798-82d0-c678268652c0.Истекает срок оплаты счета_735120549_23.06.2026.pdf,"ПАО ""МегаФон""",7707089522,770701001,"Поволжский филиал ПАО ""МегаФон""",7812014560,631643002,mismatch,mismatch,match
13658,e3f2ffa6-5ef7-4f4f-b6cb-f59eba2c5e46,text,e3f2ffa6-5ef7-4f4f-b6cb-f59eba2c5e46.Ф28 55055 Богдашкино.pdf,ООО «Арзид»,432027000000,432027000,"ООО ""АРЗИД""",7325151541,732501001,mismatch,mismatch,match
13662,a978fded-a8b2-4699-93f9-468ea697e829,text,a978fded-a8b2-4699-93f9-468ea697e829.Счет итоговый 19135 (0).pdf,"ПАО ""Кузбассэнергосбыт""",4205109214,420501001,"ПАО ""Кузбассэнергосбыт""",4205109214,775050001,match,mismatch,match
13664,7f628b5a-6895-446f-88ed-4eea52aa3724,text,7f628b5a-6895-446f-88ed-4eea52aa3724.Proforma_Invoice_2BM-7713076301-2012052807251168061080000000000_2BM-7826156685-783801001-201401201117022305126_20260602_f24392c5-1c70-41fe-895b-a1abfb5f235c.pdf,"ООО ""КОМУС""",7721793895,772201001,"ООО ""Деловые Линии""",7826156685,997650001,mismatch,mismatch,mismatch
13667,5fddec72-3456-43a9-a874-52162a130289,text,5fddec72-3456-43a9-a874-52162a130289.Счет № 907475 - 1 от 31.01.2026.pdf,"Публичное акционерное общество ""Мобильные ТелеСистемы""",7740000076,997750001,"ПАО ""МТС""",7740000076,997750001,match,match,mismatch
13670,c4a13b83-dd16-47e0-953c-6c30d5b1fe83,text,c4a13b83-dd16-47e0-953c-6c30d5b1fe83.Счет № 832148 - 1 от 31.03.2026.pdf,"ПАО ""Мобильные ТелеСистемы""",7740000076,781343001,"ПАО ""МТС""",7740000076,997750001,match,mismatch,mismatch
13671,353a4e5c-7846-401a-b2fc-4a528edf0ccf,text,353a4e5c-7846-401a-b2fc-4a528edf0ccf.Счет № 256358377081 - 6611063253 от 31.05.2026.pdf,"ПАО ""МТС""",7740000076,561002001,"ПАО ""МТС""",7740000076,997750001,match,mismatch,match
13674,65cbe87d-b23f-463e-ab94-51b9b9e4934b,text,65cbe87d-b23f-463e-ab94-51b9b9e4934b.Истекает срок оплаты счета_735177194_22.04.2026.pdf,"ПАО ""МегаФон""",7702000122,770201001,"Поволжский филиал ПАО ""МегаФон""",7812014560,631643002,mismatch,mismatch,match
13675,10f24e0b-64ca-46e9-98fb-0d25511ffe70,text,10f24e0b-64ca-46e9-98fb-0d25511ffe70.77 Акт приема.pdf,ИП Таурайте Милана Вальдовна,322732500000,,Таурайте Милана Вальдовна,732593719589,,mismatch,both_missing,match
13677,39bd80fe-6b0c-473e-9b41-65ae402832a4,text,39bd80fe-6b0c-473e-9b41-65ae402832a4.Отчет.pdf,МУП Теплоэнергия,,,"АО ""СЕВЕРСТАЛЬ-ИНФОКОМ""",3528007105,352801001,llm_missing,llm_missing,mismatch
13678,c97d8bfa-e2ab-40d3-ace3-db75e1046929,text,c97d8bfa-e2ab-40d3-ace3-db75e1046929.Истекает срок оплаты счета_623139346016_20.04.2026.pdf,"ПАО ""МегаФон""",7707083893,770701001,"Уральский филиал ПАО ""МегаФон"".",7812014560,667003001,mismatch,mismatch,match
13684,e30c4948-90c1-454d-a918-5732c4ff83b7,text,e30c4948-90c1-454d-a918-5732c4ff83b7.Proforma_Invoice_2BM-7713076301-2012052807251168061080000000000_2BM-7826156685-783801001-201401201117022305126_20260610_acb199fc-62c7-46cc-bbc6-0462193f2dd8.pdf,"ООО ""КОМУС""",7721793895,772201001,"ООО ""Деловые Линии""",7826156685,997650001,mismatch,mismatch,mismatch
13686,be86f5f0-4232-4d92-aad5-3a9317702dce,text,be86f5f0-4232-4d92-aad5-3a9317702dce.2260100014136A_docs.pdf,"ООО ""Оранж Бизнес Сервисез""",103771001096,770701001,"ООО ""ОРАНЖ БИЗНЕС СЕРВИСЕЗ""",7710456087,770701001,mismatch,match,match
13687,b566fb06-5651-46d8-bcaf-15efb225cef0,text,b566fb06-5651-46d8-bcaf-15efb225cef0.Proforma_Invoice_2BM-7713076301-2012052807251168061080000000000_2BM-7826156685-783801001-201401201117022305126_20260514_23a81842-35aa-46bf-9cf3-1ac4485d2e21.pdf,"ООО ""КОМУС""",7721793895,997350001,"ООО ""Деловые Линии""",7826156685,997650001,mismatch,mismatch,mismatch
13688,df31925c-a02c-4501-8b4d-13986e40ccbb,text,df31925c-a02c-4501-8b4d-13986e40ccbb.Счет № 60308001836 - 7382745196 от 31.12.2025.pdf,"ПАО ""МТС""",7740000076,561002001,"ПАО ""МТС""",7740000076,997750001,match,mismatch,match
13689,17e401e9-e148-403e-8345-4241a26f93a3,text,17e401e9-e148-403e-8345-4241a26f93a3.Истекает срок оплаты счета_735140113_18.02.2026.pdf,"ПАО ""МегаФон""",7702000001,770201001,"Кавказский филиал ПАО ""МегаФон""",7812014560,230802001,mismatch,mismatch,match
13691,d49fdf97-3b57-435a-aeca-f6e182d77264,text,d49fdf97-3b57-435a-aeca-f6e182d77264.АКТ №5 от 31.05.2026.pdf,ȻDSAE>QA9D7B,,,"ПАО ""РОССЕТИ ЦЕНТР""",6901067107,997650001,llm_missing,llm_missing,mismatch
13692,cbd51b05-2848-4f10-b04a-03e2d2a56aa4,text,cbd51b05-2848-4f10-b04a-03e2d2a56aa4.АКТ СДАЧИ-ПРИЕМКИ УСЛУГ.pdf,Пузырев А.С.,319645100039,,Пузырев Арсений Сергеевич,641901849690,,mismatch,both_missing,mismatch
13695,4db0a77f-2239-442e-85d7-ee2f585fc4cb,text,4db0a77f-2239-442e-85d7-ee2f585fc4cb.Истекает срок оплаты счета_735129392_20.05.2026.pdf,"ПАО ""МегаФон""",7707083893,770701001,"ПАО ""МЕГАФОН""",7812014560,997750001,mismatch,mismatch,match
13697,9110bf41-6e7b-4c14-8420-2a0c3899a125,text,9110bf41-6e7b-4c14-8420-2a0c3899a125.RUST2_RUSBD_202603_orig_xlsx.pdf,ООО Т2 Мобайл,7743895280,997750001,"ООО ""Т2 МОБАЙЛ""",7743895280,775101001,match,mismatch,match
13699,fed43976-6b1c-46d2-8822-4eee7b928573,text,fed43976-6b1c-46d2-8822-4eee7b928573.Счет № 60308001836 - 7382785457 от 31.01.2026.pdf,"ПАО ""МТС""",7740000076,561002001,"ПАО ""МТС""",7740000076,997750001,match,mismatch,match
13703,02d19e29-a321-4ee8-8507-10e3066ffe10,text,02d19e29-a321-4ee8-8507-10e3066ffe10.Vympelkom__raschet_peremennoy_yanvar_2026.pdf,ООО «Спец-Строй»,,,"ООО ""Строй - пласт""",5047027575,504701001,llm_missing,llm_missing,mismatch
13705,4b97707f-fd70-4b6c-9baa-cd8fb525960c,text,4b97707f-fd70-4b6c-9baa-cd8fb525960c.Истекает срок оплаты счета_735123156_18.02.2026.pdf,"ПАО ""МегаФон""",7702000123,770201001,"ПАО ""МЕГАФОН""",7812014560,997750001,mismatch,mismatch,match
13706,2d3244b7-a224-4257-a76f-a4efe41d3dfc,text,2d3244b7-a224-4257-a76f-a4efe41d3dfc.2260400014136A_docs.pdf,"ООО ""Оранж Бизнес Сервисез""",103771001096,770701001,"ООО ""ОРАНЖ БИЗНЕС СЕРВИСЕЗ""",7710456087,770701001,mismatch,match,match
13711,1af79dfd-05d5-4791-93ce-b7853dd242bd,text,1af79dfd-05d5-4791-93ce-b7853dd242bd.Истекает срок оплаты счета_720422501_19.03.2026.pdf,"ПАО ""МегаФон""",7702000122,770201001,"Северо-Западный филиал ПАО ""МегаФон""",7812014560,784143001,mismatch,mismatch,match
13714,2f8b5162-0e42-41a2-8155-ebd863f09445,text,2f8b5162-0e42-41a2-8155-ebd863f09445.Акт к Заказу 04-2026-ТО-СТК-ЮГ.pdf,ООО «СТК-Юг»,111230800666,,"ООО ""СТК-Юг""",2308180857,230801001,mismatch,llm_missing,match
13725,e6b84320-e38f-49ed-8cdc-91cecd3eeb10,text,e6b84320-e38f-49ed-8cdc-91cecd3eeb10.Proforma_Invoice_2BM-7713076301-2012052807251168061080000000000_2BM-7826156685-783801001-201401201117022305126_20260416_09749151-86e4-428d-9fca-3b4b1fcf2702.pdf,"ООО ""КОМУС""",7721793895,772201001,"ООО ""Деловые Линии""",7826156685,997650001,mismatch,mismatch,mismatch
13726,dc7e4b92-e57c-4faf-8676-fb0a359eef05,text,dc7e4b92-e57c-4faf-8676-fb0a359eef05.ВымпелКом ПАО инф.отчет ин.комп..PDF,East Trading Group (FZE),,,"АО ""НКБ""",7714611569,773001001,llm_missing,llm_missing,mismatch
13729,dc49be91-a3ac-4cd4-b4db-95f485fdbd94,text,dc49be91-a3ac-4cd4-b4db-95f485fdbd94.2251200014136A_docs.pdf,"ООО ""Оранж Бизнес Сервисез""",103771001096,770701001,"ООО ""ОРАНЖ БИЗНЕС СЕРВИСЕЗ""",7710456087,770701001,mismatch,match,match
13731,aa06f7eb-9351-4d1c-b6b0-26038f2c3502,text,aa06f7eb-9351-4d1c-b6b0-26038f2c3502.20674 Акт технической готовности электромонтажных работ.pdf,ООО «ЭкспаГрупп»,7707083893,770701001,"ООО ""ЭкспаГрупп""",7716668031,770901001,mismatch,mismatch,match
13732,5f86c3e6-3c40-40fc-956a-1cdca4702ba5,text,5f86c3e6-3c40-40fc-956a-1cdca4702ba5.Proforma_Invoice_2BM-7713076301-2012052807251168061080000000000_2BM-7826156685-783801001-201401201117022305126_20260604_3ff779fd-8110-4aa0-ac88-cc9f003ecac5.pdf,"ООО ""КОМУС""",7826156685,997650001,"ООО ""Деловые Линии""",7826156685,997650001,match,match,mismatch
13734,63bb6146-1474-438e-b7b5-598ae70e6444,text,63bb6146-1474-438e-b7b5-598ae70e6444.Клиентский счёт.pdf,"ПАО ""МТС""",7740000076,561002001,"ПАО ""МТС""",7740000076,997750001,match,mismatch,match
13740,7afbcdd8-011a-45fe-bc23-d0accf9aa778,text,7afbcdd8-011a-45fe-bc23-d0accf9aa778.Ф28_23019.pdf,ООО «Телетауэр»,108814900011,770701001,"ООО ""ТЕЛЕТАУЭР""",7743130852,775101001,mismatch,mismatch,match
13744,1f70fccd-5f3d-46a4-8699-d361c99da742,text,1f70fccd-5f3d-46a4-8699-d361c99da742.62 Акт приема.pdf,ИП Таурайте Милана Вальдовна,322732500000,,Таурайте Милана Вальдовна,732593719589,,mismatch,both_missing,match
13748,f5b78058-71fd-4285-974e-38db93c4e084,text,f5b78058-71fd-4285-974e-38db93c4e084.Счет № 264362884611 - 6611067323 от 31.05.2026.pdf,ПАО «МТС»,7740000076,645202001,"ПАО ""МТС""",7740000076,997750001,match,mismatch,match
13752,6a3bbe9d-94b6-41bb-a70c-ab63c0b6c5d2,text,6a3bbe9d-94b6-41bb-a70c-ab63c0b6c5d2.2260300015356_docs.pdf,"ООО ""Оранж Бизнес Сервисез""",103771001096,770701001,"ООО ""ОРАНЖ БИЗНЕС СЕРВИСЕЗ""",7710456087,770701001,mismatch,match,match
13753,9c4de443-c63b-4f68-8063-4f3ee79fdf89,text,9c4de443-c63b-4f68-8063-4f3ee79fdf89.Истекает срок оплаты счета_735134358_22.04.2026.pdf,"ПАО ""МегаФон""",7702000122,770201001,"Уральский филиал ПАО ""МегаФон"".",7812014560,667003001,mismatch,mismatch,match
13757,2b379dbc-71ce-41e8-888d-7fa051c41cec,text,2b379dbc-71ce-41e8-888d-7fa051c41cec.7833_Счет на оплату.pdf,"ООО ""ОБИТ""",1910140000,191010000,"ООО ""Обит""",7810204213,784201001,mismatch,mismatch,match
13758,e882588f-edf6-462d-962d-546aa5c82a1b,text,e882588f-edf6-462d-962d-546aa5c82a1b.2251200013685_docs.pdf,"ООО ""Оранж Бизнес Сервисез""",103771001096,771045608,"ООО ""ОРАНЖ БИЗНЕС СЕРВИСЕЗ""",7710456087,770701001,mismatch,mismatch,match
13760,d728a9af-045d-4633-bbb6-77250eee25fd,text,d728a9af-045d-4633-bbb6-77250eee25fd.Proforma_Invoice_2BM-7713076301-2012052807251168061080000000000_2BM-7826156685-783801001-201401201117022305126_20260527_23e4c76e-2489-4cac-9f15-ce017e0f971d.pdf,"ООО ""КОМУС""",7826156685,997650001,"ООО ""Деловые Линии""",7826156685,997650001,match,match,mismatch
13761,7197de7f-97c2-4635-8d56-91b022215a4e,text,7197de7f-97c2-4635-8d56-91b022215a4e.Счет № 60308001836 - 7382823546 от 28.02.2026.pdf,"ПАО ""МТС""",7740000076,561002001,"ПАО ""МТС""",7740000076,997750001,match,mismatch,match
13765,eecfdeab-ac4f-4a84-8c63-ed5e65ac5f39,text,eecfdeab-ac4f-4a84-8c63-ed5e65ac5f39.Истекает срок оплаты счета_735019487_25.02.2026.pdf,"ПАО ""МегаФон""",7702000001,770201001,"Кавказский филиал ПАО ""МегаФон""",7812014560,230802001,mismatch,mismatch,match
13772,3c2f9d70-05eb-41c6-8d84-a3eb32828089,text,3c2f9d70-05eb-41c6-8d84-a3eb32828089.Proforma_Invoice_2BM-7713076301-2012052807251168061080000000000_2BM-7826156685-783801001-201401201117022305126_20260617_35f5c4dc-0b03-440d-880c-50367d709c1a.pdf,"ООО ""КОМУС""",7721793895,772201001,"ООО ""Деловые Линии""",7826156685,997650001,mismatch,mismatch,mismatch
